StockCode,cluster_name,recommended_zone,picking_priority,actual_distance_saved,business_recommendation
85123A,High-Volume Products,Zone A,7831474,58.0,Place closer to packing area due to high product movement.
85099B,High-Volume Products,Zone A,7340746,,Place closer to packing area due to high product movement.
22423,High-Volume Products,Zone A,7033544,,Place closer to packing area due to high product movement.
47566,High-Volume Products,Zone A,5865485,,Place closer to packing area due to high product movement.
20725,High-Volume Products,Zone A,5430550,,Place closer to packing area due to high product movement.
22197,High-Volume Products,Zone A,4936032,,Place closer to packing area due to high product movement.
84879,High-Volume Products,Zone A,4877160,,Place closer to packing area due to high product movement.
22720,High-Volume Products,Zone A,4754705,,Place closer to packing area due to high product movement.
21212,High-Volume Products,Zone A,4539480,,Place closer to packing area due to high product movement.
22383,High-Volume Products,Zone A,4437105,,Place closer to packing area due to high product movement.
22457,High-Volume Products,Zone A,4382741,,Place closer to packing area due to high product movement.
20727,High-Volume Products,Zone A,4377847,,Place closer to packing area due to high product movement.
22469,High-Volume Products,Zone A,4231123,,Place closer to packing area due to high product movement.
21931,High-Volume Products,Zone A,4112032,,Place closer to packing area due to high product movement.
22386,High-Volume Products,Zone A,4086390,,Place closer to packing area due to high product movement.
22961,High-Volume Products,Zone A,4039112,,Place closer to packing area due to high product movement.
22411,High-Volume Products,Zone A,4029075,,Place closer to packing area due to high product movement.
22086,High-Volume Products,Zone A,3912680,59.0,Place closer to packing area due to high product movement.
22666,High-Volume Products,Zone A,3890722,54.0,Place closer to packing area due to high product movement.
22960,High-Volume Products,Zone A,3887288,53.0,Place closer to packing area due to high product movement.
22382,High-Volume Products,Zone A,3864380,56.0,Place closer to packing area due to high product movement.
23203,High-Volume Products,Zone A,3829641,55.0,Place closer to packing area due to high product movement.
20728,High-Volume Products,Zone A,3829500,54.0,Place closer to packing area due to high product movement.
82482,High-Volume Products,Zone A,3759800,53.0,Place closer to packing area due to high product movement.
22699,High-Volume Products,Zone A,3662535,52.0,Place closer to packing area due to high product movement.
22384,High-Volume Products,Zone A,3638420,,Place closer to packing area due to high product movement.
23298,High-Volume Products,Zone A,3590418,,Place closer to packing area due to high product movement.
22993,High-Volume Products,Zone A,3581674,,Place closer to packing area due to high product movement.
22178,High-Volume Products,Zone A,3579724,,Place closer to packing area due to high product movement.
22697,High-Volume Products,Zone A,3515110,,Place closer to packing area due to high product movement.
20724,High-Volume Products,Zone A,3499512,,Place closer to packing area due to high product movement.
22727,High-Volume Products,Zone A,3490371,,Place closer to packing area due to high product movement.
20726,High-Volume Products,Zone A,3396780,,Place closer to packing area due to high product movement.
23209,High-Volume Products,Zone A,3354390,,Place closer to packing area due to high product movement.
21080,High-Volume Products,Zone A,3325778,,Place closer to packing area due to high product movement.
22077,High-Volume Products,Zone A,3279470,,Place closer to packing area due to high product movement.
22726,High-Volume Products,Zone A,3275160,,Place closer to packing area due to high product movement.
23206,High-Volume Products,Zone A,3216780,,Place closer to packing area due to high product movement.
21790,High-Volume Products,Zone A,3148400,,Place closer to packing area due to high product movement.
22139,High-Volume Products,Zone A,3144778,,Place closer to packing area due to high product movement.
22470,High-Volume Products,Zone A,3141300,,Place closer to packing area due to high product movement.
85099C,High-Volume Products,Zone A,3136746,,Place closer to packing area due to high product movement.
23199,High-Volume Products,Zone A,3115908,,Place closer to packing area due to high product movement.
23084,High-Volume Products,Zone A,3104262,,Place closer to packing area due to high product movement.
84946,High-Volume Products,Zone A,3073380,,Place closer to packing area due to high product movement.
22629,High-Volume Products,Zone A,3018600,,Place closer to packing area due to high product movement.
22138,High-Volume Products,Zone A,3006546,,Place closer to packing area due to high product movement.
82494L,High-Volume Products,Zone A,3004820,,Place closer to packing area due to high product movement.
22355,High-Volume Products,Zone A,2980278,,Place closer to packing area due to high product movement.
21977,High-Volume Products,Zone A,2968504,,Place closer to packing area due to high product movement.
20914,High-Volume Products,Zone A,2933920,,Place closer to packing area due to high product movement.
21929,High-Volume Products,Zone A,2909860,,Place closer to packing area due to high product movement.
23301,High-Volume Products,Zone A,2906992,,Place closer to packing area due to high product movement.
21731,High-Volume Products,Zone A,2884053,,Place closer to packing area due to high product movement.
22630,High-Volume Products,Zone A,2878100,,Place closer to packing area due to high product movement.
20712,High-Volume Products,Zone A,2872064,,Place closer to packing area due to high product movement.
21232,High-Volume Products,Zone A,2856147,,Place closer to packing area due to high product movement.
21181,High-Volume Products,Zone A,2841735,,Place closer to packing area due to high product movement.
23201,High-Volume Products,Zone A,2841216,,Place closer to packing area due to high product movement.
84991,High-Volume Products,Zone A,2790360,,Place closer to packing area due to high product movement.
22112,High-Volume Products,Zone A,2788500,,Place closer to packing area due to high product movement.
22722,High-Volume Products,Zone A,2773050,,Place closer to packing area due to high product movement.
20719,High-Volume Products,Zone A,2764727,,Place closer to packing area due to high product movement.
21175,High-Volume Products,Zone A,2748173,,Place closer to packing area due to high product movement.
23245,High-Volume Products,Zone A,2693205,,Place closer to packing area due to high product movement.
21928,High-Volume Products,Zone A,2669472,,Place closer to packing area due to high product movement.
23202,High-Volume Products,Zone A,2664249,,Place closer to packing area due to high product movement.
21034,High-Volume Products,Zone A,2657421,,Place closer to packing area due to high product movement.
85099F,High-Volume Products,Zone A,2653616,,Place closer to packing area due to high product movement.
22910,High-Volume Products,Zone A,2651060,,Place closer to packing area due to high product movement.
22090,High-Volume Products,Zone A,2643774,,Place closer to packing area due to high product movement.
22728,High-Volume Products,Zone A,2595645,,Place closer to packing area due to high product movement.
22558,High-Volume Products,Zone A,2585428,,Place closer to packing area due to high product movement.
21754,High-Volume Products,Zone A,2561769,,Place closer to packing area due to high product movement.
22111,High-Volume Products,Zone A,2526567,,Place closer to packing area due to high product movement.
22379,High-Volume Products,Zone A,2502808,,Place closer to packing area due to high product movement.
22698,High-Volume Products,Zone A,2480895,,Place closer to packing area due to high product movement.
22356,High-Volume Products,Zone A,2479022,,Place closer to packing area due to high product movement.
POST,High-Volume Products,Zone A,2440042,,Place closer to packing area due to high product movement.
21733,High-Volume Products,Zone A,2427516,,Place closer to packing area due to high product movement.
21166,High-Volume Products,Zone A,2418435,,Place closer to packing area due to high product movement.
20723,High-Volume Products,Zone A,2397762,,Place closer to packing area due to high product movement.
23300,High-Volume Products,Zone A,2389216,,Place closer to packing area due to high product movement.
84978,High-Volume Products,Zone A,2388568,,Place closer to packing area due to high product movement.
22659,High-Volume Products,Zone A,2379762,,Place closer to packing area due to high product movement.
22326,High-Volume Products,Zone A,2343864,,Place closer to packing area due to high product movement.
84378,High-Volume Products,Zone A,2335850,,Place closer to packing area due to high product movement.
22554,High-Volume Products,Zone A,2317568,,Place closer to packing area due to high product movement.
DOT,Active/Regular Products,Zone B,2312150,,Keep in an easily accessible zone for regular picking.
22624,High-Volume Products,Zone A,2311461,,Place closer to packing area due to high product movement.
84380,High-Volume Products,Zone A,2309616,,Place closer to packing area due to high product movement.
21930,High-Volume Products,Zone A,2307465,,Place closer to packing area due to high product movement.
22467,High-Volume Products,Zone A,2293608,,Place closer to packing area due to high product movement.
20685,High-Volume Products,Zone A,2265480,,Place closer to packing area due to high product movement.
22966,High-Volume Products,Zone A,2240480,,Place closer to packing area due to high product movement.
85152,High-Volume Products,Zone A,2214467,,Place closer to packing area due to high product movement.
22907,High-Volume Products,Zone A,2214350,,Place closer to packing area due to high product movement.
23355,High-Volume Products,Zone A,2213842,,Place closer to packing area due to high product movement.
23207,High-Volume Products,Zone A,2212600,,Place closer to packing area due to high product movement.
22385,High-Volume Products,Zone A,2208234,,Place closer to packing area due to high product movement.
82484,High-Volume Products,Zone A,2201590,,Place closer to packing area due to high product movement.
22662,High-Volume Products,Zone A,2195358,,Place closer to packing area due to high product movement.
22551,High-Volume Products,Zone A,2191961,,Place closer to packing area due to high product movement.
79321,High-Volume Products,Zone A,2190554,,Place closer to packing area due to high product movement.
23284,High-Volume Products,Zone A,2189824,,Place closer to packing area due to high product movement.
21213,High-Volume Products,Zone A,2166684,,Place closer to packing area due to high product movement.
82580,High-Volume Products,Zone A,2163699,,Place closer to packing area due to high product movement.
22835,High-Volume Products,Zone A,2160216,,Place closer to packing area due to high product movement.
20713,High-Volume Products,Zone A,2152989,,Place closer to packing area due to high product movement.
22969,High-Volume Products,Zone A,2135676,,Place closer to packing area due to high product movement.
21915,High-Volume Products,Zone A,2125115,,Place closer to packing area due to high product movement.
23344,High-Volume Products,Zone A,2121508,,Place closer to packing area due to high product movement.
22865,High-Volume Products,Zone A,2086260,,Place closer to packing area due to high product movement.
84992,High-Volume Products,Zone A,2054715,,Place closer to packing area due to high product movement.
22114,High-Volume Products,Zone A,2040882,,Place closer to packing area due to high product movement.
22083,High-Volume Products,Zone A,2023370,,Place closer to packing area due to high product movement.
21485,High-Volume Products,Zone A,2022881,,Place closer to packing area due to high product movement.
22952,High-Volume Products,Zone A,2016702,,Place closer to packing area due to high product movement.
21755,Active/Regular Products,Zone B,2014687,,Keep in an easily accessible zone for regular picking.
21791,High-Volume Products,Zone A,2009170,,Place closer to packing area due to high product movement.
82583,High-Volume Products,Zone A,2001174,,Place closer to packing area due to high product movement.
22621,High-Volume Products,Zone A,1999347,,Place closer to packing area due to high product movement.
20972,High-Volume Products,Zone A,1988448,,Place closer to packing area due to high product movement.
84755,High-Volume Products,Zone A,1982232,,Place closer to packing area due to high product movement.
22909,High-Volume Products,Zone A,1969080,,Place closer to packing area due to high product movement.
84692,High-Volume Products,Zone A,1957131,,Place closer to packing area due to high product movement.
23208,High-Volume Products,Zone A,1953232,,Place closer to packing area due to high product movement.
21889,High-Volume Products,Zone A,1947666,,Place closer to packing area due to high product movement.
21975,High-Volume Products,Zone A,1940629,,Place closer to packing area due to high product movement.
21914,High-Volume Products,Zone A,1927791,,Place closer to packing area due to high product movement.
23307,High-Volume Products,Zone A,1895806,,Place closer to packing area due to high product movement.
20718,High-Volume Products,Zone A,1894050,,Place closer to packing area due to high product movement.
48138,High-Volume Products,Zone A,1891736,,Place closer to packing area due to high product movement.
21559,Active/Regular Products,Zone B,1878294,,Keep in an easily accessible zone for regular picking.
48194,Active/Regular Products,Zone B,1872496,,Keep in an easily accessible zone for regular picking.
22557,High-Volume Products,Zone A,1866102,,Place closer to packing area due to high product movement.
22553,Active/Regular Products,Zone B,1855280,,Keep in an easily accessible zone for regular picking.
22219,Active/Regular Products,Zone B,1853952,,Keep in an easily accessible zone for regular picking.
82486,Active/Regular Products,Zone B,1850090,,Keep in an easily accessible zone for regular picking.
48187,Active/Regular Products,Zone B,1836600,,Keep in an easily accessible zone for regular picking.
23321,High-Volume Products,Zone A,1836051,,Place closer to packing area due to high product movement.
22328,High-Volume Products,Zone A,1820854,,Place closer to packing area due to high product movement.
21174,Active/Regular Products,Zone B,1808218,,Keep in an easily accessible zone for regular picking.
22867,High-Volume Products,Zone A,1795514,,Place closer to packing area due to high product movement.
23200,High-Volume Products,Zone A,1787975,,Place closer to packing area due to high product movement.
22730,Active/Regular Products,Zone B,1780110,,Keep in an easily accessible zone for regular picking.
21935,Active/Regular Products,Zone B,1778150,,Keep in an easily accessible zone for regular picking.
21314,Active/Regular Products,Zone B,1777726,,Keep in an easily accessible zone for regular picking.
22556,High-Volume Products,Zone A,1774097,,Place closer to packing area due to high product movement.
22625,Active/Regular Products,Zone B,1767948,,Keep in an easily accessible zone for regular picking.
22144,Active/Regular Products,Zone B,1762016,,Keep in an easily accessible zone for regular picking.
22367,Active/Regular Products,Zone B,1761650,,Keep in an easily accessible zone for regular picking.
84970S,High-Volume Products,Zone A,1756527,,Place closer to packing area due to high product movement.
22113,Active/Regular Products,Zone B,1748076,,Keep in an easily accessible zone for regular picking.
82600,High-Volume Products,Zone A,1741820,,Place closer to packing area due to high product movement.
22900,Active/Regular Products,Zone B,1736514,,Keep in an easily accessible zone for regular picking.
22866,High-Volume Products,Zone A,1736064,,Place closer to packing area due to high product movement.
23204,High-Volume Products,Zone A,1734425,,Place closer to packing area due to high product movement.
84596B,Active/Regular Products,Zone B,1733040,,Keep in an easily accessible zone for regular picking.
22149,High-Volume Products,Zone A,1727426,,Place closer to packing area due to high product movement.
84375,Active/Regular Products,Zone B,1712304,,Keep in an easily accessible zone for regular picking.
22029,High-Volume Products,Zone A,1711169,,Place closer to packing area due to high product movement.
22577,High-Volume Products,Zone A,1707074,57.0,Place closer to packing area due to high product movement.
84836,High-Volume Products,Zone A,1705580,56.0,Place closer to packing area due to high product movement.
22998,High-Volume Products,Zone A,1703460,59.0,Place closer to packing area due to high product movement.
22616,High-Volume Products,Zone A,1699840,58.0,Place closer to packing area due to high product movement.
15036,High-Volume Products,Zone A,1692824,57.0,Place closer to packing area due to high product movement.
22189,High-Volume Products,Zone A,1684136,56.0,Place closer to packing area due to high product movement.
84988,Active/Regular Products,Zone B,1684020,,Keep in an easily accessible zone for regular picking.
21936,Active/Regular Products,Zone B,1678491,,Keep in an easily accessible zone for regular picking.
21843,Active/Regular Products,Zone B,1677368,,Keep in an easily accessible zone for regular picking.
84077,High-Volume Products,Zone A,1672410,56.0,Place closer to packing area due to high product movement.
20971,High-Volume Products,Zone A,1670922,55.0,Place closer to packing area due to high product movement.
21094,High-Volume Products,Zone A,1670063,54.0,Place closer to packing area due to high product movement.
21231,High-Volume Products,Zone A,1655777,57.0,Place closer to packing area due to high product movement.
20711,Active/Regular Products,Zone B,1654740,,Keep in an easily accessible zone for regular picking.
82483,Active/Regular Products,Zone B,1653978,,Keep in an easily accessible zone for regular picking.
22776,Active/Regular Products,Zone B,1644984,,Keep in an easily accessible zone for regular picking.
22417,High-Volume Products,Zone A,1641640,,Place closer to packing area due to high product movement.
22173,Active/Regular Products,Zone B,1632323,,Keep in an easily accessible zone for regular picking.
85066,Active/Regular Products,Zone B,1632255,,Keep in an easily accessible zone for regular picking.
21479,Active/Regular Products,Zone B,1625742,,Keep in an easily accessible zone for regular picking.
23322,Active/Regular Products,Zone B,1622494,,Keep in an easily accessible zone for regular picking.
23293,High-Volume Products,Zone A,1615704,,Place closer to packing area due to high product movement.
22555,High-Volume Products,Zone A,1599075,,Place closer to packing area due to high product movement.
22766,Active/Regular Products,Zone B,1597176,,Keep in an easily accessible zone for regular picking.
21523,Active/Regular Products,Zone B,1596862,,Keep in an easily accessible zone for regular picking.
21481,Active/Regular Products,Zone B,1591030,,Keep in an easily accessible zone for regular picking.
22620,Active/Regular Products,Zone B,1577961,,Keep in an easily accessible zone for regular picking.
22578,High-Volume Products,Zone A,1574912,,Place closer to packing area due to high product movement.
22196,Active/Regular Products,Zone B,1573176,,Keep in an easily accessible zone for regular picking.
85150,Active/Regular Products,Zone B,1553978,,Keep in an easily accessible zone for regular picking.
22352,Active/Regular Products,Zone B,1553968,,Keep in an easily accessible zone for regular picking.
21908,Active/Regular Products,Zone B,1550952,,Keep in an easily accessible zone for regular picking.
23240,Active/Regular Products,Zone B,1528672,,Keep in an easily accessible zone for regular picking.
22804,Active/Regular Products,Zone B,1525806,,Keep in an easily accessible zone for regular picking.
22595,High-Volume Products,Zone A,1506075,55.0,Place closer to packing area due to high product movement.
22147,Active/Regular Products,Zone B,1505049,,Keep in an easily accessible zone for regular picking.
21524,Active/Regular Products,Zone B,1496160,,Keep in an easily accessible zone for regular picking.
22150,Active/Regular Products,Zone B,1493388,,Keep in an easily accessible zone for regular picking.
22427,Active/Regular Products,Zone B,1492700,,Keep in an easily accessible zone for regular picking.
21154,Active/Regular Products,Zone B,1489653,,Keep in an easily accessible zone for regular picking.
22456,Active/Regular Products,Zone B,1488452,,Keep in an easily accessible zone for regular picking.
21165,Active/Regular Products,Zone B,1486190,,Keep in an easily accessible zone for regular picking.
84029G,Active/Regular Products,Zone B,1477062,,Keep in an easily accessible zone for regular picking.
84970L,Active/Regular Products,Zone B,1469255,,Keep in an easily accessible zone for regular picking.
84347,High-Volume Products,Zone A,1464638,,Place closer to packing area due to high product movement.
21430,Active/Regular Products,Zone B,1462959,,Keep in an easily accessible zone for regular picking.
22381,Active/Regular Products,Zone B,1462811,,Keep in an easily accessible zone for regular picking.
21155,Active/Regular Products,Zone B,1457910,,Keep in an easily accessible zone for regular picking.
22568,Active/Regular Products,Zone B,1457000,,Keep in an easily accessible zone for regular picking.
22141,Active/Regular Products,Zone B,1456459,,Keep in an easily accessible zone for regular picking.
22507,Active/Regular Products,Zone B,1454112,,Keep in an easily accessible zone for regular picking.
15056N,Active/Regular Products,Zone B,1441872,,Keep in an easily accessible zone for regular picking.
22619,Active/Regular Products,Zone B,1441079,,Keep in an easily accessible zone for regular picking.
21172,Active/Regular Products,Zone B,1439294,,Keep in an easily accessible zone for regular picking.
21210,Active/Regular Products,Zone B,1437822,,Keep in an easily accessible zone for regular picking.
21992,Active/Regular Products,Zone B,1431824,,Keep in an easily accessible zone for regular picking.
22424,Active/Regular Products,Zone B,1427376,,Keep in an easily accessible zone for regular picking.
21621,Active/Regular Products,Zone B,1426425,,Keep in an easily accessible zone for regular picking.
22489,High-Volume Products,Zone A,1422030,,Place closer to packing area due to high product movement.
22983,Active/Regular Products,Zone B,1422030,,Keep in an easily accessible zone for regular picking.
84997D,Active/Regular Products,Zone B,1421365,,Keep in an easily accessible zone for regular picking.
22951,High-Volume Products,Zone A,1421124,,Place closer to packing area due to high product movement.
22633,Active/Regular Products,Zone B,1418319,,Keep in an easily accessible zone for regular picking.
23198,Active/Regular Products,Zone B,1417400,,Keep in an easily accessible zone for regular picking.
22663,Active/Regular Products,Zone B,1417050,,Keep in an easily accessible zone for regular picking.
84596F,Active/Regular Products,Zone B,1415925,,Keep in an easily accessible zone for regular picking.
21169,Active/Regular Products,Zone B,1415700,,Keep in an easily accessible zone for regular picking.
22771,Active/Regular Products,Zone B,1411641,,Keep in an easily accessible zone for regular picking.
20676,Active/Regular Products,Zone B,1408960,,Keep in an easily accessible zone for regular picking.
21993,Active/Regular Products,Zone B,1402075,,Keep in an easily accessible zone for regular picking.
22749,Active/Regular Products,Zone B,1394594,,Keep in an easily accessible zone for regular picking.
82582,Active/Regular Products,Zone B,1394030,,Keep in an easily accessible zone for regular picking.
21932,Active/Regular Products,Zone B,1386614,,Keep in an easily accessible zone for regular picking.
22748,Active/Regular Products,Zone B,1383428,,Keep in an easily accessible zone for regular picking.
22652,Active/Regular Products,Zone B,1380919,,Keep in an easily accessible zone for regular picking.
22502,Active/Regular Products,Zone B,1376962,,Keep in an easily accessible zone for regular picking.
23343,Active/Regular Products,Zone B,1376116,,Keep in an easily accessible zone for regular picking.
23243,Active/Regular Products,Zone B,1370520,,Keep in an easily accessible zone for regular picking.
21985,High-Volume Products,Zone A,1369816,,Place closer to packing area due to high product movement.
22617,Active/Regular Products,Zone B,1367408,,Keep in an easily accessible zone for regular picking.
22692,Active/Regular Products,Zone B,1365769,,Keep in an easily accessible zone for regular picking.
23182,Active/Regular Products,Zone B,1363517,,Keep in an easily accessible zone for regular picking.
22759,Active/Regular Products,Zone B,1360950,,Keep in an easily accessible zone for regular picking.
23205,Active/Regular Products,Zone B,1359904,,Keep in an easily accessible zone for regular picking.
21891,High-Volume Products,Zone A,1357025,,Place closer to packing area due to high product movement.
22988,High-Volume Products,Zone A,1352648,,Place closer to packing area due to high product movement.
47591D,Active/Regular Products,Zone B,1352559,,Keep in an easily accessible zone for regular picking.
22745,Active/Regular Products,Zone B,1351908,,Keep in an easily accessible zone for regular picking.
21216,Active/Regular Products,Zone B,1349340,,Keep in an easily accessible zone for regular picking.
71459,High-Volume Products,Zone A,1347280,57.0,Place closer to packing area due to high product movement.
21934,Active/Regular Products,Zone B,1343148,,Keep in an easily accessible zone for regular picking.
21892,Active/Regular Products,Zone B,1341884,,Keep in an easily accessible zone for regular picking.
20717,Active/Regular Products,Zone B,1338588,,Keep in an easily accessible zone for regular picking.
85049E,Active/Regular Products,Zone B,1329250,,Keep in an easily accessible zone for regular picking.
22667,Active/Regular Products,Zone B,1327040,,Keep in an easily accessible zone for regular picking.
22501,Active/Regular Products,Zone B,1326545,,Keep in an easily accessible zone for regular picking.
22193,Active/Regular Products,Zone B,1325260,,Keep in an easily accessible zone for regular picking.
21668,Active/Regular Products,Zone B,1323673,,Keep in an easily accessible zone for regular picking.
22212,Active/Regular Products,Zone B,1319493,,Keep in an easily accessible zone for regular picking.
22725,Active/Regular Products,Zone B,1314816,,Keep in an easily accessible zone for regular picking.
23170,Active/Regular Products,Zone B,1312750,,Keep in an easily accessible zone for regular picking.
22694,Active/Regular Products,Zone B,1310175,,Keep in an easily accessible zone for regular picking.
22488,Active/Regular Products,Zone B,1310155,,Keep in an easily accessible zone for regular picking.
22487,Active/Regular Products,Zone B,1309308,,Keep in an easily accessible zone for regular picking.
21558,Active/Regular Products,Zone B,1307276,,Keep in an easily accessible zone for regular picking.
22371,Active/Regular Products,Zone B,1304968,,Keep in an easily accessible zone for regular picking.
21086,Active/Regular Products,Zone B,1302404,,Keep in an easily accessible zone for regular picking.
22082,Active/Regular Products,Zone B,1294485,,Keep in an easily accessible zone for regular picking.
23263,Active/Regular Products,Zone B,1293170,,Keep in an easily accessible zone for regular picking.
35970,Active/Regular Products,Zone B,1292760,,Keep in an easily accessible zone for regular picking.
22729,Active/Regular Products,Zone B,1292280,,Keep in an easily accessible zone for regular picking.
84029E,Active/Regular Products,Zone B,1289145,,Keep in an easily accessible zone for regular picking.
23295,Active/Regular Products,Zone B,1287600,,Keep in an easily accessible zone for regular picking.
22996,Active/Regular Products,Zone B,1287240,,Keep in an easily accessible zone for regular picking.
22561,Active/Regular Products,Zone B,1286010,,Keep in an easily accessible zone for regular picking.
21933,Active/Regular Products,Zone B,1283710,,Keep in an easily accessible zone for regular picking.
22413,Active/Regular Products,Zone B,1282144,,Keep in an easily accessible zone for regular picking.
22661,Active/Regular Products,Zone B,1279445,,Keep in an easily accessible zone for regular picking.
21669,Active/Regular Products,Zone B,1277550,,Keep in an easily accessible zone for regular picking.
21912,Active/Regular Products,Zone B,1273140,,Keep in an easily accessible zone for regular picking.
82581,Active/Regular Products,Zone B,1272915,,Keep in an easily accessible zone for regular picking.
23356,Active/Regular Products,Zone B,1272824,,Keep in an easily accessible zone for regular picking.
22750,Active/Regular Products,Zone B,1262128,,Keep in an easily accessible zone for regular picking.
21035,Active/Regular Products,Zone B,1261194,,Keep in an easily accessible zone for regular picking.
22844,Active/Regular Products,Zone B,1260480,,Keep in an easily accessible zone for regular picking.
22585,Active/Regular Products,Zone B,1252150,,Keep in an easily accessible zone for regular picking.
21976,Active/Regular Products,Zone B,1248954,,Keep in an easily accessible zone for regular picking.
21484,Active/Regular Products,Zone B,1247808,,Keep in an easily accessible zone for regular picking.
21672,Active/Regular Products,Zone B,1227818,,Keep in an easily accessible zone for regular picking.
22631,Active/Regular Products,Zone B,1226412,,Keep in an easily accessible zone for regular picking.
22734,Active/Regular Products,Zone B,1222112,,Keep in an easily accessible zone for regular picking.
22297,Active/Regular Products,Zone B,1220940,,Keep in an easily accessible zone for regular picking.
22195,Active/Regular Products,Zone B,1217845,,Keep in an easily accessible zone for regular picking.
22646,Active/Regular Products,Zone B,1216800,,Keep in an easily accessible zone for regular picking.
23309,High-Volume Products,Zone A,1210418,60.0,Place closer to packing area due to high product movement.
22560,Active/Regular Products,Zone B,1210179,,Keep in an easily accessible zone for regular picking.
22752,Active/Regular Products,Zone B,1208400,,Keep in an easily accessible zone for regular picking.
22499,Active/Regular Products,Zone B,1206755,,Keep in an easily accessible zone for regular picking.
21918,Active/Regular Products,Zone B,1199619,,Keep in an easily accessible zone for regular picking.
48184,Active/Regular Products,Zone B,1197394,,Keep in an easily accessible zone for regular picking.
21990,Active/Regular Products,Zone B,1196088,,Keep in an easily accessible zone for regular picking.
21218,Active/Regular Products,Zone B,1195002,,Keep in an easily accessible zone for regular picking.
21900,Active/Regular Products,Zone B,1191516,,Keep in an easily accessible zone for regular picking.
21888,Active/Regular Products,Zone B,1191456,,Keep in an easily accessible zone for regular picking.
23173,Active/Regular Products,Zone B,1191424,,Keep in an easily accessible zone for regular picking.
22964,Active/Regular Products,Zone B,1184652,,Keep in an easily accessible zone for regular picking.
22429,Active/Regular Products,Zone B,1175376,,Keep in an easily accessible zone for regular picking.
21982,Active/Regular Products,Zone B,1175366,,Keep in an easily accessible zone for regular picking.
22171,Active/Regular Products,Zone B,1172740,,Keep in an easily accessible zone for regular picking.
22084,Active/Regular Products,Zone B,1171532,,Keep in an easily accessible zone for regular picking.
23328,Active/Regular Products,Zone B,1167210,,Keep in an easily accessible zone for regular picking.
22795,Active/Regular Products,Zone B,1163984,,Keep in an easily accessible zone for regular picking.
22834,Active/Regular Products,Zone B,1163984,,Keep in an easily accessible zone for regular picking.
22979,Active/Regular Products,Zone B,1160907,,Keep in an easily accessible zone for regular picking.
21871,Active/Regular Products,Zone B,1155609,,Keep in an easily accessible zone for regular picking.
22169,Active/Regular Products,Zone B,1153572,,Keep in an easily accessible zone for regular picking.
82552,Active/Regular Products,Zone B,1150968,,Keep in an easily accessible zone for regular picking.
22908,Active/Regular Products,Zone B,1150875,,Keep in an easily accessible zone for regular picking.
22191,Active/Regular Products,Zone B,1148720,,Keep in an easily accessible zone for regular picking.
23493,Active/Regular Products,Zone B,1148720,,Keep in an easily accessible zone for regular picking.
21916,Active/Regular Products,Zone B,1146646,,Keep in an easily accessible zone for regular picking.
22570,Active/Regular Products,Zone B,1144490,,Keep in an easily accessible zone for regular picking.
22142,Active/Regular Products,Zone B,1140425,,Keep in an easily accessible zone for regular picking.
22632,Active/Regular Products,Zone B,1139936,,Keep in an easily accessible zone for regular picking.
22348,Active/Regular Products,Zone B,1139872,,Keep in an easily accessible zone for regular picking.
82551,Active/Regular Products,Zone B,1138293,,Keep in an easily accessible zone for regular picking.
22549,Active/Regular Products,Zone B,1137776,,Keep in an easily accessible zone for regular picking.
21974,Active/Regular Products,Zone B,1133280,,Keep in an easily accessible zone for regular picking.
22989,Active/Regular Products,Zone B,1127904,,Keep in an easily accessible zone for regular picking.
21137,High-Volume Products,Zone A,1127625,,Place closer to packing area due to high product movement.
20973,Active/Regular Products,Zone B,1127480,,Keep in an easily accessible zone for regular picking.
22027,Active/Regular Products,Zone B,1127268,,Keep in an easily accessible zone for regular picking.
21328,Active/Regular Products,Zone B,1126230,,Keep in an easily accessible zone for regular picking.
23171,Active/Regular Products,Zone B,1123188,,Keep in an easily accessible zone for regular picking.
21238,Active/Regular Products,Zone B,1120752,,Keep in an easily accessible zone for regular picking.
47590A,Active/Regular Products,Zone B,1117740,,Keep in an easily accessible zone for regular picking.
23308,Active/Regular Products,Zone B,1116968,,Keep in an easily accessible zone for regular picking.
21121,Active/Regular Products,Zone B,1114639,,Keep in an easily accessible zone for regular picking.
47590B,Active/Regular Products,Zone B,1109439,,Keep in an easily accessible zone for regular picking.
22492,High-Volume Products,Zone A,1108840,,Place closer to packing area due to high product movement.
22161,Active/Regular Products,Zone B,1108060,,Keep in an easily accessible zone for regular picking.
20975,Active/Regular Products,Zone B,1106272,,Keep in an easily accessible zone for regular picking.
84536A,Active/Regular Products,Zone B,1105522,,Keep in an easily accessible zone for regular picking.
22645,Active/Regular Products,Zone B,1105299,,Keep in an easily accessible zone for regular picking.
84997B,Active/Regular Products,Zone B,1104820,,Keep in an easily accessible zone for regular picking.
22037,Active/Regular Products,Zone B,1104480,,Keep in an easily accessible zone for regular picking.
22464,Active/Regular Products,Zone B,1104246,,Keep in an easily accessible zone for regular picking.
21671,Active/Regular Products,Zone B,1102572,,Keep in an easily accessible zone for regular picking.
21877,Active/Regular Products,Zone B,1100746,,Keep in an easily accessible zone for regular picking.
22665,Active/Regular Products,Zone B,1095412,,Keep in an easily accessible zone for regular picking.
85014B,Active/Regular Products,Zone B,1093400,,Keep in an easily accessible zone for regular picking.
21907,Active/Regular Products,Zone B,1093293,,Keep in an easily accessible zone for regular picking.
21673,Active/Regular Products,Zone B,1090620,,Keep in an easily accessible zone for regular picking.
22041,Active/Regular Products,Zone B,1090581,,Keep in an easily accessible zone for regular picking.
23313,Active/Regular Products,Zone B,1087512,,Keep in an easily accessible zone for regular picking.
21670,Active/Regular Products,Zone B,1085722,,Keep in an easily accessible zone for regular picking.
22627,Active/Regular Products,Zone B,1085637,,Keep in an easily accessible zone for regular picking.
22851,Active/Regular Products,Zone B,1082550,,Keep in an easily accessible zone for regular picking.
22791,Active/Regular Products,Zone B,1082265,,Keep in an easily accessible zone for regular picking.
21770,Active/Regular Products,Zone B,1075924,,Keep in an easily accessible zone for regular picking.
84947,Active/Regular Products,Zone B,1075700,,Keep in an easily accessible zone for regular picking.
22898,Active/Regular Products,Zone B,1074195,,Keep in an easily accessible zone for regular picking.
48185,Active/Regular Products,Zone B,1074195,,Keep in an easily accessible zone for regular picking.
22962,Active/Regular Products,Zone B,1071486,,Keep in an easily accessible zone for regular picking.
20974,Active/Regular Products,Zone B,1068550,,Keep in an easily accessible zone for regular picking.
21876,Active/Regular Products,Zone B,1065267,,Keep in an easily accessible zone for regular picking.
23103,Active/Regular Products,Zone B,1064705,,Keep in an easily accessible zone for regular picking.
23241,Active/Regular Products,Zone B,1064316,,Keep in an easily accessible zone for regular picking.
23319,Active/Regular Products,Zone B,1063920,,Keep in an easily accessible zone for regular picking.
22668,Active/Regular Products,Zone B,1058115,,Keep in an easily accessible zone for regular picking.
84945,High-Volume Products,Zone A,1052451,,Place closer to packing area due to high product movement.
21156,Active/Regular Products,Zone B,1050730,,Keep in an easily accessible zone for regular picking.
22607,Active/Regular Products,Zone B,1050372,,Keep in an easily accessible zone for regular picking.
21136,Active/Regular Products,Zone B,1050060,,Keep in an easily accessible zone for regular picking.
23439,Active/Regular Products,Zone B,1049271,,Keep in an easily accessible zone for regular picking.
22847,Active/Regular Products,Zone B,1048288,,Keep in an easily accessible zone for regular picking.
47566B,Active/Regular Products,Zone B,1043170,,Keep in an easily accessible zone for regular picking.
84030E,Active/Regular Products,Zone B,1042748,,Keep in an easily accessible zone for regular picking.
22174,Active/Regular Products,Zone B,1042608,,Keep in an easily accessible zone for regular picking.
20749,Active/Regular Products,Zone B,1042526,,Keep in an easily accessible zone for regular picking.
22654,Active/Regular Products,Zone B,1040416,,Keep in an easily accessible zone for regular picking.
22192,Active/Regular Products,Zone B,1037695,,Keep in an easily accessible zone for regular picking.
23318,Active/Regular Products,Zone B,1036632,,Keep in an easily accessible zone for regular picking.
21122,Active/Regular Products,Zone B,1035784,,Keep in an easily accessible zone for regular picking.
21217,Active/Regular Products,Zone B,1033376,,Keep in an easily accessible zone for regular picking.
23296,Active/Regular Products,Zone B,1031562,,Keep in an easily accessible zone for regular picking.
21326,High-Volume Products,Zone A,1029860,,Place closer to packing area due to high product movement.
84032A,Active/Regular Products,Zone B,1021006,,Keep in an easily accessible zone for regular picking.
20750,Active/Regular Products,Zone B,1020250,,Keep in an easily accessible zone for regular picking.
71053,Active/Regular Products,Zone B,1019646,,Keep in an easily accessible zone for regular picking.
84987,Active/Regular Products,Zone B,1018700,,Keep in an easily accessible zone for regular picking.
22992,Active/Regular Products,Zone B,1017900,,Keep in an easily accessible zone for regular picking.
22746,Active/Regular Products,Zone B,1015160,,Keep in an easily accessible zone for regular picking.
22569,Active/Regular Products,Zone B,1013376,,Keep in an easily accessible zone for regular picking.
85049A,Active/Regular Products,Zone B,1010667,,Keep in an easily accessible zone for regular picking.
22579,Active/Regular Products,Zone B,1009944,,Keep in an easily accessible zone for regular picking.
22739,Active/Regular Products,Zone B,1009650,,Keep in an easily accessible zone for regular picking.
21385,Active/Regular Products,Zone B,1006475,,Keep in an easily accessible zone for regular picking.
23294,Active/Regular Products,Zone B,1003944,,Keep in an easily accessible zone for regular picking.
23256,Active/Regular Products,Zone B,1003536,,Keep in an easily accessible zone for regular picking.
22273,Active/Regular Products,Zone B,1003261,,Keep in an easily accessible zone for regular picking.
21506,Active/Regular Products,Zone B,1001946,,Keep in an easily accessible zone for regular picking.
21494,Active/Regular Products,Zone B,1001913,,Keep in an easily accessible zone for regular picking.
22637,Active/Regular Products,Zone B,992593,,Keep in an easily accessible zone for regular picking.
23108,Active/Regular Products,Zone B,989148,,Keep in an easily accessible zone for regular picking.
22431,Active/Regular Products,Zone B,988974,,Keep in an easily accessible zone for regular picking.
22151,High-Volume Products,Zone A,988032,,Place closer to packing area due to high product movement.
22079,Active/Regular Products,Zone B,984181,,Keep in an easily accessible zone for regular picking.
85053,Active/Regular Products,Zone B,983017,,Keep in an easily accessible zone for regular picking.
20677,Active/Regular Products,Zone B,980685,,Keep in an easily accessible zone for regular picking.
82578,Active/Regular Products,Zone B,979355,,Keep in an easily accessible zone for regular picking.
20979,Active/Regular Products,Zone B,978900,,Keep in an easily accessible zone for regular picking.
23168,Active/Regular Products,Zone B,973593,,Keep in an easily accessible zone for regular picking.
71477,Active/Regular Products,Zone B,970752,,Keep in an easily accessible zone for regular picking.
23077,High-Volume Products,Zone A,969048,,Place closer to packing area due to high product movement.
23351,Active/Regular Products,Zone B,968190,,Keep in an easily accessible zone for regular picking.
21901,Active/Regular Products,Zone B,967120,,Keep in an easily accessible zone for regular picking.
22963,Active/Regular Products,Zone B,966436,,Keep in an easily accessible zone for regular picking.
22418,Active/Regular Products,Zone B,966402,,Keep in an easily accessible zone for regular picking.
22296,Active/Regular Products,Zone B,964812,,Keep in an easily accessible zone for regular picking.
22712,Active/Regular Products,Zone B,958776,,Keep in an easily accessible zone for regular picking.
22505,Active/Regular Products,Zone B,956325,,Keep in an easily accessible zone for regular picking.
20679,Active/Regular Products,Zone B,953550,,Keep in an easily accessible zone for regular picking.
22109,Active/Regular Products,Zone B,950752,,Keep in an easily accessible zone for regular picking.
22294,Active/Regular Products,Zone B,948727,,Keep in an easily accessible zone for regular picking.
21989,Active/Regular Products,Zone B,947715,,Keep in an easily accessible zone for regular picking.
22899,Active/Regular Products,Zone B,946512,,Keep in an easily accessible zone for regular picking.
21868,Active/Regular Products,Zone B,943146,,Keep in an easily accessible zone for regular picking.
21874,Active/Regular Products,Zone B,942820,,Keep in an easily accessible zone for regular picking.
23188,Active/Regular Products,Zone B,942057,,Keep in an easily accessible zone for regular picking.
15056BL,Active/Regular Products,Zone B,940530,,Keep in an easily accessible zone for regular picking.
22845,Active/Regular Products,Zone B,939784,,Keep in an easily accessible zone for regular picking.
20754,Active/Regular Products,Zone B,936928,,Keep in an easily accessible zone for regular picking.
22940,Active/Regular Products,Zone B,935073,,Keep in an easily accessible zone for regular picking.
21533,Active/Regular Products,Zone B,933606,,Keep in an easily accessible zone for regular picking.
82567,Active/Regular Products,Zone B,933528,,Keep in an easily accessible zone for regular picking.
21535,Active/Regular Products,Zone B,933303,,Keep in an easily accessible zone for regular picking.
23275,Active/Regular Products,Zone B,932100,,Keep in an easily accessible zone for regular picking.
22670,Active/Regular Products,Zone B,931896,,Keep in an easily accessible zone for regular picking.
22941,Active/Regular Products,Zone B,931445,,Keep in an easily accessible zone for regular picking.
16237,Active/Regular Products,Zone B,930610,,Keep in an easily accessible zone for regular picking.
23175,Active/Regular Products,Zone B,929096,,Keep in an easily accessible zone for regular picking.
20675,Active/Regular Products,Zone B,928326,,Keep in an easily accessible zone for regular picking.
23192,Active/Regular Products,Zone B,927705,,Keep in an easily accessible zone for regular picking.
22378,Active/Regular Products,Zone B,927638,,Keep in an easily accessible zone for regular picking.
23311,Active/Regular Products,Zone B,923984,,Keep in an easily accessible zone for regular picking.
23349,Active/Regular Products,Zone B,920684,,Keep in an easily accessible zone for regular picking.
22817,Active/Regular Products,Zone B,920460,,Keep in an easily accessible zone for regular picking.
22158,Active/Regular Products,Zone B,919605,,Keep in an easily accessible zone for regular picking.
22087,Active/Regular Products,Zone B,918342,,Keep in an easily accessible zone for regular picking.
84997C,Active/Regular Products,Zone B,915220,,Keep in an easily accessible zone for regular picking.
20969,Active/Regular Products,Zone B,914695,,Keep in an easily accessible zone for regular picking.
21078,Active/Regular Products,Zone B,914586,,Keep in an easily accessible zone for regular picking.
22227,Active/Regular Products,Zone B,910061,,Keep in an easily accessible zone for regular picking.
21240,Active/Regular Products,Zone B,906425,,Keep in an easily accessible zone for regular picking.
21429,Active/Regular Products,Zone B,905476,,Keep in an easily accessible zone for regular picking.
22333,Active/Regular Products,Zone B,904401,,Keep in an easily accessible zone for regular picking.
21980,Active/Regular Products,Zone B,904068,,Keep in an easily accessible zone for regular picking.
22508,Active/Regular Products,Zone B,901912,,Keep in an easily accessible zone for regular picking.
23266,Active/Regular Products,Zone B,901175,,Keep in an easily accessible zone for regular picking.
23236,Active/Regular Products,Zone B,900885,,Keep in an easily accessible zone for regular picking.
21703,Active/Regular Products,Zone B,898170,,Keep in an easily accessible zone for regular picking.
22970,Active/Regular Products,Zone B,897427,,Keep in an easily accessible zone for regular picking.
22723,Active/Regular Products,Zone B,896800,,Keep in an easily accessible zone for regular picking.
23353,Active/Regular Products,Zone B,895326,,Keep in an easily accessible zone for regular picking.
22131,Active/Regular Products,Zone B,895116,,Keep in an easily accessible zone for regular picking.
22605,Active/Regular Products,Zone B,891917,,Keep in an easily accessible zone for regular picking.
23174,Active/Regular Products,Zone B,890330,,Keep in an easily accessible zone for regular picking.
22693,High-Volume Products,Zone A,889380,,Place closer to packing area due to high product movement.
22784,Active/Regular Products,Zone B,885638,,Keep in an easily accessible zone for regular picking.
22271,Active/Regular Products,Zone B,885241,,Keep in an easily accessible zone for regular picking.
22721,Active/Regular Products,Zone B,884763,,Keep in an easily accessible zone for regular picking.
21329,Active/Regular Products,Zone B,882525,,Keep in an easily accessible zone for regular picking.
72741,Active/Regular Products,Zone B,880088,,Keep in an easily accessible zone for regular picking.
22179,Active/Regular Products,Zone B,879427,,Keep in an easily accessible zone for regular picking.
23169,Active/Regular Products,Zone B,878886,,Keep in an easily accessible zone for regular picking.
22208,Active/Regular Products,Zone B,878080,,Keep in an easily accessible zone for regular picking.
22716,Active/Regular Products,Zone B,877824,,Keep in an easily accessible zone for regular picking.
21239,Active/Regular Products,Zone B,877713,,Keep in an easily accessible zone for regular picking.
23354,Active/Regular Products,Zone B,873908,,Keep in an easily accessible zone for regular picking.
22380,Active/Regular Products,Zone B,872100,,Keep in an easily accessible zone for regular picking.
23172,Active/Regular Products,Zone B,871995,,Keep in an easily accessible zone for regular picking.
47559B,Active/Regular Products,Zone B,869036,,Keep in an easily accessible zone for regular picking.
21164,Active/Regular Products,Zone B,866868,,Keep in an easily accessible zone for regular picking.
22327,Active/Regular Products,Zone B,866740,,Keep in an easily accessible zone for regular picking.
22751,Active/Regular Products,Zone B,863910,,Keep in an easily accessible zone for regular picking.
21899,Active/Regular Products,Zone B,863746,,Keep in an easily accessible zone for regular picking.
22419,Active/Regular Products,Zone B,862240,,Keep in an easily accessible zone for regular picking.
22361,Active/Regular Products,Zone B,860816,,Keep in an easily accessible zone for regular picking.
21033,Active/Regular Products,Zone B,859200,,Keep in an easily accessible zone for regular picking.
23581,Active/Regular Products,Zone B,859196,,Keep in an easily accessible zone for regular picking.
22895,Active/Regular Products,Zone B,857964,,Keep in an easily accessible zone for regular picking.
22602,Active/Regular Products,Zone B,856674,,Keep in an easily accessible zone for regular picking.
21981,Active/Regular Products,Zone B,856089,,Keep in an easily accessible zone for regular picking.
21242,Active/Regular Products,Zone B,855456,,Keep in an easily accessible zone for regular picking.
22110,Active/Regular Products,Zone B,851229,,Keep in an easily accessible zone for regular picking.
23264,Active/Regular Products,Zone B,850356,,Keep in an easily accessible zone for regular picking.
22980,Active/Regular Products,Zone B,848556,,Keep in an easily accessible zone for regular picking.
23196,Active/Regular Products,Zone B,845426,,Keep in an easily accessible zone for regular picking.
84832,Active/Regular Products,Zone B,845004,,Keep in an easily accessible zone for regular picking.
23320,Active/Regular Products,Zone B,844821,,Keep in an easily accessible zone for regular picking.
22754,Active/Regular Products,Zone B,843486,,Keep in an easily accessible zone for regular picking.
22738,Active/Regular Products,Zone B,841225,,Keep in an easily accessible zone for regular picking.
84406B,Active/Regular Products,Zone B,839504,,Keep in an easily accessible zone for regular picking.
84949,Active/Regular Products,Zone B,839260,,Keep in an easily accessible zone for regular picking.
22815,Active/Regular Products,Zone B,838036,,Keep in an easily accessible zone for regular picking.
48188,Active/Regular Products,Zone B,837466,,Keep in an easily accessible zone for regular picking.
22896,Active/Regular Products,Zone B,836928,,Keep in an easily accessible zone for regular picking.
21380,Active/Regular Products,Zone B,834620,,Keep in an easily accessible zone for regular picking.
22819,Active/Regular Products,Zone B,834570,,Keep in an easily accessible zone for regular picking.
22644,Active/Regular Products,Zone B,832416,,Keep in an easily accessible zone for regular picking.
23000,Active/Regular Products,Zone B,830942,,Keep in an easily accessible zone for regular picking.
21509,Active/Regular Products,Zone B,829398,,Keep in an easily accessible zone for regular picking.
23583,Active/Regular Products,Zone B,829075,,Keep in an easily accessible zone for regular picking.
85199S,Active/Regular Products,Zone B,823455,,Keep in an easily accessible zone for regular picking.
22816,Active/Regular Products,Zone B,823270,,Keep in an easily accessible zone for regular picking.
84032B,Active/Regular Products,Zone B,822120,,Keep in an easily accessible zone for regular picking.
23350,Active/Regular Products,Zone B,821975,,Keep in an easily accessible zone for regular picking.
22798,Active/Regular Products,Zone B,821559,,Keep in an easily accessible zone for regular picking.
23265,Active/Regular Products,Zone B,820107,,Keep in an easily accessible zone for regular picking.
22156,Active/Regular Products,Zone B,818688,,Keep in an easily accessible zone for regular picking.
23082,Active/Regular Products,Zone B,818532,,Keep in an easily accessible zone for regular picking.
21259,Active/Regular Products,Zone B,816240,,Keep in an easily accessible zone for regular picking.
23247,Active/Regular Products,Zone B,812052,,Keep in an easily accessible zone for regular picking.
22904,Active/Regular Products,Zone B,811103,,Keep in an easily accessible zone for regular picking.
21108,Active/Regular Products,Zone B,810104,,Keep in an easily accessible zone for regular picking.
22995,Active/Regular Products,Zone B,809438,,Keep in an easily accessible zone for regular picking.
21507,Active/Regular Products,Zone B,806436,,Keep in an easily accessible zone for regular picking.
20992,Active/Regular Products,Zone B,805239,,Keep in an easily accessible zone for regular picking.
85014A,Active/Regular Products,Zone B,805088,,Keep in an easily accessible zone for regular picking.
21340,Active/Regular Products,Zone B,804460,,Keep in an easily accessible zone for regular picking.
22028,Active/Regular Products,Zone B,802768,,Keep in an easily accessible zone for regular picking.
20978,Active/Regular Products,Zone B,796890,,Keep in an easily accessible zone for regular picking.
22563,Active/Regular Products,Zone B,795511,,Keep in an easily accessible zone for regular picking.
22358,Active/Regular Products,Zone B,791775,,Keep in an easily accessible zone for regular picking.
23126,Active/Regular Products,Zone B,790938,,Keep in an easily accessible zone for regular picking.
23184,Active/Regular Products,Zone B,790152,,Keep in an easily accessible zone for regular picking.
22435,Active/Regular Products,Zone B,789754,,Keep in an easily accessible zone for regular picking.
22534,Active/Regular Products,Zone B,789003,,Keep in an easily accessible zone for regular picking.
23165,Active/Regular Products,Zone B,788200,,Keep in an easily accessible zone for regular picking.
23177,Active/Regular Products,Zone B,787917,,Keep in an easily accessible zone for regular picking.
23323,Active/Regular Products,Zone B,787332,,Keep in an easily accessible zone for regular picking.
22170,Active/Regular Products,Zone B,784930,,Keep in an easily accessible zone for regular picking.
22274,Active/Regular Products,Zone B,782310,,Keep in an easily accessible zone for regular picking.
22571,Active/Regular Products,Zone B,781558,,Keep in an easily accessible zone for regular picking.
22755,Active/Regular Products,Zone B,780861,,Keep in an easily accessible zone for regular picking.
47593B,Active/Regular Products,Zone B,780815,,Keep in an easily accessible zone for regular picking.
21257,Active/Regular Products,Zone B,780390,,Keep in an easily accessible zone for regular picking.
21098,Active/Regular Products,Zone B,776488,,Keep in an easily accessible zone for regular picking.
22737,Active/Regular Products,Zone B,774928,,Keep in an easily accessible zone for regular picking.
23306,Active/Regular Products,Zone B,774215,,Keep in an easily accessible zone for regular picking.
22906,Active/Regular Products,Zone B,773080,,Keep in an easily accessible zone for regular picking.
84050,Active/Regular Products,Zone B,770816,,Keep in an easily accessible zone for regular picking.
35961,Active/Regular Products,Zone B,770308,,Keep in an easily accessible zone for regular picking.
22494,Active/Regular Products,Zone B,769790,,Keep in an easily accessible zone for regular picking.
23191,Active/Regular Products,Zone B,769659,,Keep in an easily accessible zone for regular picking.
22971,Active/Regular Products,Zone B,768400,,Keep in an easily accessible zone for regular picking.
22432,Active/Regular Products,Zone B,767844,,Keep in an easily accessible zone for regular picking.
21116,Active/Regular Products,Zone B,767809,,Keep in an easily accessible zone for regular picking.
22301,Active/Regular Products,Zone B,767340,,Keep in an easily accessible zone for regular picking.
85049G,Active/Regular Products,Zone B,767034,,Keep in an easily accessible zone for regular picking.
23052,Active/Regular Products,Zone B,766168,,Keep in an easily accessible zone for regular picking.
22653,Active/Regular Products,Zone B,765750,,Keep in an easily accessible zone for regular picking.
21498,High-Volume Products,Zone A,765744,,Place closer to packing area due to high product movement.
21327,Active/Regular Products,Zone B,763812,,Keep in an easily accessible zone for regular picking.
21428,Active/Regular Products,Zone B,762944,,Keep in an easily accessible zone for regular picking.
84596G,Active/Regular Products,Zone B,762930,,Keep in an easily accessible zone for regular picking.
21179,Active/Regular Products,Zone B,762090,,Keep in an easily accessible zone for regular picking.
22991,Active/Regular Products,Zone B,756514,,Keep in an easily accessible zone for regular picking.
21810,Active/Regular Products,Zone B,756000,,Keep in an easily accessible zone for regular picking.
22030,Active/Regular Products,Zone B,755966,,Keep in an easily accessible zone for regular picking.
22295,Active/Regular Products,Zone B,755250,,Keep in an easily accessible zone for regular picking.
21756,Active/Regular Products,Zone B,755190,,Keep in an easily accessible zone for regular picking.
23503,Active/Regular Products,Zone B,755090,,Keep in an easily accessible zone for regular picking.
23367,Active/Regular Products,Zone B,753786,,Keep in an easily accessible zone for regular picking.
22064,Active/Regular Products,Zone B,753366,,Keep in an easily accessible zone for regular picking.
22768,Active/Regular Products,Zone B,752960,,Keep in an easily accessible zone for regular picking.
22846,Active/Regular Products,Zone B,751712,,Keep in an easily accessible zone for regular picking.
22690,Active/Regular Products,Zone B,750405,,Keep in an easily accessible zone for regular picking.
85048,Active/Regular Products,Zone B,748287,,Keep in an easily accessible zone for regular picking.
21704,Active/Regular Products,Zone B,747720,,Keep in an easily accessible zone for regular picking.
22840,Active/Regular Products,Zone B,747147,,Keep in an easily accessible zone for regular picking.
23109,Active/Regular Products,Zone B,746916,,Keep in an easily accessible zone for regular picking.
21787,Active/Regular Products,Zone B,745767,,Keep in an easily accessible zone for regular picking.
23238,Active/Regular Products,Zone B,745554,,Keep in an easily accessible zone for regular picking.
22089,Active/Regular Products,Zone B,745008,,Keep in an easily accessible zone for regular picking.
23234,Active/Regular Products,Zone B,743191,,Keep in an easily accessible zone for regular picking.
84510A,Active/Regular Products,Zone B,741856,,Keep in an easily accessible zone for regular picking.
21811,Active/Regular Products,Zone B,741370,,Keep in an easily accessible zone for regular picking.
23158,Active/Regular Products,Zone B,740775,,Keep in an easily accessible zone for regular picking.
22818,Active/Regular Products,Zone B,740540,,Keep in an easily accessible zone for regular picking.
21716,Active/Regular Products,Zone B,740540,,Keep in an easily accessible zone for regular picking.
23076,Active/Regular Products,Zone B,739867,,Keep in an easily accessible zone for regular picking.
23144,Active/Regular Products,Zone B,739526,,Keep in an easily accessible zone for regular picking.
22065,Active/Regular Products,Zone B,738183,,Keep in an easily accessible zone for regular picking.
51014A,Active/Regular Products,Zone B,736359,,Keep in an easily accessible zone for regular picking.
20970,Active/Regular Products,Zone B,735696,,Keep in an easily accessible zone for regular picking.
22622,Active/Regular Products,Zone B,735318,,Keep in an easily accessible zone for regular picking.
20983,Active/Regular Products,Zone B,734856,,Keep in an easily accessible zone for regular picking.
22772,Active/Regular Products,Zone B,730758,,Keep in an easily accessible zone for regular picking.
23332,Active/Regular Products,Zone B,729267,,Keep in an easily accessible zone for regular picking.
22329,Active/Regular Products,Zone B,728518,,Keep in an easily accessible zone for regular picking.
21041,Active/Regular Products,Zone B,727515,,Keep in an easily accessible zone for regular picking.
84997A,Active/Regular Products,Zone B,726180,,Keep in an easily accessible zone for regular picking.
22814,Active/Regular Products,Zone B,725680,,Keep in an easily accessible zone for regular picking.
21880,Active/Regular Products,Zone B,725520,,Keep in an easily accessible zone for regular picking.
22917,Active/Regular Products,Zone B,724560,,Keep in an easily accessible zone for regular picking.
23570,Active/Regular Products,Zone B,723672,,Keep in an easily accessible zone for regular picking.
17003,High-Volume Products,Zone A,722736,58.0,Place closer to packing area due to high product movement.
22920,Active/Regular Products,Zone B,721886,,Keep in an easily accessible zone for regular picking.
20963,Active/Regular Products,Zone B,721808,,Keep in an easily accessible zone for regular picking.
20982,Active/Regular Products,Zone B,718080,,Keep in an easily accessible zone for regular picking.
84509A,Active/Regular Products,Zone B,717830,,Keep in an easily accessible zone for regular picking.
22919,Active/Regular Products,Zone B,717120,,Keep in an easily accessible zone for regular picking.
M,Active/Regular Products,Zone B,716431,,Keep in an easily accessible zone for regular picking.
22918,Active/Regular Products,Zone B,716380,,Keep in an easily accessible zone for regular picking.
22580,Active/Regular Products,Zone B,715860,,Keep in an easily accessible zone for regular picking.
84792,Active/Regular Products,Zone B,714565,,Keep in an easily accessible zone for regular picking.
20961,Active/Regular Products,Zone B,714552,,Keep in an easily accessible zone for regular picking.
22916,Active/Regular Products,Zone B,713607,,Keep in an easily accessible zone for regular picking.
21967,Active/Regular Products,Zone B,712936,,Keep in an easily accessible zone for regular picking.
23254,Active/Regular Products,Zone B,712517,,Keep in an easily accessible zone for regular picking.
20828,Active/Regular Products,Zone B,712155,,Keep in an easily accessible zone for regular picking.
20682,Active/Regular Products,Zone B,710289,,Keep in an easily accessible zone for regular picking.
22669,Active/Regular Products,Zone B,709956,,Keep in an easily accessible zone for regular picking.
23197,Active/Regular Products,Zone B,708903,,Keep in an easily accessible zone for regular picking.
22741,Active/Regular Products,Zone B,707854,,Keep in an easily accessible zone for regular picking.
21786,Active/Regular Products,Zone B,706250,,Keep in an easily accessible zone for regular picking.
22781,Active/Regular Products,Zone B,705976,,Keep in an easily accessible zone for regular picking.
23078,Active/Regular Products,Zone B,704951,,Keep in an easily accessible zone for regular picking.
21519,Active/Regular Products,Zone B,704298,,Keep in an easily accessible zone for regular picking.
23100,Active/Regular Products,Zone B,702124,,Keep in an easily accessible zone for regular picking.
22335,Active/Regular Products,Zone B,699300,,Keep in an easily accessible zone for regular picking.
23118,Active/Regular Products,Zone B,696858,,Keep in an easily accessible zone for regular picking.
35471D,Active/Regular Products,Zone B,695537,,Keep in an easily accessible zone for regular picking.
85227,Active/Regular Products,Zone B,693530,,Keep in an easily accessible zone for regular picking.
22303,Active/Regular Products,Zone B,692955,,Keep in an easily accessible zone for regular picking.
22775,Active/Regular Products,Zone B,691566,,Keep in an easily accessible zone for regular picking.
22596,Active/Regular Products,Zone B,690894,,Keep in an easily accessible zone for regular picking.
48111,Active/Regular Products,Zone B,690612,,Keep in an easily accessible zone for regular picking.
22972,Active/Regular Products,Zone B,690435,,Keep in an easily accessible zone for regular picking.
22374,Active/Regular Products,Zone B,690408,,Keep in an easily accessible zone for regular picking.
21718,Active/Regular Products,Zone B,688374,,Keep in an easily accessible zone for regular picking.
20981,Active/Regular Products,Zone B,687987,,Keep in an easily accessible zone for regular picking.
23166,High-Volume Products,Zone A,687895,,Place closer to packing area due to high product movement.
22530,Active/Regular Products,Zone B,687117,,Keep in an easily accessible zone for regular picking.
21715,Active/Regular Products,Zone B,686301,,Keep in an easily accessible zone for regular picking.
23534,Active/Regular Products,Zone B,685620,,Keep in an easily accessible zone for regular picking.
22115,Active/Regular Products,Zone B,683088,,Keep in an easily accessible zone for regular picking.
21890,Active/Regular Products,Zone B,683067,,Keep in an easily accessible zone for regular picking.
23012,Active/Regular Products,Zone B,678714,,Keep in an easily accessible zone for regular picking.
23112,Active/Regular Products,Zone B,677692,,Keep in an easily accessible zone for regular picking.
22714,Active/Regular Products,Zone B,674325,,Keep in an easily accessible zone for regular picking.
22076,Active/Regular Products,Zone B,672750,,Keep in an easily accessible zone for regular picking.
22574,Active/Regular Products,Zone B,672438,,Keep in an easily accessible zone for regular picking.
22965,Active/Regular Products,Zone B,672128,,Keep in an easily accessible zone for regular picking.
22398,Active/Regular Products,Zone B,672080,,Keep in an easily accessible zone for regular picking.
21381,Active/Regular Products,Zone B,672000,,Keep in an easily accessible zone for regular picking.
22573,Active/Regular Products,Zone B,671177,,Keep in an easily accessible zone for regular picking.
22441,Active/Regular Products,Zone B,671016,,Keep in an easily accessible zone for regular picking.
23005,Active/Regular Products,Zone B,670944,,Keep in an easily accessible zone for regular picking.
23571,Active/Regular Products,Zone B,668971,,Keep in an easily accessible zone for regular picking.
22567,Active/Regular Products,Zone B,668886,,Keep in an easily accessible zone for regular picking.
21411,Active/Regular Products,Zone B,668052,,Keep in an easily accessible zone for regular picking.
22753,Active/Regular Products,Zone B,667492,,Keep in an easily accessible zone for regular picking.
23229,Active/Regular Products,Zone B,667136,,Keep in an easily accessible zone for regular picking.
22801,Active/Regular Products,Zone B,665280,,Keep in an easily accessible zone for regular picking.
23080,Active/Regular Products,Zone B,662546,,Keep in an easily accessible zone for regular picking.
23110,Active/Regular Products,Zone B,661470,,Keep in an easily accessible zone for regular picking.
20996,Active/Regular Products,Zone B,659475,,Keep in an easily accessible zone for regular picking.
22024,Active/Regular Products,Zone B,659235,,Keep in an easily accessible zone for regular picking.
21878,Active/Regular Products,Zone B,659008,,Keep in an easily accessible zone for regular picking.
22550,Active/Regular Products,Zone B,658812,,Keep in an easily accessible zone for regular picking.
21531,Active/Regular Products,Zone B,658542,,Keep in an easily accessible zone for regular picking.
23004,Active/Regular Products,Zone B,658359,,Keep in an easily accessible zone for regular picking.
21991,Active/Regular Products,Zone B,658320,,Keep in an easily accessible zone for regular picking.
22222,Active/Regular Products,Zone B,658008,,Keep in an easily accessible zone for regular picking.
21313,Active/Regular Products,Zone B,657622,,Keep in an easily accessible zone for regular picking.
22421,Active/Regular Products,Zone B,657105,,Keep in an easily accessible zone for regular picking.
22713,Active/Regular Products,Zone B,656425,,Keep in an easily accessible zone for regular picking.
22736,Active/Regular Products,Zone B,656066,,Keep in an easily accessible zone for regular picking.
23310,High-Volume Products,Zone A,655865,56.0,Place closer to packing area due to high product movement.
23302,Active/Regular Products,Zone B,655730,,Keep in an easily accessible zone for regular picking.
22813,Active/Regular Products,Zone B,654872,,Keep in an easily accessible zone for regular picking.
22437,Active/Regular Products,Zone B,653592,,Keep in an easily accessible zone for regular picking.
22978,Active/Regular Products,Zone B,652834,,Keep in an easily accessible zone for regular picking.
85049C,Active/Regular Products,Zone B,652288,,Keep in an easily accessible zone for regular picking.
22614,Active/Regular Products,Zone B,651306,,Keep in an easily accessible zone for regular picking.
22747,Active/Regular Products,Zone B,651263,,Keep in an easily accessible zone for regular picking.
23083,Active/Regular Products,Zone B,650670,,Keep in an easily accessible zone for regular picking.
21917,Active/Regular Products,Zone B,650250,,Keep in an easily accessible zone for regular picking.
21984,Active/Regular Products,Zone B,650204,,Keep in an easily accessible zone for regular picking.
23176,Active/Regular Products,Zone B,650202,,Keep in an easily accessible zone for regular picking.
22422,Active/Regular Products,Zone B,649645,,Keep in an easily accessible zone for regular picking.
23089,Active/Regular Products,Zone B,648675,,Keep in an easily accessible zone for regular picking.
22241,Active/Regular Products,Zone B,647929,,Keep in an easily accessible zone for regular picking.
22623,Active/Regular Products,Zone B,647425,,Keep in an easily accessible zone for regular picking.
21090,Active/Regular Products,Zone B,642971,,Keep in an easily accessible zone for regular picking.
20733,Active/Regular Products,Zone B,642675,,Keep in an easily accessible zone for regular picking.
84969,Active/Regular Products,Zone B,642390,,Keep in an easily accessible zone for regular picking.
22360,Active/Regular Products,Zone B,642000,,Keep in an easily accessible zone for regular picking.
23167,Active/Regular Products,Zone B,641487,,Keep in an easily accessible zone for regular picking.
22672,Active/Regular Products,Zone B,640356,,Keep in an easily accessible zone for regular picking.
22796,Active/Regular Products,Zone B,640088,,Keep in an easily accessible zone for regular picking.
22994,Active/Regular Products,Zone B,639830,,Keep in an easily accessible zone for regular picking.
22855,Active/Regular Products,Zone B,637530,,Keep in an easily accessible zone for regular picking.
22792,Active/Regular Products,Zone B,636128,,Keep in an easily accessible zone for regular picking.
22997,Active/Regular Products,Zone B,634920,,Keep in an easily accessible zone for regular picking.
22207,Active/Regular Products,Zone B,631904,,Keep in an easily accessible zone for regular picking.
20668,High-Volume Products,Zone A,631240,55.0,Place closer to packing area due to high product movement.
21508,Active/Regular Products,Zone B,630693,,Keep in an easily accessible zone for regular picking.
85131D,Active/Regular Products,Zone B,629330,,Keep in an easily accessible zone for regular picking.
21714,Active/Regular Products,Zone B,628200,,Keep in an easily accessible zone for regular picking.
21561,Active/Regular Products,Zone B,627498,,Keep in an easily accessible zone for regular picking.
22743,Active/Regular Products,Zone B,626858,,Keep in an easily accessible zone for regular picking.
21902,Active/Regular Products,Zone B,626640,,Keep in an easily accessible zone for regular picking.
22366,Active/Regular Products,Zone B,625460,,Keep in an easily accessible zone for regular picking.
22460,Active/Regular Products,Zone B,624349,,Keep in an easily accessible zone for regular picking.
22493,Active/Regular Products,Zone B,624140,,Keep in an easily accessible zone for regular picking.
22999,Active/Regular Products,Zone B,623820,,Keep in an easily accessible zone for regular picking.
23147,Active/Regular Products,Zone B,623529,,Keep in an easily accessible zone for regular picking.
21937,Active/Regular Products,Zone B,623484,,Keep in an easily accessible zone for regular picking.
23582,Active/Regular Products,Zone B,622895,,Keep in an easily accessible zone for regular picking.
21803,Active/Regular Products,Zone B,622314,,Keep in an easily accessible zone for regular picking.
23194,Active/Regular Products,Zone B,619744,,Keep in an easily accessible zone for regular picking.
21124,Active/Regular Products,Zone B,619200,,Keep in an easily accessible zone for regular picking.
22982,Active/Regular Products,Zone B,619040,,Keep in an easily accessible zone for regular picking.
23368,Active/Regular Products,Zone B,618512,,Keep in an easily accessible zone for regular picking.
21746,Active/Regular Products,Zone B,617658,,Keep in an easily accessible zone for regular picking.
21539,Active/Regular Products,Zone B,617372,,Keep in an easily accessible zone for regular picking.
21012,Active/Regular Products,Zone B,615507,,Keep in an easily accessible zone for regular picking.
23154,Active/Regular Products,Zone B,614290,,Keep in an easily accessible zone for regular picking.
22466,Active/Regular Products,Zone B,614042,,Keep in an easily accessible zone for regular picking.
22433,Active/Regular Products,Zone B,614035,,Keep in an easily accessible zone for regular picking.
22921,Active/Regular Products,Zone B,611534,,Keep in an easily accessible zone for regular picking.
22800,Active/Regular Products,Zone B,611030,,Keep in an easily accessible zone for regular picking.
23286,Active/Regular Products,Zone B,609612,,Keep in an easily accessible zone for regular picking.
22377,Active/Regular Products,Zone B,609408,,Keep in an easily accessible zone for regular picking.
21832,Active/Regular Products,Zone B,608850,,Keep in an easily accessible zone for regular picking.
22088,Active/Regular Products,Zone B,608566,,Keep in an easily accessible zone for regular picking.
22974,Active/Regular Products,Zone B,607920,,Keep in an easily accessible zone for regular picking.
23148,Active/Regular Products,Zone B,607867,,Keep in an easily accessible zone for regular picking.
23292,Active/Regular Products,Zone B,606948,,Keep in an easily accessible zone for regular picking.
22548,Active/Regular Products,Zone B,605473,,Keep in an easily accessible zone for regular picking.
23013,Active/Regular Products,Zone B,604330,,Keep in an easily accessible zone for regular picking.
21390,Active/Regular Products,Zone B,603140,,Keep in an easily accessible zone for regular picking.
22943,Active/Regular Products,Zone B,602965,,Keep in an easily accessible zone for regular picking.
22897,Active/Regular Products,Zone B,602405,,Keep in an easily accessible zone for regular picking.
22601,Active/Regular Products,Zone B,600200,,Keep in an easily accessible zone for regular picking.
22610,Active/Regular Products,Zone B,600048,,Keep in an easily accessible zone for regular picking.
23159,Active/Regular Products,Zone B,599870,,Keep in an easily accessible zone for regular picking.
47504K,Active/Regular Products,Zone B,599324,,Keep in an easily accessible zone for regular picking.
23283,Active/Regular Products,Zone B,598344,,Keep in an easily accessible zone for regular picking.
22074,Active/Regular Products,Zone B,597796,,Keep in an easily accessible zone for regular picking.
22807,Active/Regular Products,Zone B,594165,,Keep in an easily accessible zone for regular picking.
22594,Active/Regular Products,Zone B,592900,,Keep in an easily accessible zone for regular picking.
22211,Active/Regular Products,Zone B,592704,,Keep in an easily accessible zone for regular picking.
23399,Active/Regular Products,Zone B,589500,,Keep in an easily accessible zone for regular picking.
22593,Active/Regular Products,Zone B,589248,,Keep in an easily accessible zone for regular picking.
23389,Active/Regular Products,Zone B,588234,,Keep in an easily accessible zone for regular picking.
85132C,Active/Regular Products,Zone B,587002,,Keep in an easily accessible zone for regular picking.
22839,Active/Regular Products,Zone B,584307,,Keep in an easily accessible zone for regular picking.
21774,Active/Regular Products,Zone B,583296,,Keep in an easily accessible zone for regular picking.
22075,Active/Regular Products,Zone B,582600,,Keep in an easily accessible zone for regular picking.
21068,Active/Regular Products,Zone B,582516,,Keep in an easily accessible zone for regular picking.
22600,Active/Regular Products,Zone B,581316,,Keep in an easily accessible zone for regular picking.
22562,Active/Regular Products,Zone B,580039,,Keep in an easily accessible zone for regular picking.
21623,Active/Regular Products,Zone B,575926,,Keep in an easily accessible zone for regular picking.
22300,Active/Regular Products,Zone B,574868,,Keep in an easily accessible zone for regular picking.
75049L,Active/Regular Products,Zone B,574000,,Keep in an easily accessible zone for regular picking.
22439,Active/Regular Products,Zone B,573073,,Keep in an easily accessible zone for regular picking.
20751,Active/Regular Products,Zone B,573012,,Keep in an easily accessible zone for regular picking.
22634,Active/Regular Products,Zone B,572982,,Keep in an easily accessible zone for regular picking.
22584,Active/Regular Products,Zone B,572320,,Keep in an easily accessible zone for regular picking.
22465,Active/Regular Products,Zone B,571428,,Keep in an easily accessible zone for regular picking.
23014,Active/Regular Products,Zone B,570152,,Keep in an easily accessible zone for regular picking.
22491,Active/Regular Products,Zone B,569619,,Keep in an easily accessible zone for regular picking.
85184C,Active/Regular Products,Zone B,569157,,Keep in an easily accessible zone for regular picking.
22841,Active/Regular Products,Zone B,569136,,Keep in an easily accessible zone for regular picking.
22809,Active/Regular Products,Zone B,568752,,Keep in an easily accessible zone for regular picking.
22956,Active/Regular Products,Zone B,568656,,Keep in an easily accessible zone for regular picking.
20674,Active/Regular Products,Zone B,567850,,Keep in an easily accessible zone for regular picking.
21866,Active/Regular Products,Zone B,567806,,Keep in an easily accessible zone for regular picking.
23393,Active/Regular Products,Zone B,567691,,Keep in an easily accessible zone for regular picking.
48129,Active/Regular Products,Zone B,567030,,Keep in an easily accessible zone for regular picking.
23290,Active/Regular Products,Zone B,566030,,Keep in an easily accessible zone for regular picking.
23163,Active/Regular Products,Zone B,565554,,Keep in an easily accessible zone for regular picking.
22485,Active/Regular Products,Zone B,565552,,Keep in an easily accessible zone for regular picking.
22531,Active/Regular Products,Zone B,565200,,Keep in an easily accessible zone for regular picking.
22676,Active/Regular Products,Zone B,564762,,Keep in an easily accessible zone for regular picking.
21922,Active/Regular Products,Zone B,564512,,Keep in an easily accessible zone for regular picking.
22055,Active/Regular Products,Zone B,562540,,Keep in an easily accessible zone for regular picking.
22805,Active/Regular Products,Zone B,562380,,Keep in an easily accessible zone for regular picking.
23382,Active/Regular Products,Zone B,561880,,Keep in an easily accessible zone for regular picking.
21658,Active/Regular Products,Zone B,560528,,Keep in an easily accessible zone for regular picking.
23242,Active/Regular Products,Zone B,560038,,Keep in an easily accessible zone for regular picking.
22094,Active/Regular Products,Zone B,559200,,Keep in an easily accessible zone for regular picking.
22078,Active/Regular Products,Zone B,558720,,Keep in an easily accessible zone for regular picking.
84828,Active/Regular Products,Zone B,556192,,Keep in an easily accessible zone for regular picking.
22597,Active/Regular Products,Zone B,556140,,Keep in an easily accessible zone for regular picking.
23329,Active/Regular Products,Zone B,555705,,Keep in an easily accessible zone for regular picking.
22968,Active/Regular Products,Zone B,555282,,Keep in an easily accessible zone for regular picking.
23535,Active/Regular Products,Zone B,554915,,Keep in an easily accessible zone for regular picking.
22135,Active/Regular Products,Zone B,554900,,Keep in an easily accessible zone for regular picking.
21802,Active/Regular Products,Zone B,553320,,Keep in an easily accessible zone for regular picking.
21986,Active/Regular Products,Zone B,552636,,Keep in an easily accessible zone for regular picking.
22628,Active/Regular Products,Zone B,551760,,Keep in an easily accessible zone for regular picking.
23397,Active/Regular Products,Zone B,551180,,Keep in an easily accessible zone for regular picking.
23002,Active/Regular Products,Zone B,551040,,Keep in an easily accessible zone for regular picking.
85049H,Active/Regular Products,Zone B,550160,,Keep in an easily accessible zone for regular picking.
22767,Active/Regular Products,Zone B,548270,,Keep in an easily accessible zone for regular picking.
84536B,Active/Regular Products,Zone B,548062,,Keep in an easily accessible zone for regular picking.
22915,Active/Regular Products,Zone B,545560,,Keep in an easily accessible zone for regular picking.
22357,Active/Regular Products,Zone B,545040,,Keep in an easily accessible zone for regular picking.
22649,Active/Regular Products,Zone B,544600,,Keep in an easily accessible zone for regular picking.
20829,Active/Regular Products,Zone B,544170,,Keep in an easily accessible zone for regular picking.
22187,Active/Regular Products,Zone B,543744,,Keep in an easily accessible zone for regular picking.
22107,Active/Regular Products,Zone B,543444,,Keep in an easily accessible zone for regular picking.
23333,Active/Regular Products,Zone B,542657,,Keep in an easily accessible zone for regular picking.
23101,Active/Regular Products,Zone B,542511,,Keep in an easily accessible zone for regular picking.
22975,Active/Regular Products,Zone B,542376,,Keep in an easily accessible zone for regular picking.
22426,Active/Regular Products,Zone B,542256,,Keep in an easily accessible zone for regular picking.
22812,Active/Regular Products,Zone B,542235,,Keep in an easily accessible zone for regular picking.
23395,Active/Regular Products,Zone B,541590,,Keep in an easily accessible zone for regular picking.
22210,Active/Regular Products,Zone B,541365,,Keep in an easily accessible zone for regular picking.
22773,Active/Regular Products,Zone B,541103,,Keep in an easily accessible zone for regular picking.
23146,Active/Regular Products,Zone B,539352,,Keep in an easily accessible zone for regular picking.
23480,Active/Regular Products,Zone B,537930,,Keep in an easily accessible zone for regular picking.
22930,Active/Regular Products,Zone B,537705,,Keep in an easily accessible zone for regular picking.
22758,Active/Regular Products,Zone B,536670,,Keep in an easily accessible zone for regular picking.
23287,Active/Regular Products,Zone B,536580,,Keep in an easily accessible zone for regular picking.
23426,Active/Regular Products,Zone B,536424,,Keep in an easily accessible zone for regular picking.
22733,Active/Regular Products,Zone B,536234,,Keep in an easily accessible zone for regular picking.
10133,Active/Regular Products,Zone B,535668,,Keep in an easily accessible zone for regular picking.
85176,Active/Regular Products,Zone B,535608,,Keep in an easily accessible zone for regular picking.
22732,Active/Regular Products,Zone B,532980,,Keep in an easily accessible zone for regular picking.
72351B,Active/Regular Products,Zone B,532704,,Keep in an easily accessible zone for regular picking.
23156,Active/Regular Products,Zone B,531565,,Keep in an easily accessible zone for regular picking.
22674,Active/Regular Products,Zone B,530893,,Keep in an easily accessible zone for regular picking.
21745,Active/Regular Products,Zone B,530292,,Keep in an easily accessible zone for regular picking.
22278,Active/Regular Products,Zone B,530084,,Keep in an easily accessible zone for regular picking.
22572,Active/Regular Products,Zone B,530019,,Keep in an easily accessible zone for regular picking.
21243,Active/Regular Products,Zone B,528360,,Keep in an easily accessible zone for regular picking.
21955,Active/Regular Products,Zone B,527772,,Keep in an easily accessible zone for regular picking.
22651,Active/Regular Products,Zone B,525470,,Keep in an easily accessible zone for regular picking.
22302,Active/Regular Products,Zone B,525124,,Keep in an easily accessible zone for regular picking.
22544,Active/Regular Products,Zone B,523950,,Keep in an easily accessible zone for regular picking.
85039B,Active/Regular Products,Zone B,523912,,Keep in an easily accessible zone for regular picking.
21071,Active/Regular Products,Zone B,523035,,Keep in an easily accessible zone for regular picking.
21577,Active/Regular Products,Zone B,522200,,Keep in an easily accessible zone for regular picking.
22626,Active/Regular Products,Zone B,521380,,Keep in an easily accessible zone for regular picking.
23330,Active/Regular Products,Zone B,520992,,Keep in an easily accessible zone for regular picking.
22188,Active/Regular Products,Zone B,520695,,Keep in an easily accessible zone for regular picking.
22588,Active/Regular Products,Zone B,520625,,Keep in an easily accessible zone for regular picking.
23285,Active/Regular Products,Zone B,520475,,Keep in an easily accessible zone for regular picking.
23291,Active/Regular Products,Zone B,520455,,Keep in an easily accessible zone for regular picking.
85131B,Active/Regular Products,Zone B,520128,,Keep in an easily accessible zone for regular picking.
22338,Active/Regular Products,Zone B,519480,,Keep in an easily accessible zone for regular picking.
21906,Active/Regular Products,Zone B,518481,,Keep in an easily accessible zone for regular picking.
22375,Active/Regular Products,Zone B,517700,,Keep in an easily accessible zone for regular picking.
21452,Active/Regular Products,Zone B,517592,,Keep in an easily accessible zone for regular picking.
23366,Active/Regular Products,Zone B,517335,,Keep in an easily accessible zone for regular picking.
22581,Active/Regular Products,Zone B,517017,,Keep in an easily accessible zone for regular picking.
23494,Active/Regular Products,Zone B,516395,,Keep in an easily accessible zone for regular picking.
23352,Active/Regular Products,Zone B,516220,,Keep in an easily accessible zone for regular picking.
23434,Active/Regular Products,Zone B,514614,,Keep in an easily accessible zone for regular picking.
16235,Active/Regular Products,Zone B,514584,,Keep in an easily accessible zone for regular picking.
22603,Active/Regular Products,Zone B,514539,,Keep in an easily accessible zone for regular picking.
22677,Active/Regular Products,Zone B,514368,,Keep in an easily accessible zone for regular picking.
84971S,Active/Regular Products,Zone B,514280,,Keep in an easily accessible zone for regular picking.
16161P,Active/Regular Products,Zone B,513360,,Keep in an easily accessible zone for regular picking.
23231,Active/Regular Products,Zone B,513240,,Keep in an easily accessible zone for regular picking.
21544,Active/Regular Products,Zone B,512952,,Keep in an easily accessible zone for regular picking.
23312,Active/Regular Products,Zone B,512316,,Keep in an easily accessible zone for regular picking.
23210,Active/Regular Products,Zone B,511104,,Keep in an easily accessible zone for regular picking.
21592,Active/Regular Products,Zone B,511056,,Keep in an easily accessible zone for regular picking.
21903,Active/Regular Products,Zone B,510480,,Keep in an easily accessible zone for regular picking.
22636,Active/Regular Products,Zone B,510444,,Keep in an easily accessible zone for regular picking.
51014C,Active/Regular Products,Zone B,509472,,Keep in an easily accessible zone for regular picking.
22331,Active/Regular Products,Zone B,509472,,Keep in an easily accessible zone for regular picking.
21625,Active/Regular Products,Zone B,508183,,Keep in an easily accessible zone for regular picking.
22430,Active/Regular Products,Zone B,507000,,Keep in an easily accessible zone for regular picking.
84031A,Active/Regular Products,Zone B,506550,,Keep in an easily accessible zone for regular picking.
22315,Active/Regular Products,Zone B,506540,,Keep in an easily accessible zone for regular picking.
10135,Active/Regular Products,Zone B,506450,,Keep in an easily accessible zone for regular picking.
21084,Active/Regular Products,Zone B,504447,,Keep in an easily accessible zone for regular picking.
22576,Active/Regular Products,Zone B,502911,,Keep in an easily accessible zone for regular picking.
21864,Active/Regular Products,Zone B,502320,,Keep in an easily accessible zone for regular picking.
23289,Active/Regular Products,Zone B,502139,,Keep in an easily accessible zone for regular picking.
23007,Active/Regular Products,Zone B,501952,,Keep in an easily accessible zone for regular picking.
22209,Active/Regular Products,Zone B,501700,,Keep in an easily accessible zone for regular picking.
23050,Active/Regular Products,Zone B,500815,,Keep in an easily accessible zone for regular picking.
37448,Active/Regular Products,Zone B,500412,,Keep in an easily accessible zone for regular picking.
22364,Active/Regular Products,Zone B,500364,,Keep in an easily accessible zone for regular picking.
23288,Active/Regular Products,Zone B,499685,,Keep in an easily accessible zone for regular picking.
21383,Active/Regular Products,Zone B,499163,,Keep in an easily accessible zone for regular picking.
23091,Active/Regular Products,Zone B,499092,,Keep in an easily accessible zone for regular picking.
22757,Active/Regular Products,Zone B,497802,,Keep in an easily accessible zone for regular picking.
23232,Active/Regular Products,Zone B,497658,,Keep in an easily accessible zone for regular picking.
23215,Active/Regular Products,Zone B,497490,,Keep in an easily accessible zone for regular picking.
21829,Active/Regular Products,Zone B,497016,,Keep in an easily accessible zone for regular picking.
22365,Active/Regular Products,Zone B,496188,,Keep in an easily accessible zone for regular picking.
23212,Active/Regular Products,Zone B,495690,,Keep in an easily accessible zone for regular picking.
21773,Active/Regular Products,Zone B,494868,,Keep in an easily accessible zone for regular picking.
23193,Active/Regular Products,Zone B,494725,,Keep in an easily accessible zone for regular picking.
21224,Active/Regular Products,Zone B,494505,,Keep in an easily accessible zone for regular picking.
22564,Active/Regular Products,Zone B,493830,,Keep in an easily accessible zone for regular picking.
85039A,Active/Regular Products,Zone B,493128,,Keep in an easily accessible zone for regular picking.
22891,Active/Regular Products,Zone B,492912,,Keep in an easily accessible zone for regular picking.
22945,Active/Regular Products,Zone B,492780,,Keep in an easily accessible zone for regular picking.
84912B,Active/Regular Products,Zone B,491840,,Keep in an easily accessible zone for regular picking.
21700,Active/Regular Products,Zone B,491436,,Keep in an easily accessible zone for regular picking.
21158,Active/Regular Products,Zone B,491130,,Keep in an easily accessible zone for regular picking.
22134,Active/Regular Products,Zone B,490860,,Keep in an easily accessible zone for regular picking.
22091,Active/Regular Products,Zone B,490813,,Keep in an easily accessible zone for regular picking.
22098,Active/Regular Products,Zone B,490716,,Keep in an easily accessible zone for regular picking.
21620,Active/Regular Products,Zone B,489885,,Keep in an easily accessible zone for regular picking.
21833,Active/Regular Products,Zone B,489216,,Keep in an easily accessible zone for regular picking.
22744,Active/Regular Products,Zone B,489168,,Keep in an easily accessible zone for regular picking.
22483,Active/Regular Products,Zone B,488241,,Keep in an easily accessible zone for regular picking.
23396,Active/Regular Products,Zone B,488040,,Keep in an easily accessible zone for regular picking.
23346,Active/Regular Products,Zone B,487784,,Keep in an easily accessible zone for regular picking.
22635,Active/Regular Products,Zone B,486940,,Keep in an easily accessible zone for regular picking.
22224,Active/Regular Products,Zone B,484620,,Keep in an easily accessible zone for regular picking.
21619,Active/Regular Products,Zone B,484128,,Keep in an easily accessible zone for regular picking.
21258,Active/Regular Products,Zone B,483947,,Keep in an easily accessible zone for regular picking.
84580,Active/Regular Products,Zone B,483945,,Keep in an easily accessible zone for regular picking.
85040A,Active/Regular Products,Zone B,483308,,Keep in an easily accessible zone for regular picking.
37446,Active/Regular Products,Zone B,483303,,Keep in an easily accessible zone for regular picking.
23190,Active/Regular Products,Zone B,482982,,Keep in an easily accessible zone for regular picking.
22199,Active/Regular Products,Zone B,480292,,Keep in an easily accessible zone for regular picking.
22718,Active/Regular Products,Zone B,479640,,Keep in an easily accessible zone for regular picking.
22154,Active/Regular Products,Zone B,478872,,Keep in an easily accessible zone for regular picking.
85017B,Active/Regular Products,Zone B,478266,,Keep in an easily accessible zone for regular picking.
23035,Active/Regular Products,Zone B,477882,,Keep in an easily accessible zone for regular picking.
20977,Active/Regular Products,Zone B,477300,,Keep in an easily accessible zone for regular picking.
72817,Active/Regular Products,Zone B,476882,,Keep in an easily accessible zone for regular picking.
23504,Active/Regular Products,Zone B,476736,,Keep in an easily accessible zone for regular picking.
23006,Active/Regular Products,Zone B,476615,,Keep in an easily accessible zone for regular picking.
22175,Active/Regular Products,Zone B,475893,,Keep in an easily accessible zone for regular picking.
20665,Active/Regular Products,Zone B,474864,,Keep in an easily accessible zone for regular picking.
22664,Active/Regular Products,Zone B,474660,,Keep in an easily accessible zone for regular picking.
23371,Active/Regular Products,Zone B,472860,,Keep in an easily accessible zone for regular picking.
21557,Active/Regular Products,Zone B,471744,,Keep in an easily accessible zone for regular picking.
21471,Active/Regular Products,Zone B,471722,,Keep in an easily accessible zone for regular picking.
85174,Active/Regular Products,Zone B,471628,,Keep in an easily accessible zone for regular picking.
85061W,Active/Regular Products,Zone B,471096,,Keep in an easily accessible zone for regular picking.
48116,Active/Regular Products,Zone B,469737,,Keep in an easily accessible zone for regular picking.
22120,Active/Regular Products,Zone B,469248,,Keep in an easily accessible zone for regular picking.
22586,Active/Regular Products,Zone B,468993,,Keep in an easily accessible zone for regular picking.
21497,Active/Regular Products,Zone B,468050,,Keep in an easily accessible zone for regular picking.
22938,Active/Regular Products,Zone B,465558,,Keep in an easily accessible zone for regular picking.
22167,Active/Regular Products,Zone B,465504,,Keep in an easily accessible zone for regular picking.
84596L,Active/Regular Products,Zone B,465432,,Keep in an easily accessible zone for regular picking.
21988,Active/Regular Products,Zone B,464551,,Keep in an easily accessible zone for regular picking.
22026,Active/Regular Products,Zone B,464160,,Keep in an easily accessible zone for regular picking.
22810,Active/Regular Products,Zone B,463815,,Keep in an easily accessible zone for regular picking.
22587,Active/Regular Products,Zone B,463036,,Keep in an easily accessible zone for regular picking.
23162,Active/Regular Products,Zone B,462880,,Keep in an easily accessible zone for regular picking.
48173C,Active/Regular Products,Zone B,462480,,Keep in an easily accessible zone for regular picking.
22925,Active/Regular Products,Zone B,462462,,Keep in an easily accessible zone for regular picking.
22675,Active/Regular Products,Zone B,461824,,Keep in an easily accessible zone for regular picking.
21135,Active/Regular Products,Zone B,461793,,Keep in an easily accessible zone for regular picking.
22537,Active/Regular Products,Zone B,461529,,Keep in an easily accessible zone for regular picking.
22132,Active/Regular Products,Zone B,461230,,Keep in an easily accessible zone for regular picking.
22890,Active/Regular Products,Zone B,460515,,Keep in an easily accessible zone for regular picking.
23239,Active/Regular Products,Zone B,460486,,Keep in an easily accessible zone for regular picking.
22794,Active/Regular Products,Zone B,460278,,Keep in an easily accessible zone for regular picking.
23032,Active/Regular Products,Zone B,458894,,Keep in an easily accessible zone for regular picking.
23230,Active/Regular Products,Zone B,458485,,Keep in an easily accessible zone for regular picking.
21356,Active/Regular Products,Zone B,458134,,Keep in an easily accessible zone for regular picking.
22837,Active/Regular Products,Zone B,457994,,Keep in an easily accessible zone for regular picking.
22678,Active/Regular Products,Zone B,457600,,Keep in an easily accessible zone for regular picking.
23497,Active/Regular Products,Zone B,455325,,Keep in an easily accessible zone for regular picking.
23127,Active/Regular Products,Zone B,454930,,Keep in an easily accessible zone for regular picking.
21948,Active/Regular Products,Zone B,454716,,Keep in an easily accessible zone for regular picking.
21905,Active/Regular Products,Zone B,453920,,Keep in an easily accessible zone for regular picking.
23130,Active/Regular Products,Zone B,453376,,Keep in an easily accessible zone for regular picking.
22740,Active/Regular Products,Zone B,453220,,Keep in an easily accessible zone for regular picking.
21162,Active/Regular Products,Zone B,453114,,Keep in an easily accessible zone for regular picking.
22185,Active/Regular Products,Zone B,451494,,Keep in an easily accessible zone for regular picking.
84535B,Active/Regular Products,Zone B,450275,,Keep in an easily accessible zone for regular picking.
23345,Active/Regular Products,Zone B,449964,,Keep in an easily accessible zone for regular picking.
85231B,Active/Regular Products,Zone B,449527,,Keep in an easily accessible zone for regular picking.
23569,Active/Regular Products,Zone B,448896,,Keep in an easily accessible zone for regular picking.
21947,Active/Regular Products,Zone B,448552,,Keep in an easily accessible zone for regular picking.
22425,Active/Regular Products,Zone B,446540,,Keep in an easily accessible zone for regular picking.
21983,Active/Regular Products,Zone B,445005,,Keep in an easily accessible zone for regular picking.
22984,Active/Regular Products,Zone B,444175,,Keep in an easily accessible zone for regular picking.
72807C,Active/Regular Products,Zone B,443996,,Keep in an easily accessible zone for regular picking.
22165,Active/Regular Products,Zone B,443986,,Keep in an easily accessible zone for regular picking.
21500,Active/Regular Products,Zone B,443679,,Keep in an easily accessible zone for regular picking.
21499,Active/Regular Products,Zone B,441595,,Keep in an easily accessible zone for regular picking.
22059,Active/Regular Products,Zone B,441496,,Keep in an easily accessible zone for regular picking.
23378,Active/Regular Products,Zone B,441232,,Keep in an easily accessible zone for regular picking.
22148,Active/Regular Products,Zone B,440820,,Keep in an easily accessible zone for regular picking.
22926,Active/Regular Products,Zone B,440505,,Keep in an easily accessible zone for regular picking.
21875,Active/Regular Products,Zone B,439708,,Keep in an easily accessible zone for regular picking.
22099,Active/Regular Products,Zone B,439263,,Keep in an easily accessible zone for regular picking.
22244,Active/Regular Products,Zone B,439158,,Keep in an easily accessible zone for regular picking.
22372,Active/Regular Products,Zone B,439089,,Keep in an easily accessible zone for regular picking.
22686,Active/Regular Products,Zone B,437976,,Keep in an easily accessible zone for regular picking.
22937,Active/Regular Products,Zone B,436800,,Keep in an easily accessible zone for regular picking.
23348,Active/Regular Products,Zone B,436296,,Keep in an easily accessible zone for regular picking.
23049,Active/Regular Products,Zone B,435984,,Keep in an easily accessible zone for regular picking.
22116,Active/Regular Products,Zone B,435416,,Keep in an easily accessible zone for regular picking.
21913,Active/Regular Products,Zone B,435268,,Keep in an easily accessible zone for regular picking.
21563,Active/Regular Products,Zone B,435183,,Keep in an easily accessible zone for regular picking.
84568,Active/Regular Products,Zone B,435120,,Keep in an easily accessible zone for regular picking.
21123,Active/Regular Products,Zone B,435050,,Keep in an easily accessible zone for regular picking.
85034C,Active/Regular Products,Zone B,434184,,Keep in an easily accessible zone for regular picking.
21115,Active/Regular Products,Zone B,433836,,Keep in an easily accessible zone for regular picking.
85062,Active/Regular Products,Zone B,433434,,Keep in an easily accessible zone for regular picking.
23365,Active/Regular Products,Zone B,432640,,Keep in an easily accessible zone for regular picking.
84031B,Active/Regular Products,Zone B,431717,,Keep in an easily accessible zone for regular picking.
21244,Active/Regular Products,Zone B,431592,,Keep in an easily accessible zone for regular picking.
21949,Active/Regular Products,Zone B,430560,,Keep in an easily accessible zone for regular picking.
23211,Active/Regular Products,Zone B,430240,,Keep in an easily accessible zone for regular picking.
22609,Active/Regular Products,Zone B,429350,,Keep in an easily accessible zone for regular picking.
21260,Active/Regular Products,Zone B,428778,,Keep in an easily accessible zone for regular picking.
21534,Active/Regular Products,Zone B,428575,,Keep in an easily accessible zone for regular picking.
15039,Active/Regular Products,Zone B,428330,,Keep in an easily accessible zone for regular picking.
22283,Active/Regular Products,Zone B,426560,,Keep in an easily accessible zone for regular picking.
22914,Active/Regular Products,Zone B,426426,,Keep in an easily accessible zone for regular picking.
51014L,Active/Regular Products,Zone B,424948,,Keep in an easily accessible zone for regular picking.
22957,Active/Regular Products,Zone B,424576,,Keep in an easily accessible zone for regular picking.
21713,Active/Regular Products,Zone B,423586,,Keep in an easily accessible zone for regular picking.
22023,Active/Regular Products,Zone B,423254,,Keep in an easily accessible zone for regular picking.
21015,Active/Regular Products,Zone B,423018,,Keep in an easily accessible zone for regular picking.
22250,Active/Regular Products,Zone B,422919,,Keep in an easily accessible zone for regular picking.
22565,Active/Regular Products,Zone B,422836,,Keep in an easily accessible zone for regular picking.
22069,Active/Regular Products,Zone B,422816,,Keep in an easily accessible zone for regular picking.
21818,Active/Regular Products,Zone B,422007,,Keep in an easily accessible zone for regular picking.
79066K,Active/Regular Products,Zone B,421940,,Keep in an easily accessible zone for regular picking.
22268,Active/Regular Products,Zone B,420280,,Keep in an easily accessible zone for regular picking.
37370,Active/Regular Products,Zone B,419919,,Keep in an easily accessible zone for regular picking.
22893,Active/Regular Products,Zone B,419894,,Keep in an easily accessible zone for regular picking.
21844,Active/Regular Products,Zone B,419796,,Keep in an easily accessible zone for regular picking.
22203,Active/Regular Products,Zone B,418180,,Keep in an easily accessible zone for regular picking.
22566,Active/Regular Products,Zone B,418050,,Keep in an easily accessible zone for regular picking.
22095,Active/Regular Products,Zone B,417131,,Keep in an easily accessible zone for regular picking.
22155,Active/Regular Products,Zone B,417054,,Keep in an easily accessible zone for regular picking.
22468,Active/Regular Products,Zone B,416466,,Keep in an easily accessible zone for regular picking.
72351A,Active/Regular Products,Zone B,415854,,Keep in an easily accessible zone for regular picking.
21775,Active/Regular Products,Zone B,415749,,Keep in an easily accessible zone for regular picking.
23404,Active/Regular Products,Zone B,415402,,Keep in an easily accessible zone for regular picking.
22068,Active/Regular Products,Zone B,414414,,Keep in an easily accessible zone for regular picking.
20707,Active/Regular Products,Zone B,414369,,Keep in an easily accessible zone for regular picking.
22311,Active/Regular Products,Zone B,413646,,Keep in an easily accessible zone for regular picking.
23157,Active/Regular Products,Zone B,412879,,Keep in an easily accessible zone for regular picking.
22950,Active/Regular Products,Zone B,412365,,Keep in an easily accessible zone for regular picking.
22990,Active/Regular Products,Zone B,412296,,Keep in an easily accessible zone for regular picking.
22696,Active/Regular Products,Zone B,411928,,Keep in an easily accessible zone for regular picking.
84078A,Active/Regular Products,Zone B,411680,,Keep in an easily accessible zone for regular picking.
22680,Active/Regular Products,Zone B,410805,,Keep in an easily accessible zone for regular picking.
22679,Active/Regular Products,Zone B,409792,,Keep in an easily accessible zone for regular picking.
22478,Active/Regular Products,Zone B,408380,,Keep in an easily accessible zone for regular picking.
22608,Active/Regular Products,Zone B,408096,,Keep in an easily accessible zone for regular picking.
22821,Active/Regular Products,Zone B,407270,,Keep in an easily accessible zone for regular picking.
22498,Active/Regular Products,Zone B,406800,,Keep in an easily accessible zone for regular picking.
20752,Active/Regular Products,Zone B,406704,,Keep in an easily accessible zone for regular picking.
22639,Active/Regular Products,Zone B,406112,,Keep in an easily accessible zone for regular picking.
16236,Active/Regular Products,Zone B,405008,,Keep in an easily accessible zone for regular picking.
22976,Active/Regular Products,Zone B,404118,,Keep in an easily accessible zone for regular picking.
22452,Active/Regular Products,Zone B,403344,,Keep in an easily accessible zone for regular picking.
22838,Active/Regular Products,Zone B,403200,,Keep in an easily accessible zone for regular picking.
16238,Active/Regular Products,Zone B,403072,,Keep in an easily accessible zone for regular picking.
22249,Active/Regular Products,Zone B,402665,,Keep in an easily accessible zone for regular picking.
22671,Active/Regular Products,Zone B,402480,,Keep in an easily accessible zone for regular picking.
22539,Active/Regular Products,Zone B,401472,,Keep in an easily accessible zone for regular picking.
22536,Active/Regular Products,Zone B,401388,,Keep in an easily accessible zone for regular picking.
22948,Active/Regular Products,Zone B,401064,,Keep in an easily accessible zone for regular picking.
22080,Active/Regular Products,Zone B,400830,,Keep in an easily accessible zone for regular picking.
22650,Active/Regular Products,Zone B,400543,,Keep in an easily accessible zone for regular picking.
23145,Active/Regular Products,Zone B,400192,,Keep in an easily accessible zone for regular picking.
22093,Active/Regular Products,Zone B,400000,,Keep in an easily accessible zone for regular picking.
85032C,Active/Regular Products,Zone B,399560,,Keep in an easily accessible zone for regular picking.
22973,Active/Regular Products,Zone B,399456,,Keep in an easily accessible zone for regular picking.
22318,Active/Regular Products,Zone B,398878,,Keep in an easily accessible zone for regular picking.
22892,Active/Regular Products,Zone B,398597,,Keep in an easily accessible zone for regular picking.
22186,Active/Regular Products,Zone B,398128,,Keep in an easily accessible zone for regular picking.
21705,Active/Regular Products,Zone B,398043,,Keep in an easily accessible zone for regular picking.
23053,Active/Regular Products,Zone B,398028,,Keep in an easily accessible zone for regular picking.
22081,Active/Regular Products,Zone B,397578,,Keep in an easily accessible zone for regular picking.
21987,Active/Regular Products,Zone B,397062,,Keep in an easily accessible zone for regular picking.
15034,Active/Regular Products,Zone B,395922,,Keep in an easily accessible zone for regular picking.
85038,Active/Regular Products,Zone B,395470,,Keep in an easily accessible zone for regular picking.
23051,Active/Regular Products,Zone B,395442,,Keep in an easily accessible zone for regular picking.
22262,Active/Regular Products,Zone B,395382,,Keep in an easily accessible zone for regular picking.
47599A,Active/Regular Products,Zone B,395340,,Keep in an easily accessible zone for regular picking.
85015,Active/Regular Products,Zone B,395109,,Keep in an easily accessible zone for regular picking.
23280,Active/Regular Products,Zone B,394698,,Keep in an easily accessible zone for regular picking.
22842,Active/Regular Products,Zone B,394632,,Keep in an easily accessible zone for regular picking.
21407,Active/Regular Products,Zone B,394542,,Keep in an easily accessible zone for regular picking.
22689,Active/Regular Products,Zone B,393908,,Keep in an easily accessible zone for regular picking.
22436,Active/Regular Products,Zone B,393482,,Keep in an easily accessible zone for regular picking.
23129,Active/Regular Products,Zone B,392848,,Keep in an easily accessible zone for regular picking.
22362,Active/Regular Products,Zone B,392749,,Keep in an easily accessible zone for regular picking.
85178,Active/Regular Products,Zone B,392280,,Keep in an easily accessible zone for regular picking.
22133,Active/Regular Products,Zone B,392084,,Keep in an easily accessible zone for regular picking.
21650,Active/Regular Products,Zone B,391908,,Keep in an easily accessible zone for regular picking.
21447,Active/Regular Products,Zone B,391904,,Keep in an easily accessible zone for regular picking.
22231,Active/Regular Products,Zone B,391680,,Keep in an easily accessible zone for regular picking.
21872,Active/Regular Products,Zone B,391494,,Keep in an easily accessible zone for regular picking.
22942,Active/Regular Products,Zone B,390792,,Keep in an easily accessible zone for regular picking.
21616,Active/Regular Products,Zone B,390540,,Keep in an easily accessible zone for regular picking.
21679,Active/Regular Products,Zone B,390126,,Keep in an easily accessible zone for regular picking.
21870,Active/Regular Products,Zone B,389081,,Keep in an easily accessible zone for regular picking.
23119,Active/Regular Products,Zone B,388825,,Keep in an easily accessible zone for regular picking.
22228,Active/Regular Products,Zone B,388521,,Keep in an easily accessible zone for regular picking.
23090,Active/Regular Products,Zone B,388294,,Keep in an easily accessible zone for regular picking.
22449,Active/Regular Products,Zone B,387959,,Keep in an easily accessible zone for regular picking.
22774,Active/Regular Products,Zone B,387660,,Keep in an easily accessible zone for regular picking.
72800E,Active/Regular Products,Zone B,387328,,Keep in an easily accessible zone for regular picking.
22251,Active/Regular Products,Zone B,387162,,Keep in an easily accessible zone for regular picking.
22322,Active/Regular Products,Zone B,386281,,Keep in an easily accessible zone for regular picking.
21615,Active/Regular Products,Zone B,385830,,Keep in an easily accessible zone for regular picking.
22035,Active/Regular Products,Zone B,385244,,Keep in an easily accessible zone for regular picking.
23376,Active/Regular Products,Zone B,385175,,Keep in an easily accessible zone for regular picking.
22822,Active/Regular Products,Zone B,385046,,Keep in an easily accessible zone for regular picking.
23102,Active/Regular Products,Zone B,384493,,Keep in an easily accessible zone for regular picking.
22045,Active/Regular Products,Zone B,384176,,Keep in an easily accessible zone for regular picking.
22321,Active/Regular Products,Zone B,382932,,Keep in an easily accessible zone for regular picking.
20985,Active/Regular Products,Zone B,382913,,Keep in an easily accessible zone for regular picking.
23213,Active/Regular Products,Zone B,382888,,Keep in an easily accessible zone for regular picking.
22613,Active/Regular Products,Zone B,382075,,Keep in an easily accessible zone for regular picking.
22314,Active/Regular Products,Zone B,380779,,Keep in an easily accessible zone for regular picking.
22072,Active/Regular Products,Zone B,380214,,Keep in an easily accessible zone for regular picking.
22279,Active/Regular Products,Zone B,379904,,Keep in an easily accessible zone for regular picking.
22446,Active/Regular Products,Zone B,379715,,Keep in an easily accessible zone for regular picking.
22097,Active/Regular Products,Zone B,378450,,Keep in an easily accessible zone for regular picking.
23133,Active/Regular Products,Zone B,378200,,Keep in an easily accessible zone for regular picking.
21470,Active/Regular Products,Zone B,378140,,Keep in an easily accessible zone for regular picking.
23096,Active/Regular Products,Zone B,377848,,Keep in an easily accessible zone for regular picking.
35648,Active/Regular Products,Zone B,377728,,Keep in an easily accessible zone for regular picking.
22902,Active/Regular Products,Zone B,377128,,Keep in an easily accessible zone for regular picking.
21439,Active/Regular Products,Zone B,376870,,Keep in an easily accessible zone for regular picking.
22153,Active/Regular Products,Zone B,376756,,Keep in an easily accessible zone for regular picking.
23489,Active/Regular Products,Zone B,376671,,Keep in an easily accessible zone for regular picking.
23370,Active/Regular Products,Zone B,376594,,Keep in an easily accessible zone for regular picking.
23132,Active/Regular Products,Zone B,376504,,Keep in an easily accessible zone for regular picking.
22412,Active/Regular Products,Zone B,376320,,Keep in an easily accessible zone for regular picking.
22854,Active/Regular Products,Zone B,376257,,Keep in an easily accessible zone for regular picking.
23221,Active/Regular Products,Zone B,375550,,Keep in an easily accessible zone for regular picking.
22731,Active/Regular Products,Zone B,374517,,Keep in an easily accessible zone for regular picking.
21894,Active/Regular Products,Zone B,374400,,Keep in an easily accessible zone for regular picking.
21454,Active/Regular Products,Zone B,374000,,Keep in an easily accessible zone for regular picking.
22342,Active/Regular Products,Zone B,371712,,Keep in an easily accessible zone for regular picking.
22200,Active/Regular Products,Zone B,371420,,Keep in an easily accessible zone for regular picking.
22440,Active/Regular Products,Zone B,370986,,Keep in an easily accessible zone for regular picking.
22735,Active/Regular Products,Zone B,370872,,Keep in an easily accessible zone for regular picking.
22475,Active/Regular Products,Zone B,370668,,Keep in an easily accessible zone for regular picking.
23340,Active/Regular Products,Zone B,369950,,Keep in an easily accessible zone for regular picking.
22592,Active/Regular Products,Zone B,369900,,Keep in an easily accessible zone for regular picking.
22955,Active/Regular Products,Zone B,369840,,Keep in an easily accessible zone for regular picking.
22312,Active/Regular Products,Zone B,369027,,Keep in an easily accessible zone for regular picking.
23237,Active/Regular Products,Zone B,368160,,Keep in an easily accessible zone for regular picking.
23372,Active/Regular Products,Zone B,367500,,Keep in an easily accessible zone for regular picking.
85032A,Active/Regular Products,Zone B,367470,,Keep in an easily accessible zone for regular picking.
23031,Active/Regular Products,Zone B,366885,,Keep in an easily accessible zone for regular picking.
22477,Active/Regular Products,Zone B,366141,,Keep in an easily accessible zone for regular picking.
22717,Active/Regular Products,Zone B,366014,,Keep in an easily accessible zone for regular picking.
22977,Active/Regular Products,Zone B,365985,,Keep in an easily accessible zone for regular picking.
22445,Active/Regular Products,Zone B,365950,,Keep in an easily accessible zone for regular picking.
22859,Active/Regular Products,Zone B,365612,,Keep in an easily accessible zone for regular picking.
22778,Active/Regular Products,Zone B,364507,,Keep in an easily accessible zone for regular picking.
22927,Active/Regular Products,Zone B,364228,,Keep in an easily accessible zone for regular picking.
23394,Active/Regular Products,Zone B,363150,,Keep in an easily accessible zone for regular picking.
85059,Active/Regular Products,Zone B,363008,,Keep in an easily accessible zone for regular picking.
85203,Active/Regular Products,Zone B,362966,,Keep in an easily accessible zone for regular picking.
22180,Active/Regular Products,Zone B,362855,,Keep in an easily accessible zone for regular picking.
22474,Active/Regular Products,Zone B,362340,,Keep in an easily accessible zone for regular picking.
23390,Active/Regular Products,Zone B,362023,,Keep in an easily accessible zone for regular picking.
23299,Active/Regular Products,Zone B,361642,,Keep in an easily accessible zone for regular picking.
22420,Active/Regular Products,Zone B,361620,,Keep in an easily accessible zone for regular picking.
22025,Active/Regular Products,Zone B,361400,,Keep in an easily accessible zone for regular picking.
21207,Active/Regular Products,Zone B,361284,,Keep in an easily accessible zone for regular picking.
22535,Active/Regular Products,Zone B,360192,,Keep in an easily accessible zone for regular picking.
23541,Active/Regular Products,Zone B,360088,,Keep in an easily accessible zone for regular picking.
23388,Active/Regular Products,Zone B,359898,,Keep in an easily accessible zone for regular picking.
22123,Active/Regular Products,Zone B,359290,,Keep in an easily accessible zone for regular picking.
85032B,Active/Regular Products,Zone B,358967,,Keep in an easily accessible zone for regular picking.
23526,Active/Regular Products,Zone B,358644,,Keep in an easily accessible zone for regular picking.
22402,Active/Regular Products,Zone B,358625,,Keep in an easily accessible zone for regular picking.
21110,Active/Regular Products,Zone B,358450,,Keep in an easily accessible zone for regular picking.
21801,Active/Regular Products,Zone B,357375,,Keep in an easily accessible zone for regular picking.
22400,Active/Regular Products,Zone B,357150,,Keep in an easily accessible zone for regular picking.
22481,Active/Regular Products,Zone B,357120,,Keep in an easily accessible zone for regular picking.
21749,Active/Regular Products,Zone B,356860,,Keep in an easily accessible zone for regular picking.
47503A,Active/Regular Products,Zone B,356807,,Keep in an easily accessible zone for regular picking.
22163,Active/Regular Products,Zone B,356728,,Keep in an easily accessible zone for regular picking.
22946,Active/Regular Products,Zone B,356611,,Keep in an easily accessible zone for regular picking.
22376,Active/Regular Products,Zone B,355874,,Keep in an easily accessible zone for regular picking.
21126,Active/Regular Products,Zone B,355572,,Keep in an easily accessible zone for regular picking.
22476,Active/Regular Products,Zone B,354375,,Keep in an easily accessible zone for regular picking.
23551,Active/Regular Products,Zone B,354144,,Keep in an easily accessible zone for regular picking.
72760B,Active/Regular Products,Zone B,353736,,Keep in an easily accessible zone for regular picking.
22340,Active/Regular Products,Zone B,353408,,Keep in an easily accessible zone for regular picking.
23029,Active/Regular Products,Zone B,353028,,Keep in an easily accessible zone for regular picking.
37450,Active/Regular Products,Zone B,352956,,Keep in an easily accessible zone for regular picking.
22121,Active/Regular Products,Zone B,351918,,Keep in an easily accessible zone for regular picking.
22396,Active/Regular Products,Zone B,351616,,Keep in an easily accessible zone for regular picking.
23282,Active/Regular Products,Zone B,350460,,Keep in an easily accessible zone for regular picking.
15060B,Active/Regular Products,Zone B,350032,,Keep in an easily accessible zone for regular picking.
22703,Active/Regular Products,Zone B,349197,,Keep in an easily accessible zone for regular picking.
21883,Active/Regular Products,Zone B,348992,,Keep in an easily accessible zone for regular picking.
22309,Active/Regular Products,Zone B,347633,,Keep in an easily accessible zone for regular picking.
46000S,Active/Regular Products,Zone B,347430,,Keep in an easily accessible zone for regular picking.
22284,Active/Regular Products,Zone B,347412,,Keep in an easily accessible zone for regular picking.
23189,Active/Regular Products,Zone B,347142,,Keep in an easily accessible zone for regular picking.
23506,Active/Regular Products,Zone B,346312,,Keep in an easily accessible zone for regular picking.
22403,Active/Regular Products,Zone B,346000,,Keep in an easily accessible zone for regular picking.
22190,Active/Regular Products,Zone B,345448,,Keep in an easily accessible zone for regular picking.
15056P,Active/Regular Products,Zone B,345024,,Keep in an easily accessible zone for regular picking.
23122,Active/Regular Products,Zone B,344470,,Keep in an easily accessible zone for regular picking.
23255,Active/Regular Products,Zone B,344440,,Keep in an easily accessible zone for regular picking.
47310M,Active/Regular Products,Zone B,344003,,Keep in an easily accessible zone for regular picking.
20984,Active/Regular Products,Zone B,343740,,Keep in an easily accessible zone for regular picking.
84279P,Active/Regular Products,Zone B,343602,,Keep in an easily accessible zone for regular picking.
22182,Active/Regular Products,Zone B,342942,,Keep in an easily accessible zone for regular picking.
22789,Active/Regular Products,Zone B,342516,,Keep in an easily accessible zone for regular picking.
22756,Active/Regular Products,Zone B,342309,,Keep in an easily accessible zone for regular picking.
22695,Active/Regular Products,Zone B,342309,,Keep in an easily accessible zone for regular picking.
85087,Active/Regular Products,Zone B,341875,,Keep in an easily accessible zone for regular picking.
21867,Active/Regular Products,Zone B,341341,,Keep in an easily accessible zone for regular picking.
23342,Active/Regular Products,Zone B,340670,,Keep in an easily accessible zone for regular picking.
23377,Active/Regular Products,Zone B,340613,,Keep in an easily accessible zone for regular picking.
85035C,Active/Regular Products,Zone B,340210,,Keep in an easily accessible zone for regular picking.
37340,Active/Regular Products,Zone B,339930,,Keep in an easily accessible zone for regular picking.
22931,Active/Regular Products,Zone B,339012,,Keep in an easily accessible zone for regular picking.
21114,Active/Regular Products,Zone B,338928,,Keep in an easily accessible zone for regular picking.
35953,Active/Regular Products,Zone B,338504,,Keep in an easily accessible zone for regular picking.
21744,Active/Regular Products,Zone B,338455,,Keep in an easily accessible zone for regular picking.
82599,Active/Regular Products,Zone B,338400,,Keep in an easily accessible zone for regular picking.
21730,Active/Regular Products,Zone B,338373,,Keep in an easily accessible zone for regular picking.
21408,Active/Regular Products,Zone B,338364,,Keep in an easily accessible zone for regular picking.
21677,Active/Regular Products,Zone B,337841,,Keep in an easily accessible zone for regular picking.
22673,Active/Regular Products,Zone B,337587,,Keep in an easily accessible zone for regular picking.
47567B,Active/Regular Products,Zone B,337554,,Keep in an easily accessible zone for regular picking.
82001S,Active/Regular Products,Zone B,337439,,Keep in an easily accessible zone for regular picking.
23081,Active/Regular Products,Zone B,337214,,Keep in an easily accessible zone for regular picking.
21014,Active/Regular Products,Zone B,337008,,Keep in an easily accessible zone for regular picking.
22523,Active/Regular Products,Zone B,336420,,Keep in an easily accessible zone for regular picking.
84913A,Active/Regular Products,Zone B,336164,,Keep in an easily accessible zone for regular picking.
21249,Active/Regular Products,Zone B,335937,,Keep in an easily accessible zone for regular picking.
84950,Active/Regular Products,Zone B,335400,,Keep in an easily accessible zone for regular picking.
23152,Active/Regular Products,Zone B,335013,,Keep in an easily accessible zone for regular picking.
23093,Active/Regular Products,Zone B,334836,,Keep in an easily accessible zone for regular picking.
70006,Active/Regular Products,Zone B,334800,,Keep in an easily accessible zone for regular picking.
22349,Active/Regular Products,Zone B,334181,,Keep in an easily accessible zone for regular picking.
85078,Active/Regular Products,Zone B,334180,,Keep in an easily accessible zone for regular picking.
21389,Active/Regular Products,Zone B,333696,,Keep in an easily accessible zone for regular picking.
85071B,Active/Regular Products,Zone B,333375,,Keep in an easily accessible zone for regular picking.
22269,Active/Regular Products,Zone B,332875,,Keep in an easily accessible zone for regular picking.
22332,Active/Regular Products,Zone B,331224,,Keep in an easily accessible zone for regular picking.
22701,Active/Regular Products,Zone B,330625,,Keep in an easily accessible zone for regular picking.
84519B,Active/Regular Products,Zone B,330624,,Keep in an easily accessible zone for regular picking.
22183,Active/Regular Products,Zone B,330240,,Keep in an easily accessible zone for regular picking.
21382,Active/Regular Products,Zone B,330112,,Keep in an easily accessible zone for regular picking.
21058,Active/Regular Products,Zone B,329888,,Keep in an easily accessible zone for regular picking.
21163,Active/Regular Products,Zone B,329819,,Keep in an easily accessible zone for regular picking.
23155,Active/Regular Products,Zone B,329130,,Keep in an easily accessible zone for regular picking.
47504H,Active/Regular Products,Zone B,329102,,Keep in an easily accessible zone for regular picking.
23228,Active/Regular Products,Zone B,326875,,Keep in an easily accessible zone for regular picking.
23297,Active/Regular Products,Zone B,325542,,Keep in an easily accessible zone for regular picking.
22599,Active/Regular Products,Zone B,325458,,Keep in an easily accessible zone for regular picking.
22715,Active/Regular Products,Zone B,325390,,Keep in an easily accessible zone for regular picking.
22681,Active/Regular Products,Zone B,325332,,Keep in an easily accessible zone for regular picking.
85175,Active/Regular Products,Zone B,324181,,Keep in an easily accessible zone for regular picking.
23403,Active/Regular Products,Zone B,324012,,Keep in an easily accessible zone for regular picking.
23424,Active/Regular Products,Zone B,323865,,Keep in an easily accessible zone for regular picking.
21706,Active/Regular Products,Zone B,323640,,Keep in an easily accessible zone for regular picking.
22350,Active/Regular Products,Zone B,323400,,Keep in an easily accessible zone for regular picking.
21813,Active/Regular Products,Zone B,323232,,Keep in an easily accessible zone for regular picking.
21215,Active/Regular Products,Zone B,322772,,Keep in an easily accessible zone for regular picking.
23334,Active/Regular Products,Zone B,322010,,Keep in an easily accessible zone for regular picking.
22947,Active/Regular Products,Zone B,321813,,Keep in an easily accessible zone for regular picking.
23128,Active/Regular Products,Zone B,321646,,Keep in an easily accessible zone for regular picking.
85034B,Active/Regular Products,Zone B,321480,,Keep in an easily accessible zone for regular picking.
23559,Active/Regular Products,Zone B,321160,,Keep in an easily accessible zone for regular picking.
21578,Active/Regular Products,Zone B,320040,,Keep in an easily accessible zone for regular picking.
21288,Active/Regular Products,Zone B,319440,,Keep in an easily accessible zone for regular picking.
21159,Active/Regular Products,Zone B,319300,,Keep in an easily accessible zone for regular picking.
21675,Active/Regular Products,Zone B,319000,,Keep in an easily accessible zone for regular picking.
21042,Active/Regular Products,Zone B,318330,,Keep in an easily accessible zone for regular picking.
22310,Active/Regular Products,Zone B,317735,,Keep in an easily accessible zone for regular picking.
70007,Active/Regular Products,Zone B,317683,,Keep in an easily accessible zone for regular picking.
82613D,Active/Regular Products,Zone B,317349,,Keep in an easily accessible zone for regular picking.
11001,Active/Regular Products,Zone B,316852,,Keep in an easily accessible zone for regular picking.
21873,Active/Regular Products,Zone B,316680,,Keep in an easily accessible zone for regular picking.
22293,Active/Regular Products,Zone B,315858,,Keep in an easily accessible zone for regular picking.
22939,Active/Regular Products,Zone B,315500,,Keep in an easily accessible zone for regular picking.
21809,Active/Regular Products,Zone B,315432,,Keep in an easily accessible zone for regular picking.
22811,Active/Regular Products,Zone B,314928,,Keep in an easily accessible zone for regular picking.
82613B,Active/Regular Products,Zone B,314907,,Keep in an easily accessible zone for regular picking.
84796B,Active/Regular Products,Zone B,314588,,Keep in an easily accessible zone for regular picking.
21945,Active/Regular Products,Zone B,314160,,Keep in an easily accessible zone for regular picking.
22604,Active/Regular Products,Zone B,313625,,Keep in an easily accessible zone for regular picking.
23111,Active/Regular Products,Zone B,313398,,Keep in an easily accessible zone for regular picking.
22070,Active/Regular Products,Zone B,312388,,Keep in an easily accessible zone for regular picking.
20986,Active/Regular Products,Zone B,312332,,Keep in an easily accessible zone for regular picking.
85131A,Active/Regular Products,Zone B,312018,,Keep in an easily accessible zone for regular picking.
85054,Active/Regular Products,Zone B,311765,,Keep in an easily accessible zone for regular picking.
23068,Active/Regular Products,Zone B,311576,,Keep in an easily accessible zone for regular picking.
21942,Active/Regular Products,Zone B,311060,,Keep in an easily accessible zone for regular picking.
22061,Active/Regular Products,Zone B,310542,,Keep in an easily accessible zone for regular picking.
37447,Active/Regular Products,Zone B,309580,,Keep in an easily accessible zone for regular picking.
72349B,Active/Regular Products,Zone B,309396,,Keep in an easily accessible zone for regular picking.
22928,Active/Regular Products,Zone B,308545,,Keep in an easily accessible zone for regular picking.
23407,Active/Regular Products,Zone B,308294,,Keep in an easily accessible zone for regular picking.
22583,Active/Regular Products,Zone B,308136,,Keep in an easily accessible zone for regular picking.
22683,Active/Regular Products,Zone B,306068,,Keep in an easily accessible zone for regular picking.
22243,Active/Regular Products,Zone B,305885,,Keep in an easily accessible zone for regular picking.
22905,Active/Regular Products,Zone B,305580,,Keep in an easily accessible zone for regular picking.
22308,Active/Regular Products,Zone B,305235,,Keep in an easily accessible zone for regular picking.
22285,Active/Regular Products,Zone B,305160,,Keep in an easily accessible zone for regular picking.
23054,Active/Regular Products,Zone B,304720,,Keep in an easily accessible zone for regular picking.
23008,Active/Regular Products,Zone B,304570,,Keep in an easily accessible zone for regular picking.
37500,Active/Regular Products,Zone B,303631,,Keep in an easily accessible zone for regular picking.
21245,Active/Regular Products,Zone B,303616,,Keep in an easily accessible zone for regular picking.
21591,Active/Regular Products,Zone B,303388,,Keep in an easily accessible zone for regular picking.
21824,Active/Regular Products,Zone B,302796,,Keep in an easily accessible zone for regular picking.
21455,Active/Regular Products,Zone B,302796,,Keep in an easily accessible zone for regular picking.
47563A,Active/Regular Products,Zone B,302715,,Keep in an easily accessible zone for regular picking.
21446,Active/Regular Products,Zone B,302610,,Keep in an easily accessible zone for regular picking.
22066,Active/Regular Products,Zone B,302535,,Keep in an easily accessible zone for regular picking.
22434,Active/Regular Products,Zone B,302312,,Keep in an easily accessible zone for regular picking.
23369,Active/Regular Products,Zone B,300762,,Keep in an easily accessible zone for regular picking.
21819,Active/Regular Products,Zone B,299956,,Keep in an easily accessible zone for regular picking.
21846,Active/Regular Products,Zone B,299627,,Keep in an easily accessible zone for regular picking.
21109,Active/Regular Products,Zone B,299488,,Keep in an easily accessible zone for regular picking.
22944,Active/Regular Products,Zone B,299478,,Keep in an easily accessible zone for regular picking.
22261,Active/Regular Products,Zone B,299172,,Keep in an easily accessible zone for regular picking.
22260,Active/Regular Products,Zone B,299104,,Keep in an easily accessible zone for regular picking.
21564,Active/Regular Products,Zone B,299013,,Keep in an easily accessible zone for regular picking.
16156S,Active/Regular Products,Zone B,298429,,Keep in an easily accessible zone for regular picking.
22831,Active/Regular Products,Zone B,298386,,Keep in an easily accessible zone for regular picking.
21504,Active/Regular Products,Zone B,298080,,Keep in an easily accessible zone for regular picking.
22986,Active/Regular Products,Zone B,298065,,Keep in an easily accessible zone for regular picking.
23028,Active/Regular Products,Zone B,297701,,Keep in an easily accessible zone for regular picking.
21358,Active/Regular Products,Zone B,297432,,Keep in an easily accessible zone for regular picking.
23061,Active/Regular Products,Zone B,297297,,Keep in an easily accessible zone for regular picking.
22286,Active/Regular Products,Zone B,297160,,Keep in an easily accessible zone for regular picking.
21739,Active/Regular Products,Zone B,296925,,Keep in an easily accessible zone for regular picking.
22473,Active/Regular Products,Zone B,296800,,Keep in an easily accessible zone for regular picking.
35095A,Active/Regular Products,Zone B,296800,,Keep in an easily accessible zone for regular picking.
22704,Active/Regular Products,Zone B,296670,,Keep in an easily accessible zone for regular picking.
22063,Active/Regular Products,Zone B,296520,,Keep in an easily accessible zone for regular picking.
22247,Active/Regular Products,Zone B,296060,,Keep in an easily accessible zone for regular picking.
22248,Active/Regular Products,Zone B,296044,,Keep in an easily accessible zone for regular picking.
21495,Active/Regular Products,Zone B,296010,,Keep in an easily accessible zone for regular picking.
79000,Active/Regular Products,Zone B,295875,,Keep in an easily accessible zone for regular picking.
72807A,Active/Regular Products,Zone B,295855,,Keep in an easily accessible zone for regular picking.
37449,Active/Regular Products,Zone B,295834,,Keep in an easily accessible zone for regular picking.
23437,Active/Regular Products,Zone B,295536,,Keep in an easily accessible zone for regular picking.
23270,Active/Regular Products,Zone B,294125,,Keep in an easily accessible zone for regular picking.
72807B,Active/Regular Products,Zone B,293920,,Keep in an easily accessible zone for regular picking.
22471,Active/Regular Products,Zone B,292215,,Keep in an easily accessible zone for regular picking.
22428,Active/Regular Products,Zone B,291840,,Keep in an easily accessible zone for regular picking.
21403,Active/Regular Products,Zone B,291394,,Keep in an easily accessible zone for regular picking.
21355,Active/Regular Products,Zone B,291120,,Keep in an easily accessible zone for regular picking.
23227,Active/Regular Products,Zone B,291096,,Keep in an easily accessible zone for regular picking.
17084N,Active/Regular Products,Zone B,290678,,Keep in an easily accessible zone for regular picking.
21528,Active/Regular Products,Zone B,290487,,Keep in an easily accessible zone for regular picking.
23380,Active/Regular Products,Zone B,289916,,Keep in an easily accessible zone for regular picking.
22472,Active/Regular Products,Zone B,289863,,Keep in an easily accessible zone for regular picking.
20956,Active/Regular Products,Zone B,289668,,Keep in an easily accessible zone for regular picking.
21070,Active/Regular Products,Zone B,288472,,Keep in an easily accessible zone for regular picking.
84012,Active/Regular Products,Zone B,288305,,Keep in an easily accessible zone for regular picking.
84006,Active/Regular Products,Zone B,288120,,Keep in an easily accessible zone for regular picking.
20839,Active/Regular Products,Zone B,287910,,Keep in an easily accessible zone for regular picking.
20735,Active/Regular Products,Zone B,287840,,Keep in an easily accessible zone for regular picking.
21944,Active/Regular Products,Zone B,287700,,Keep in an easily accessible zone for regular picking.
22933,Active/Regular Products,Zone B,287554,,Keep in an easily accessible zone for regular picking.
35964,Active/Regular Products,Zone B,287500,,Keep in an easily accessible zone for regular picking.
21584,Active/Regular Products,Zone B,287036,,Keep in an easily accessible zone for regular picking.
21394,Active/Regular Products,Zone B,287021,,Keep in an easily accessible zone for regular picking.
21865,Active/Regular Products,Zone B,286942,,Keep in an easily accessible zone for regular picking.
23252,Active/Regular Products,Zone B,286902,,Keep in an easily accessible zone for regular picking.
35095B,Active/Regular Products,Zone B,286454,,Keep in an easily accessible zone for regular picking.
84923,Active/Regular Products,Zone B,286454,,Keep in an easily accessible zone for regular picking.
21680,Active/Regular Products,Zone B,285310,,Keep in an easily accessible zone for regular picking.
22547,Active/Regular Products,Zone B,285224,,Keep in an easily accessible zone for regular picking.
22291,Active/Regular Products,Zone B,284040,,Keep in an easily accessible zone for regular picking.
23341,Active/Regular Products,Zone B,283866,,Keep in an easily accessible zone for regular picking.
85202,Active/Regular Products,Zone B,283020,,Keep in an easily accessible zone for regular picking.
16225,Active/Regular Products,Zone B,282744,,Keep in an easily accessible zone for regular picking.
23274,Active/Regular Products,Zone B,282387,,Keep in an easily accessible zone for regular picking.
85170D,Active/Regular Products,Zone B,282200,,Keep in an easily accessible zone for regular picking.
21363,Active/Regular Products,Zone B,281625,,Keep in an easily accessible zone for regular picking.
84598,Active/Regular Products,Zone B,280962,,Keep in an easily accessible zone for regular picking.
84968C,Active/Regular Products,Zone B,280800,,Keep in an easily accessible zone for regular picking.
22130,Active/Regular Products,Zone B,280390,,Keep in an easily accessible zone for regular picking.
85204,Active/Regular Products,Zone B,280280,,Keep in an easily accessible zone for regular picking.
23392,Active/Regular Products,Zone B,280127,,Keep in an easily accessible zone for regular picking.
23510,Active/Regular Products,Zone B,278640,,Keep in an easily accessible zone for regular picking.
22913,Active/Regular Products,Zone B,278432,,Keep in an easily accessible zone for regular picking.
20669,Active/Regular Products,Zone B,278400,,Keep in an easily accessible zone for regular picking.
22763,Active/Regular Products,Zone B,278316,,Keep in an easily accessible zone for regular picking.
22852,Active/Regular Products,Zone B,278250,,Keep in an easily accessible zone for regular picking.
21556,Active/Regular Products,Zone B,278160,,Keep in an easily accessible zone for regular picking.
47574A,Active/Regular Products,Zone B,277932,,Keep in an easily accessible zone for regular picking.
22096,Active/Regular Products,Zone B,277875,,Keep in an easily accessible zone for regular picking.
23681,Active/Regular Products,Zone B,277464,,Keep in an easily accessible zone for regular picking.
23092,Active/Regular Products,Zone B,277155,,Keep in an easily accessible zone for regular picking.
22691,Active/Regular Products,Zone B,276840,,Keep in an easily accessible zone for regular picking.
21055,Active/Regular Products,Zone B,276675,,Keep in an easily accessible zone for regular picking.
17012D,Active/Regular Products,Zone B,276547,,Keep in an easily accessible zone for regular picking.
16219,Active/Regular Products,Zone B,276400,,Keep in an easily accessible zone for regular picking.
47580,Active/Regular Products,Zone B,276320,,Keep in an easily accessible zone for regular picking.
22615,Active/Regular Products,Zone B,276318,,Keep in an easily accessible zone for regular picking.
85183B,Active/Regular Products,Zone B,276238,,Keep in an easily accessible zone for regular picking.
21125,Active/Regular Products,Zone B,276143,,Keep in an easily accessible zone for regular picking.
22848,Active/Regular Products,Zone B,275584,,Keep in an easily accessible zone for regular picking.
22495,Active/Regular Products,Zone B,275380,,Keep in an easily accessible zone for regular picking.
22277,Active/Regular Products,Zone B,275100,,Keep in an easily accessible zone for regular picking.
21812,Active/Regular Products,Zone B,275100,,Keep in an easily accessible zone for regular picking.
23233,Active/Regular Products,Zone B,274446,,Keep in an easily accessible zone for regular picking.
21466,Active/Regular Products,Zone B,274400,,Keep in an easily accessible zone for regular picking.
23508,Active/Regular Products,Zone B,274200,,Keep in an easily accessible zone for regular picking.
85071C,Active/Regular Products,Zone B,273840,,Keep in an easily accessible zone for regular picking.
20619,Active/Regular Products,Zone B,273735,,Keep in an easily accessible zone for regular picking.
84569D,Active/Regular Products,Zone B,273616,,Keep in an easily accessible zone for regular picking.
22292,Active/Regular Products,Zone B,272944,,Keep in an easily accessible zone for regular picking.
17012F,Active/Regular Products,Zone B,272694,,Keep in an easily accessible zone for regular picking.
21617,Active/Regular Products,Zone B,272544,,Keep in an easily accessible zone for regular picking.
35004B,Active/Regular Products,Zone B,272172,,Keep in an easily accessible zone for regular picking.
20655,Active/Regular Products,Zone B,272151,,Keep in an easily accessible zone for regular picking.
21064,Active/Regular Products,Zone B,271791,,Keep in an easily accessible zone for regular picking.
22282,Active/Regular Products,Zone B,271557,,Keep in an easily accessible zone for regular picking.
22858,Active/Regular Products,Zone B,271320,,Keep in an easily accessible zone for regular picking.
22843,Active/Regular Products,Zone B,271152,,Keep in an easily accessible zone for regular picking.
22762,Active/Regular Products,Zone B,270928,,Keep in an easily accessible zone for regular picking.
22582,Active/Regular Products,Zone B,270810,,Keep in an easily accessible zone for regular picking.
22682,Active/Regular Products,Zone B,270635,,Keep in an easily accessible zone for regular picking.
22606,Active/Regular Products,Zone B,270368,,Keep in an easily accessible zone for regular picking.
21206,Active/Regular Products,Zone B,270320,,Keep in an easily accessible zone for regular picking.
84559A,Active/Regular Products,Zone B,269404,,Keep in an easily accessible zone for regular picking.
23121,Active/Regular Products,Zone B,269064,,Keep in an easily accessible zone for regular picking.
21191,Active/Regular Products,Zone B,268470,,Keep in an easily accessible zone for regular picking.
22981,Active/Regular Products,Zone B,267960,,Keep in an easily accessible zone for regular picking.
22230,Active/Regular Products,Zone B,267953,,Keep in an easily accessible zone for regular picking.
22479,Active/Regular Products,Zone B,267344,,Keep in an easily accessible zone for regular picking.
23010,Active/Regular Products,Zone B,267288,,Keep in an easily accessible zone for regular picking.
23507,Active/Regular Products,Zone B,267155,,Keep in an easily accessible zone for regular picking.
23338,Active/Regular Products,Zone B,266723,,Keep in an easily accessible zone for regular picking.
85071A,Active/Regular Products,Zone B,266511,,Keep in an easily accessible zone for regular picking.
22779,Active/Regular Products,Zone B,266263,,Keep in an easily accessible zone for regular picking.
23374,Active/Regular Products,Zone B,266061,,Keep in an easily accessible zone for regular picking.
21527,Active/Regular Products,Zone B,265968,,Keep in an easily accessible zone for regular picking.
21530,Active/Regular Products,Zone B,265928,,Keep in an easily accessible zone for regular picking.
22280,Active/Regular Products,Zone B,265810,,Keep in an easily accessible zone for regular picking.
35646,Active/Regular Products,Zone B,265738,,Keep in an easily accessible zone for regular picking.
82613C,Active/Regular Products,Zone B,265728,,Keep in an easily accessible zone for regular picking.
85132A,Active/Regular Products,Zone B,265650,,Keep in an easily accessible zone for regular picking.
22949,Active/Regular Products,Zone B,265545,,Keep in an easily accessible zone for regular picking.
37342,Active/Regular Products,Zone B,265524,,Keep in an easily accessible zone for regular picking.
72598,Active/Regular Products,Zone B,265050,,Keep in an easily accessible zone for regular picking.
22497,Active/Regular Products,Zone B,265000,,Keep in an easily accessible zone for regular picking.
22152,Active/Regular Products,Zone B,264600,,Keep in an easily accessible zone for regular picking.
84849D,Active/Regular Products,Zone B,264480,,Keep in an easily accessible zone for regular picking.
21096,Active/Regular Products,Zone B,264390,,Keep in an easily accessible zone for regular picking.
22176,Active/Regular Products,Zone B,264270,,Keep in an easily accessible zone for regular picking.
21391,Active/Regular Products,Zone B,264152,,Keep in an easily accessible zone for regular picking.
22233,Active/Regular Products,Zone B,263865,,Keep in an easily accessible zone for regular picking.
20615,Active/Regular Products,Zone B,263435,,Keep in an easily accessible zone for regular picking.
23331,Active/Regular Products,Zone B,262799,,Keep in an easily accessible zone for regular picking.
21107,Active/Regular Products,Zone B,262579,,Keep in an easily accessible zone for regular picking.
21896,Active/Regular Products,Zone B,262460,,Keep in an easily accessible zone for regular picking.
84951A,Active/Regular Products,Zone B,261888,,Keep in an easily accessible zone for regular picking.
23009,Active/Regular Products,Zone B,261311,,Keep in an easily accessible zone for regular picking.
22306,Active/Regular Products,Zone B,261183,,Keep in an easily accessible zone for regular picking.
22162,Active/Regular Products,Zone B,260897,,Keep in an easily accessible zone for regular picking.
21467,Active/Regular Products,Zone B,260832,,Keep in an easily accessible zone for regular picking.
84968A,Active/Regular Products,Zone B,259798,,Keep in an easily accessible zone for regular picking.
23273,Active/Regular Products,Zone B,259168,,Keep in an easily accessible zone for regular picking.
23501,Active/Regular Products,Zone B,258944,,Keep in an easily accessible zone for regular picking.
23220,Active/Regular Products,Zone B,258221,,Keep in an easily accessible zone for regular picking.
16169E,Active/Regular Products,Zone B,257472,,Keep in an easily accessible zone for regular picking.
22660,Active/Regular Products,Zone B,257244,,Keep in an easily accessible zone for regular picking.
22129,Active/Regular Products,Zone B,256400,,Keep in an easily accessible zone for regular picking.
22246,Active/Regular Products,Zone B,256230,,Keep in an easily accessible zone for regular picking.
22742,Active/Regular Products,Zone B,256035,,Keep in an easily accessible zone for regular picking.
21272,Active/Regular Products,Zone B,254822,,Keep in an easily accessible zone for regular picking.
21220,Active/Regular Products,Zone B,254807,,Keep in an easily accessible zone for regular picking.
21822,Active/Regular Products,Zone B,254625,,Keep in an easily accessible zone for regular picking.
23314,Active/Regular Products,Zone B,254592,,Keep in an easily accessible zone for regular picking.
85094,Active/Regular Products,Zone B,254520,,Keep in an easily accessible zone for regular picking.
22853,Active/Regular Products,Zone B,254504,,Keep in an easily accessible zone for regular picking.
20658,Active/Regular Products,Zone B,253680,,Keep in an easily accessible zone for regular picking.
23316,Active/Regular Products,Zone B,253660,,Keep in an easily accessible zone for regular picking.
21201,Active/Regular Products,Zone B,253207,,Keep in an easily accessible zone for regular picking.
23271,Active/Regular Products,Zone B,252720,,Keep in an easily accessible zone for regular picking.
22522,Active/Regular Products,Zone B,252672,,Keep in an easily accessible zone for regular picking.
20866,Active/Regular Products,Zone B,252450,,Keep in an easily accessible zone for regular picking.
22229,Active/Regular Products,Zone B,252197,,Keep in an easily accessible zone for regular picking.
22438,Active/Regular Products,Zone B,251664,,Keep in an easily accessible zone for regular picking.
21884,Active/Regular Products,Zone B,251658,,Keep in an easily accessible zone for regular picking.
21063,Active/Regular Products,Zone B,251532,,Keep in an easily accessible zone for regular picking.
21065,Active/Regular Products,Zone B,250290,,Keep in an easily accessible zone for regular picking.
85199L,Active/Regular Products,Zone B,250230,,Keep in an easily accessible zone for regular picking.
21211,Active/Regular Products,Zone B,249981,,Keep in an easily accessible zone for regular picking.
90114,Active/Regular Products,Zone B,249832,,Keep in an easily accessible zone for regular picking.
21823,Active/Regular Products,Zone B,249581,,Keep in an easily accessible zone for regular picking.
21618,Active/Regular Products,Zone B,249431,,Keep in an easily accessible zone for regular picking.
21111,Active/Regular Products,Zone B,249288,,Keep in an easily accessible zone for regular picking.
46776B,Active/Regular Products,Zone B,248864,,Keep in an easily accessible zone for regular picking.
22863,Active/Regular Products,Zone B,248820,,Keep in an easily accessible zone for regular picking.
21088,Active/Regular Products,Zone B,248745,,Keep in an easily accessible zone for regular picking.
23436,Active/Regular Products,Zone B,248520,,Keep in an easily accessible zone for regular picking.
22598,Active/Regular Products,Zone B,247665,,Keep in an easily accessible zone for regular picking.
23499,Active/Regular Products,Zone B,247610,,Keep in an easily accessible zone for regular picking.
46776F,Active/Regular Products,Zone B,247509,,Keep in an easily accessible zone for regular picking.
23267,Active/Regular Products,Zone B,246672,,Keep in an easily accessible zone for regular picking.
21219,Active/Regular Products,Zone B,246085,,Keep in an easily accessible zone for regular picking.
23251,Active/Regular Products,Zone B,245400,,Keep in an easily accessible zone for regular picking.
22922,Active/Regular Products,Zone B,244086,,Keep in an easily accessible zone for regular picking.
85032D,Active/Regular Products,Zone B,243660,,Keep in an easily accessible zone for regular picking.
22264,Active/Regular Products,Zone B,243552,,Keep in an easily accessible zone for regular picking.
23244,Active/Regular Products,Zone B,243488,,Keep in an easily accessible zone for regular picking.
21642,Active/Regular Products,Zone B,243208,,Keep in an easily accessible zone for regular picking.
22514,Active/Regular Products,Zone B,243045,,Keep in an easily accessible zone for regular picking.
22117,Active/Regular Products,Zone B,242915,,Keep in an easily accessible zone for regular picking.
23552,Active/Regular Products,Zone B,242904,,Keep in an easily accessible zone for regular picking.
22684,Active/Regular Products,Zone B,242844,,Keep in an easily accessible zone for regular picking.
22959,Active/Regular Products,Zone B,242110,,Keep in an easily accessible zone for regular picking.
21402,Active/Regular Products,Zone B,241868,,Keep in an easily accessible zone for regular picking.
23435,Active/Regular Products,Zone B,241362,,Keep in an easily accessible zone for regular picking.
15044A,Active/Regular Products,Zone B,240312,,Keep in an easily accessible zone for regular picking.
23161,Active/Regular Products,Zone B,240002,,Keep in an easily accessible zone for regular picking.
21588,Active/Regular Products,Zone B,239976,,Keep in an easily accessible zone for regular picking.
22215,Active/Regular Products,Zone B,239673,,Keep in an easily accessible zone for regular picking.
17012B,Active/Regular Products,Zone B,239530,,Keep in an easily accessible zone for regular picking.
23505,Active/Regular Products,Zone B,239430,,Keep in an easily accessible zone for regular picking.
17012C,Active/Regular Products,Zone B,239275,,Keep in an easily accessible zone for regular picking.
22085,Active/Regular Products,Zone B,239105,,Keep in an easily accessible zone for regular picking.
21192,Active/Regular Products,Zone B,238656,,Keep in an easily accessible zone for regular picking.
21879,Active/Regular Products,Zone B,238196,,Keep in an easily accessible zone for regular picking.
23226,Active/Regular Products,Zone B,237944,,Keep in an easily accessible zone for regular picking.
85169A,Active/Regular Products,Zone B,237600,,Keep in an easily accessible zone for regular picking.
22953,Active/Regular Products,Zone B,237552,,Keep in an easily accessible zone for regular picking.
21794,Active/Regular Products,Zone B,237546,,Keep in an easily accessible zone for regular picking.
22317,Active/Regular Products,Zone B,237452,,Keep in an easily accessible zone for regular picking.
21622,Active/Regular Products,Zone B,237328,,Keep in an easily accessible zone for regular picking.
22912,Active/Regular Products,Zone B,237100,,Keep in an easily accessible zone for regular picking.
35971,Active/Regular Products,Zone B,236984,,Keep in an easily accessible zone for regular picking.
23123,Active/Regular Products,Zone B,236740,,Keep in an easily accessible zone for regular picking.
46000M,Active/Regular Products,Zone B,236325,,Keep in an easily accessible zone for regular picking.
22719,Active/Regular Products,Zone B,236094,,Keep in an easily accessible zone for regular picking.
23214,Active/Regular Products,Zone B,236076,,Keep in an easily accessible zone for regular picking.
22849,Active/Regular Products,Zone B,236070,,Keep in an easily accessible zone for regular picking.
22343,Active/Regular Products,Zone B,235846,,Keep in an easily accessible zone for regular picking.
47480,Active/Regular Products,Zone B,235640,,Keep in an easily accessible zone for regular picking.
22201,Active/Regular Products,Zone B,234900,,Keep in an easily accessible zone for regular picking.
23347,Active/Regular Products,Zone B,234740,,Keep in an easily accessible zone for regular picking.
22829,Active/Regular Products,Zone B,234568,,Keep in an easily accessible zone for regular picking.
23438,Active/Regular Products,Zone B,233914,,Keep in an easily accessible zone for regular picking.
85093,Active/Regular Products,Zone B,233904,,Keep in an easily accessible zone for regular picking.
20846,Active/Regular Products,Zone B,233640,,Keep in an easily accessible zone for regular picking.
23531,Active/Regular Products,Zone B,233632,,Keep in an easily accessible zone for regular picking.
72802C,Active/Regular Products,Zone B,233625,,Keep in an easily accessible zone for regular picking.
85173,Active/Regular Products,Zone B,233404,,Keep in an easily accessible zone for regular picking.
21626,Active/Regular Products,Zone B,233046,,Keep in an easily accessible zone for regular picking.
84659A,Active/Regular Products,Zone B,232735,,Keep in an easily accessible zone for regular picking.
21624,Active/Regular Products,Zone B,232560,,Keep in an easily accessible zone for regular picking.
85116,Active/Regular Products,Zone B,232379,,Keep in an easily accessible zone for regular picking.
21830,Active/Regular Products,Zone B,232254,,Keep in an easily accessible zone for regular picking.
84581,Active/Regular Products,Zone B,231750,,Keep in an easily accessible zone for regular picking.
23120,Active/Regular Products,Zone B,231700,,Keep in an easily accessible zone for regular picking.
21820,Active/Regular Products,Zone B,231570,,Keep in an easily accessible zone for regular picking.
23281,Active/Regular Products,Zone B,231492,,Keep in an easily accessible zone for regular picking.
22894,Active/Regular Products,Zone B,231312,,Keep in an easily accessible zone for regular picking.
22245,Active/Regular Products,Zone B,231182,,Keep in an easily accessible zone for regular picking.
21354,Active/Regular Products,Zone B,231135,,Keep in an easily accessible zone for regular picking.
16161U,Active/Regular Products,Zone B,230212,,Keep in an easily accessible zone for regular picking.
22546,Active/Regular Products,Zone B,229878,,Keep in an easily accessible zone for regular picking.
84459A,Active/Regular Products,Zone B,229775,,Keep in an easily accessible zone for regular picking.
23375,Active/Regular Products,Zone B,229587,,Keep in an easily accessible zone for regular picking.
20886,Active/Regular Products,Zone B,229381,,Keep in an easily accessible zone for regular picking.
21789,Active/Regular Products,Zone B,228436,,Keep in an easily accessible zone for regular picking.
23360,Active/Regular Products,Zone B,228342,,Keep in an easily accessible zone for regular picking.
72586,Active/Regular Products,Zone B,228333,,Keep in an easily accessible zone for regular picking.
22540,Active/Regular Products,Zone B,227864,,Keep in an easily accessible zone for regular picking.
22780,Active/Regular Products,Zone B,227700,,Keep in an easily accessible zone for regular picking.
23406,Active/Regular Products,Zone B,227106,,Keep in an easily accessible zone for regular picking.
23217,Active/Regular Products,Zone B,226883,,Keep in an easily accessible zone for regular picking.
23269,Active/Regular Products,Zone B,226258,,Keep in an easily accessible zone for regular picking.
82616C,Active/Regular Products,Zone B,225335,,Keep in an easily accessible zone for regular picking.
21246,Active/Regular Products,Zone B,225024,,Keep in an easily accessible zone for regular picking.
22500,Active/Regular Products,Zone B,225024,,Keep in an easily accessible zone for regular picking.
22685,Active/Regular Products,Zone B,223839,,Keep in an easily accessible zone for regular picking.
47599B,Active/Regular Products,Zone B,222666,,Keep in an easily accessible zone for regular picking.
23250,Active/Regular Products,Zone B,222090,,Keep in an easily accessible zone for regular picking.
90200D,Active/Regular Products,Zone B,222066,,Keep in an easily accessible zone for regular picking.
22325,Active/Regular Products,Zone B,221805,,Keep in an easily accessible zone for regular picking.
21059,Active/Regular Products,Zone B,221746,,Keep in an easily accessible zone for regular picking.
23131,Active/Regular Products,Zone B,221720,,Keep in an easily accessible zone for regular picking.
23427,Active/Regular Products,Zone B,221274,,Keep in an easily accessible zone for regular picking.
84212,Active/Regular Products,Zone B,221223,,Keep in an easily accessible zone for regular picking.
20966,Active/Regular Products,Zone B,220675,,Keep in an easily accessible zone for regular picking.
84951B,Active/Regular Products,Zone B,220580,,Keep in an easily accessible zone for regular picking.
22924,Active/Regular Products,Zone B,219762,,Keep in an easily accessible zone for regular picking.
22406,Active/Regular Products,Zone B,219744,,Keep in an easily accessible zone for regular picking.
22166,Active/Regular Products,Zone B,218892,,Keep in an easily accessible zone for regular picking.
22363,Active/Regular Products,Zone B,218457,,Keep in an easily accessible zone for regular picking.
40016,Active/Regular Products,Zone B,218444,,Keep in an easily accessible zone for regular picking.
22118,Active/Regular Products,Zone B,218317,,Keep in an easily accessible zone for regular picking.
22414,Active/Regular Products,Zone B,218025,,Keep in an easily accessible zone for regular picking.
23335,Active/Regular Products,Zone B,217824,,Keep in an easily accessible zone for regular picking.
15058B,Active/Regular Products,Zone B,216601,,Keep in an easily accessible zone for regular picking.
22299,Active/Regular Products,Zone B,216400,,Keep in an easily accessible zone for regular picking.
22559,Active/Regular Products,Zone B,216270,,Keep in an easily accessible zone for regular picking.
10125,Active/Regular Products,Zone B,216034,,Keep in an easily accessible zone for regular picking.
21781,Active/Regular Products,Zone B,215736,,Keep in an easily accessible zone for regular picking.
85049D,Active/Regular Products,Zone B,215177,,Keep in an easily accessible zone for regular picking.
21724,Active/Regular Products,Zone B,215055,,Keep in an easily accessible zone for regular picking.
22575,Active/Regular Products,Zone B,214650,,Keep in an easily accessible zone for regular picking.
84913B,Active/Regular Products,Zone B,214570,,Keep in an easily accessible zone for regular picking.
22124,Active/Regular Products,Zone B,213864,,Keep in an easily accessible zone for regular picking.
47585A,Active/Regular Products,Zone B,213725,,Keep in an easily accessible zone for regular picking.
22911,Active/Regular Products,Zone B,213286,,Keep in an easily accessible zone for regular picking.
20652,Active/Regular Products,Zone B,212940,,Keep in an easily accessible zone for regular picking.
21204,Active/Regular Products,Zone B,212925,,Keep in an easily accessible zone for regular picking.
23373,Active/Regular Products,Zone B,212900,,Keep in an easily accessible zone for regular picking.
21209,Active/Regular Products,Zone B,212888,,Keep in an easily accessible zone for regular picking.
21401,Active/Regular Products,Zone B,212708,,Keep in an easily accessible zone for regular picking.
22031,Active/Regular Products,Zone B,212640,,Keep in an easily accessible zone for regular picking.
23235,Active/Regular Products,Zone B,212625,,Keep in an easily accessible zone for regular picking.
21147,Active/Regular Products,Zone B,212572,,Keep in an easily accessible zone for regular picking.
23357,Active/Regular Products,Zone B,212160,,Keep in an easily accessible zone for regular picking.
21112,Active/Regular Products,Zone B,211724,,Keep in an easily accessible zone for regular picking.
22339,Active/Regular Products,Zone B,211567,,Keep in an easily accessible zone for regular picking.
20777,Active/Regular Products,Zone B,211520,,Keep in an easily accessible zone for regular picking.
23225,Active/Regular Products,Zone B,211288,,Keep in an easily accessible zone for regular picking.
23490,Active/Regular Products,Zone B,211191,,Keep in an easily accessible zone for regular picking.
85206A,Active/Regular Products,Zone B,211128,,Keep in an easily accessible zone for regular picking.
22359,Active/Regular Products,Zone B,211086,,Keep in an easily accessible zone for regular picking.
21640,Active/Regular Products,Zone B,210678,,Keep in an easily accessible zone for regular picking.
22399,Active/Regular Products,Zone B,210406,,Keep in an easily accessible zone for regular picking.
23500,Active/Regular Products,Zone B,210406,,Keep in an easily accessible zone for regular picking.
23048,Active/Regular Products,Zone B,209781,,Keep in an easily accessible zone for regular picking.
22276,Active/Regular Products,Zone B,209780,,Keep in an easily accessible zone for regular picking.
22589,Active/Regular Products,Zone B,209666,,Keep in an easily accessible zone for regular picking.
23223,Active/Regular Products,Zone B,209528,,Keep in an easily accessible zone for regular picking.
23400,Active/Regular Products,Zone B,208757,,Keep in an easily accessible zone for regular picking.
84519A,Active/Regular Products,Zone B,208736,,Keep in an easily accessible zone for regular picking.
22533,Active/Regular Products,Zone B,208648,,Keep in an easily accessible zone for regular picking.
15044C,Active/Regular Products,Zone B,208560,,Keep in an easily accessible zone for regular picking.
23336,Active/Regular Products,Zone B,208165,,Keep in an easily accessible zone for regular picking.
23511,Active/Regular Products,Zone B,207858,,Keep in an easily accessible zone for regular picking.
23546,Active/Regular Products,Zone B,207840,,Keep in an easily accessible zone for regular picking.
23183,Active/Regular Products,Zone B,207732,,Keep in an easily accessible zone for regular picking.
84637,Active/Regular Products,Zone B,207500,,Keep in an easily accessible zone for regular picking.
22797,Active/Regular Products,Zone B,207480,,Keep in an easily accessible zone for regular picking.
22334,Active/Regular Products,Zone B,207454,,Keep in an easily accessible zone for regular picking.
22071,Active/Regular Products,Zone B,207432,,Keep in an easily accessible zone for regular picking.
21828,Active/Regular Products,Zone B,207396,,Keep in an easily accessible zone for regular picking.
21581,Active/Regular Products,Zone B,206822,,Keep in an easily accessible zone for regular picking.
21039,Active/Regular Products,Zone B,205920,,Keep in an easily accessible zone for regular picking.
22337,Active/Regular Products,Zone B,205898,,Keep in an easily accessible zone for regular picking.
22324,Active/Regular Products,Zone B,205868,,Keep in an easily accessible zone for regular picking.
22119,Active/Regular Products,Zone B,205428,,Keep in an easily accessible zone for regular picking.
85114B,Active/Regular Products,Zone B,205359,,Keep in an easily accessible zone for regular picking.
22266,Active/Regular Products,Zone B,205160,,Keep in an easily accessible zone for regular picking.
21352,Active/Regular Products,Zone B,204435,,Keep in an easily accessible zone for regular picking.
72799E,Active/Regular Products,Zone B,204364,,Keep in an easily accessible zone for regular picking.
17091J,Active/Regular Products,Zone B,204155,,Keep in an easily accessible zone for regular picking.
85071D,Active/Regular Products,Zone B,203952,,Keep in an easily accessible zone for regular picking.
21069,Active/Regular Products,Zone B,203820,,Keep in an easily accessible zone for regular picking.
22341,Active/Regular Products,Zone B,203034,,Keep in an easily accessible zone for regular picking.
84558A,Active/Regular Products,Zone B,202662,,Keep in an easily accessible zone for regular picking.
20767,Active/Regular Products,Zone B,202635,,Keep in an easily accessible zone for regular picking.
23498,Active/Regular Products,Zone B,202554,,Keep in an easily accessible zone for regular picking.
37327,Active/Regular Products,Zone B,202176,,Keep in an easily accessible zone for regular picking.
22336,Active/Regular Products,Zone B,201766,,Keep in an easily accessible zone for regular picking.
84459B,Active/Regular Products,Zone B,201747,,Keep in an easily accessible zone for regular picking.
23164,Active/Regular Products,Zone B,201204,,Keep in an easily accessible zone for regular picking.
22515,Active/Regular Products,Zone B,201180,,Keep in an easily accessible zone for regular picking.
85231G,Active/Regular Products,Zone B,200718,,Keep in an easily accessible zone for regular picking.
21576,Active/Regular Products,Zone B,200226,,Keep in an easily accessible zone for regular picking.
23358,Active/Regular Products,Zone B,199894,,Keep in an easily accessible zone for regular picking.
22204,Active/Regular Products,Zone B,199080,,Keep in an easily accessible zone for regular picking.
22591,Active/Regular Products,Zone B,198918,,Keep in an easily accessible zone for regular picking.
21043,Active/Regular Products,Zone B,198540,,Keep in an easily accessible zone for regular picking.
20832,Active/Regular Products,Zone B,198522,,Keep in an easily accessible zone for regular picking.
23153,Active/Regular Products,Zone B,198450,,Keep in an easily accessible zone for regular picking.
23419,Active/Regular Products,Zone B,198144,,Keep in an easily accessible zone for regular picking.
21222,Active/Regular Products,Zone B,197976,,Keep in an easily accessible zone for regular picking.
22520,Active/Regular Products,Zone B,197863,,Keep in an easily accessible zone for regular picking.
21262,Active/Regular Products,Zone B,197418,,Keep in an easily accessible zone for regular picking.
22217,Active/Regular Products,Zone B,197128,,Keep in an easily accessible zone for regular picking.
21881,Active/Regular Products,Zone B,197026,,Keep in an easily accessible zone for regular picking.
22136,Active/Regular Products,Zone B,196812,,Keep in an easily accessible zone for regular picking.
22223,Active/Regular Products,Zone B,196794,,Keep in an easily accessible zone for regular picking.
20764,Active/Regular Products,Zone B,196460,,Keep in an easily accessible zone for regular picking.
22453,Active/Regular Products,Zone B,196404,,Keep in an easily accessible zone for regular picking.
22860,Active/Regular Products,Zone B,196238,,Keep in an easily accessible zone for regular picking.
84356,Active/Regular Products,Zone B,196226,,Keep in an easily accessible zone for regular picking.
85170C,Active/Regular Products,Zone B,196056,,Keep in an easily accessible zone for regular picking.
35924,Active/Regular Products,Zone B,195984,,Keep in an easily accessible zone for regular picking.
22545,Active/Regular Products,Zone B,195600,,Keep in an easily accessible zone for regular picking.
21788,Active/Regular Products,Zone B,195415,,Keep in an easily accessible zone for regular picking.
21189,Active/Regular Products,Zone B,195408,,Keep in an easily accessible zone for regular picking.
23461,Active/Regular Products,Zone B,195050,,Keep in an easily accessible zone for regular picking.
22521,Active/Regular Products,Zone B,195000,,Keep in an easily accessible zone for regular picking.
23542,Active/Regular Products,Zone B,194465,,Keep in an easily accessible zone for regular picking.
22287,Active/Regular Products,Zone B,193520,,Keep in an easily accessible zone for regular picking.
23566,Active/Regular Products,Zone B,193141,,Keep in an easily accessible zone for regular picking.
22354,Active/Regular Products,Zone B,192726,,Keep in an easily accessible zone for regular picking.
22232,Active/Regular Products,Zone B,192477,,Keep in an easily accessible zone for regular picking.
20616,Active/Regular Products,Zone B,192410,,Keep in an easily accessible zone for regular picking.
15058A,Active/Regular Products,Zone B,192062,,Keep in an easily accessible zone for regular picking.
20618,Active/Regular Products,Zone B,192052,,Keep in an easily accessible zone for regular picking.
22220,Active/Regular Products,Zone B,192038,,Keep in an easily accessible zone for regular picking.
22198,Active/Regular Products,Zone B,191436,,Keep in an easily accessible zone for regular picking.
22785,Active/Regular Products,Zone B,191142,,Keep in an easily accessible zone for regular picking.
82616B,Active/Regular Products,Zone B,190676,,Keep in an easily accessible zone for regular picking.
22255,Active/Regular Products,Zone B,189728,,Keep in an easily accessible zone for regular picking.
21469,Active/Regular Products,Zone B,189659,,Keep in an easily accessible zone for regular picking.
22820,Active/Regular Products,Zone B,189420,,Keep in an easily accessible zone for regular picking.
20770,Active/Regular Products,Zone B,189360,,Keep in an easily accessible zone for regular picking.
21208,Active/Regular Products,Zone B,189074,,Keep in an easily accessible zone for regular picking.
22344,Active/Regular Products,Zone B,188708,,Keep in an easily accessible zone for regular picking.
46776A,Active/Regular Products,Zone B,188580,,Keep in an easily accessible zone for regular picking.
21195,Active/Regular Products,Zone B,188560,,Keep in an easily accessible zone for regular picking.
84509B,Active/Regular Products,Zone B,188415,,Keep in an easily accessible zone for regular picking.
23391,Active/Regular Products,Zone B,188355,,Keep in an easily accessible zone for regular picking.
20686,Active/Regular Products,Zone B,187264,,Keep in an easily accessible zone for regular picking.
21200,Active/Regular Products,Zone B,187200,,Keep in an easily accessible zone for regular picking.
23543,Active/Regular Products,Zone B,186739,,Keep in an easily accessible zone for regular picking.
21555,Active/Regular Products,Zone B,186645,,Keep in an easily accessible zone for regular picking.
21026,Active/Regular Products,Zone B,186116,,Keep in an easily accessible zone for regular picking.
22092,Active/Regular Products,Zone B,185913,,Keep in an easily accessible zone for regular picking.
85114C,Active/Regular Products,Zone B,185625,,Keep in an easily accessible zone for regular picking.
23088,Active/Regular Products,Zone B,185413,,Keep in an easily accessible zone for regular picking.
23268,Active/Regular Products,Zone B,185120,,Keep in an easily accessible zone for regular picking.
85039C,Active/Regular Products,Zone B,184920,,Keep in an easily accessible zone for regular picking.
21400,Active/Regular Products,Zone B,184680,,Keep in an easily accessible zone for regular picking.
22393,Active/Regular Products,Zone B,184174,,Keep in an easily accessible zone for regular picking.
22216,Active/Regular Products,Zone B,183804,,Keep in an easily accessible zone for regular picking.
21707,Active/Regular Products,Zone B,183668,,Keep in an easily accessible zone for regular picking.
72816,Active/Regular Products,Zone B,183333,,Keep in an easily accessible zone for regular picking.
21067,Active/Regular Products,Zone B,183312,,Keep in an easily accessible zone for regular picking.
22443,Active/Regular Products,Zone B,182790,,Keep in an easily accessible zone for regular picking.
84884A,Active/Regular Products,Zone B,182754,,Keep in an easily accessible zone for regular picking.
84596E,Active/Regular Products,Zone B,182727,,Keep in an easily accessible zone for regular picking.
23381,Active/Regular Products,Zone B,182640,,Keep in an easily accessible zone for regular picking.
21742,Active/Regular Products,Zone B,182364,,Keep in an easily accessible zone for regular picking.
23079,Active/Regular Products,Zone B,182320,,Keep in an easily accessible zone for regular picking.
22047,Active/Regular Products,Zone B,182320,,Keep in an easily accessible zone for regular picking.
23530,Active/Regular Products,Zone B,182178,,Keep in an easily accessible zone for regular picking.
23034,Active/Regular Products,Zone B,181984,,Keep in an easily accessible zone for regular picking.
21648,Active/Regular Products,Zone B,181698,,Keep in an easily accessible zone for regular picking.
21417,Active/Regular Products,Zone B,181492,,Keep in an easily accessible zone for regular picking.
23379,Active/Regular Products,Zone B,180120,,Keep in an easily accessible zone for regular picking.
20840,Active/Regular Products,Zone B,180116,,Keep in an easily accessible zone for regular picking.
20931,Active/Regular Products,Zone B,179656,,Keep in an easily accessible zone for regular picking.
21061,Active/Regular Products,Zone B,179612,,Keep in an easily accessible zone for regular picking.
23181,Active/Regular Products,Zone B,179334,,Keep in an easily accessible zone for regular picking.
85036C,Active/Regular Products,Zone B,179256,,Keep in an easily accessible zone for regular picking.
22101,Active/Regular Products,Zone B,179124,,Keep in an easily accessible zone for regular picking.
22405,Active/Regular Products,Zone B,178920,,Keep in an easily accessible zone for regular picking.
35967,Active/Regular Products,Zone B,178555,,Keep in an easily accessible zone for regular picking.
21199,Active/Regular Products,Zone B,177840,,Keep in an easily accessible zone for regular picking.
15044D,Active/Regular Products,Zone B,177156,,Keep in an easily accessible zone for regular picking.
22496,Active/Regular Products,Zone B,177118,,Keep in an easily accessible zone for regular picking.
23401,Active/Regular Products,Zone B,176873,,Keep in an easily accessible zone for regular picking.
35965,Active/Regular Products,Zone B,176778,,Keep in an easily accessible zone for regular picking.
85035A,Active/Regular Products,Zone B,176175,,Keep in an easily accessible zone for regular picking.
22416,Active/Regular Products,Zone B,175864,,Keep in an easily accessible zone for regular picking.
21167,Active/Regular Products,Zone B,175473,,Keep in an easily accessible zone for regular picking.
23339,Active/Regular Products,Zone B,175256,,Keep in an easily accessible zone for regular picking.
85186A,Active/Regular Products,Zone B,174590,,Keep in an easily accessible zone for regular picking.
22345,Active/Regular Products,Zone B,174092,,Keep in an easily accessible zone for regular picking.
84520B,Active/Regular Products,Zone B,174080,,Keep in an easily accessible zone for regular picking.
23418,Active/Regular Products,Zone B,173879,,Keep in an easily accessible zone for regular picking.
22108,Active/Regular Products,Zone B,173376,,Keep in an easily accessible zone for regular picking.
21465,Active/Regular Products,Zone B,173326,,Keep in an easily accessible zone for regular picking.
15058C,Active/Regular Products,Zone B,173304,,Keep in an easily accessible zone for regular picking.
21851,Active/Regular Products,Zone B,173250,,Keep in an easily accessible zone for regular picking.
23564,Active/Regular Products,Zone B,173204,,Keep in an easily accessible zone for regular picking.
21849,Active/Regular Products,Zone B,172986,,Keep in an easily accessible zone for regular picking.
21448,Active/Regular Products,Zone B,172711,,Keep in an easily accessible zone for regular picking.
72818,Active/Regular Products,Zone B,171836,,Keep in an easily accessible zone for regular picking.
22509,Active/Regular Products,Zone B,171140,,Keep in an easily accessible zone for regular picking.
85232D,Active/Regular Products,Zone B,171051,,Keep in an easily accessible zone for regular picking.
21882,Active/Regular Products,Zone B,171010,,Keep in an easily accessible zone for regular picking.
37495,Active/Regular Products,Zone B,170936,,Keep in an easily accessible zone for regular picking.
23317,Active/Regular Products,Zone B,170642,,Keep in an easily accessible zone for regular picking.
35810A,Active/Regular Products,Zone B,170625,,Keep in an easily accessible zone for regular picking.
22067,Active/Regular Products,Zone B,170590,,Keep in an easily accessible zone for regular picking.
20998,Active/Regular Products,Zone B,170430,,Keep in an easily accessible zone for regular picking.
20801,Active/Regular Products,Zone B,170262,,Keep in an easily accessible zone for regular picking.
22808,Active/Regular Products,Zone B,170100,,Keep in an easily accessible zone for regular picking.
84912A,Active/Regular Products,Zone B,170052,,Keep in an easily accessible zone for regular picking.
22307,Active/Regular Products,Zone B,169534,,Keep in an easily accessible zone for regular picking.
85049F,Active/Regular Products,Zone B,169224,,Keep in an easily accessible zone for regular picking.
21060,Active/Regular Products,Zone B,169122,,Keep in an easily accessible zone for regular picking.
22832,Active/Regular Products,Zone B,169100,,Keep in an easily accessible zone for regular picking.
85212,Active/Regular Products,Zone B,169060,,Keep in an easily accessible zone for regular picking.
85186C,Active/Regular Products,Zone B,168948,,Keep in an easily accessible zone for regular picking.
23107,Active/Regular Products,Zone B,168922,,Keep in an easily accessible zone for regular picking.
17012A,Active/Regular Products,Zone B,168740,,Keep in an easily accessible zone for regular picking.
18097C,Active/Regular Products,Zone B,168705,,Keep in an easily accessible zone for regular picking.
85129D,Active/Regular Products,Zone B,168675,,Keep in an easily accessible zone for regular picking.
22760,Active/Regular Products,Zone B,168480,,Keep in an easily accessible zone for regular picking.
22258,Active/Regular Products,Zone B,168322,,Keep in an easily accessible zone for regular picking.
22799,Active/Regular Products,Zone B,167943,,Keep in an easily accessible zone for regular picking.
23445,Active/Regular Products,Zone B,167660,,Keep in an easily accessible zone for regular picking.
23470,Active/Regular Products,Zone B,167412,,Keep in an easily accessible zone for regular picking.
84569A,Active/Regular Products,Zone B,167180,,Keep in an easily accessible zone for regular picking.
20659,Active/Regular Products,Zone B,167028,,Keep in an easily accessible zone for regular picking.
23138,Active/Regular Products,Zone B,166952,,Keep in an easily accessible zone for regular picking.
22526,Active/Regular Products,Zone B,166927,,Keep in an easily accessible zone for regular picking.
23315,Active/Regular Products,Zone B,166840,,Keep in an easily accessible zone for regular picking.
23536,Active/Regular Products,Zone B,166770,,Keep in an easily accessible zone for regular picking.
84880,Active/Regular Products,Zone B,166136,,Keep in an easily accessible zone for regular picking.
23502,Active/Regular Products,Zone B,165534,,Keep in an easily accessible zone for regular picking.
79190A,Active/Regular Products,Zone B,165375,,Keep in an easily accessible zone for regular picking.
23326,Active/Regular Products,Zone B,165072,,Keep in an easily accessible zone for regular picking.
84849B,Active/Regular Products,Zone B,164312,,Keep in an easily accessible zone for regular picking.
23433,Active/Regular Products,Zone B,163404,,Keep in an easily accessible zone for regular picking.
84673B,Active/Regular Products,Zone B,163284,,Keep in an easily accessible zone for regular picking.
21395,Active/Regular Products,Zone B,163170,,Keep in an easily accessible zone for regular picking.
22062,Active/Regular Products,Zone B,163082,,Keep in an easily accessible zone for regular picking.
84818,Active/Regular Products,Zone B,162954,,Keep in an easily accessible zone for regular picking.
35911A,Active/Regular Products,Zone B,162890,,Keep in an easily accessible zone for regular picking.
23452,Active/Regular Products,Zone B,162777,,Keep in an easily accessible zone for regular picking.
20775,Active/Regular Products,Zone B,162603,,Keep in an easily accessible zone for regular picking.
23066,Active/Regular Products,Zone B,162435,,Keep in an easily accessible zone for regular picking.
85169B,Active/Regular Products,Zone B,162378,,Keep in an easily accessible zone for regular picking.
23222,Active/Regular Products,Zone B,162300,,Keep in an easily accessible zone for regular picking.
85035B,Active/Regular Products,Zone B,162190,,Keep in an easily accessible zone for regular picking.
85185B,Active/Regular Products,Zone B,162022,,Keep in an easily accessible zone for regular picking.
16048,Active/Regular Products,Zone B,161872,,Keep in an easily accessible zone for regular picking.
22519,Active/Regular Products,Zone B,161568,,Keep in an easily accessible zone for regular picking.
23224,Active/Regular Products,Zone B,161383,,Keep in an easily accessible zone for regular picking.
85194S,Active/Regular Products,Zone B,161136,,Keep in an easily accessible zone for regular picking.
21676,Active/Regular Products,Zone B,161101,,Keep in an easily accessible zone for regular picking.
22104,Active/Regular Products,Zone B,160598,,Keep in an easily accessible zone for regular picking.
21821,Active/Regular Products,Zone B,159836,,Keep in an easily accessible zone for regular picking.
46776C,Active/Regular Products,Zone B,159713,,Keep in an easily accessible zone for regular picking.
22517,Active/Regular Products,Zone B,159321,,Keep in an easily accessible zone for regular picking.
85177,Active/Regular Products,Zone B,159264,,Keep in an easily accessible zone for regular picking.
20716,Active/Regular Products,Zone B,158556,,Keep in an easily accessible zone for regular picking.
23253,Active/Regular Products,Zone B,158410,,Keep in an easily accessible zone for regular picking.
21793,Active/Regular Products,Zone B,158286,,Keep in an easily accessible zone for regular picking.
21708,Active/Regular Products,Zone B,158272,,Keep in an easily accessible zone for regular picking.
22532,Active/Regular Products,Zone B,158264,,Keep in an easily accessible zone for regular picking.
23087,Active/Regular Products,Zone B,158148,,Keep in an easily accessible zone for regular picking.
23067,Active/Regular Products,Zone B,157872,,Keep in an easily accessible zone for regular picking.
85183A,Active/Regular Products,Zone B,157724,,Keep in an easily accessible zone for regular picking.
21002,Active/Regular Products,Zone B,157410,,Keep in an easily accessible zone for regular picking.
21248,Active/Regular Products,Zone B,157344,,Keep in an easily accessible zone for regular picking.
84754,Active/Regular Products,Zone B,156922,,Keep in an easily accessible zone for regular picking.
22708,Active/Regular Products,Zone B,156900,,Keep in an easily accessible zone for regular picking.
23160,Active/Regular Products,Zone B,156788,,Keep in an easily accessible zone for regular picking.
20772,Active/Regular Products,Zone B,156780,,Keep in an easily accessible zone for regular picking.
21171,Active/Regular Products,Zone B,155636,,Keep in an easily accessible zone for regular picking.
20867,Active/Regular Products,Zone B,155496,,Keep in an easily accessible zone for regular picking.
84748,Active/Regular Products,Zone B,155489,,Keep in an easily accessible zone for regular picking.
21972,Active/Regular Products,Zone B,155480,,Keep in an easily accessible zone for regular picking.
22043,Active/Regular Products,Zone B,155456,,Keep in an easily accessible zone for regular picking.
85179A,Active/Regular Products,Zone B,155406,,Keep in an easily accessible zone for regular picking.
22932,Active/Regular Products,Zone B,155160,,Keep in an easily accessible zone for regular picking.
20967,Active/Regular Products,Zone B,154546,,Keep in an easily accessible zone for regular picking.
22903,Active/Regular Products,Zone B,154108,,Keep in an easily accessible zone for regular picking.
84944,Active/Regular Products,Zone B,153467,,Keep in an easily accessible zone for regular picking.
85034A,Active/Regular Products,Zone B,153402,,Keep in an easily accessible zone for regular picking.
22442,Active/Regular Products,Zone B,153270,,Keep in an easily accessible zone for regular picking.
22710,Active/Regular Products,Zone B,152776,,Keep in an easily accessible zone for regular picking.
21804,Active/Regular Products,Zone B,152750,,Keep in an easily accessible zone for regular picking.
21198,Active/Regular Products,Zone B,152650,,Keep in an easily accessible zone for regular picking.
72122,Active/Regular Products,Zone B,152073,,Keep in an easily accessible zone for regular picking.
23405,Active/Regular Products,Zone B,152040,,Keep in an easily accessible zone for regular picking.
85135C,Active/Regular Products,Zone B,151956,,Keep in an easily accessible zone for regular picking.
23178,Active/Regular Products,Zone B,151844,,Keep in an easily accessible zone for regular picking.
23085,Active/Regular Products,Zone B,151710,,Keep in an easily accessible zone for regular picking.
84596J,Active/Regular Products,Zone B,151232,,Keep in an easily accessible zone for regular picking.
21723,Active/Regular Products,Zone B,150391,,Keep in an easily accessible zone for regular picking.
22923,Active/Regular Products,Zone B,150320,,Keep in an easily accessible zone for regular picking.
21253,Active/Regular Products,Zone B,149482,,Keep in an easily accessible zone for regular picking.
21580,Active/Regular Products,Zone B,149358,,Keep in an easily accessible zone for regular picking.
21028,Active/Regular Products,Zone B,148828,,Keep in an easily accessible zone for regular picking.
21062,Active/Regular Products,Zone B,148814,,Keep in an easily accessible zone for regular picking.
21205,Active/Regular Products,Zone B,148648,,Keep in an easily accessible zone for regular picking.
23469,Active/Regular Products,Zone B,147888,,Keep in an easily accessible zone for regular picking.
22267,Active/Regular Products,Zone B,147823,,Keep in an easily accessible zone for regular picking.
22504,Active/Regular Products,Zone B,147696,,Keep in an easily accessible zone for regular picking.
23398,Active/Regular Products,Zone B,147384,,Keep in an easily accessible zone for regular picking.
23402,Active/Regular Products,Zone B,146948,,Keep in an easily accessible zone for regular picking.
22529,Active/Regular Products,Zone B,146930,,Keep in an easily accessible zone for regular picking.
23337,Active/Regular Products,Zone B,146901,,Keep in an easily accessible zone for regular picking.
21441,Active/Regular Products,Zone B,146878,,Keep in an easily accessible zone for regular picking.
10002,Active/Regular Products,Zone B,146828,,Keep in an easily accessible zone for regular picking.
84968F,Active/Regular Products,Zone B,146770,,Keep in an easily accessible zone for regular picking.
21025,Active/Regular Products,Zone B,146496,,Keep in an easily accessible zone for regular picking.
21643,Active/Regular Products,Zone B,146160,,Keep in an easily accessible zone for regular picking.
21056,Active/Regular Products,Zone B,145728,,Keep in an easily accessible zone for regular picking.
22516,Active/Regular Products,Zone B,145700,,Keep in an easily accessible zone for regular picking.
22100,Active/Regular Products,Zone B,145612,,Keep in an easily accessible zone for regular picking.
16218,Active/Regular Products,Zone B,145600,,Keep in an easily accessible zone for regular picking.
21520,Active/Regular Products,Zone B,145348,,Keep in an easily accessible zone for regular picking.
22032,Active/Regular Products,Zone B,145320,,Keep in an easily accessible zone for regular picking.
23033,Active/Regular Products,Zone B,145262,,Keep in an easily accessible zone for regular picking.
21194,Active/Regular Products,Zone B,145080,,Keep in an easily accessible zone for regular picking.
79302M,Active/Regular Products,Zone B,145080,,Keep in an easily accessible zone for regular picking.
16258A,Active/Regular Products,Zone B,144963,,Keep in an easily accessible zone for regular picking.
17129F,Active/Regular Products,Zone B,144723,,Keep in an easily accessible zone for regular picking.
20761,Active/Regular Products,Zone B,144207,,Keep in an easily accessible zone for regular picking.
84509G,Active/Regular Products,Zone B,143946,,Keep in an easily accessible zone for regular picking.
23514,Active/Regular Products,Zone B,143634,,Keep in an easily accessible zone for regular picking.
37413,Active/Regular Products,Zone B,143370,,Keep in an easily accessible zone for regular picking.
23249,Active/Regular Products,Zone B,143370,,Keep in an easily accessible zone for regular picking.
21719,Active/Regular Products,Zone B,142970,,Keep in an easily accessible zone for regular picking.
85132B,Active/Regular Products,Zone B,142875,,Keep in an easily accessible zone for regular picking.
22935,Active/Regular Products,Zone B,142805,,Keep in an easily accessible zone for regular picking.
22525,Active/Regular Products,Zone B,142450,,Keep in an easily accessible zone for regular picking.
20856,Active/Regular Products,Zone B,142374,,Keep in an easily accessible zone for regular picking.
90214A,Active/Regular Products,Zone B,142128,,Keep in an easily accessible zone for regular picking.
79190B,Active/Regular Products,Zone B,142044,,Keep in an easily accessible zone for regular picking.
79144B,Active/Regular Products,Zone B,142040,,Keep in an easily accessible zone for regular picking.
21709,Active/Regular Products,Zone B,141246,,Keep in an easily accessible zone for regular picking.
20755,Active/Regular Products,Zone B,141236,,Keep in an easily accessible zone for regular picking.
22265,Active/Regular Products,Zone B,140992,,Keep in an easily accessible zone for regular picking.
21468,Active/Regular Products,Zone B,140976,,Keep in an easily accessible zone for regular picking.
23565,Active/Regular Products,Zone B,140868,,Keep in an easily accessible zone for regular picking.
72802B,Active/Regular Products,Zone B,140712,,Keep in an easily accessible zone for regular picking.
21850,Active/Regular Products,Zone B,140616,,Keep in an easily accessible zone for regular picking.
23219,Active/Regular Products,Zone B,140605,,Keep in an easily accessible zone for regular picking.
22513,Active/Regular Products,Zone B,140566,,Keep in an easily accessible zone for regular picking.
35923,Active/Regular Products,Zone B,140306,,Keep in an easily accessible zone for regular picking.
22862,Active/Regular Products,Zone B,140118,,Keep in an easily accessible zone for regular picking.
21000,Active/Regular Products,Zone B,140088,,Keep in an easily accessible zone for regular picking.
23483,Active/Regular Products,Zone B,139795,,Keep in an easily accessible zone for regular picking.
22304,Active/Regular Products,Zone B,139690,,Keep in an easily accessible zone for regular picking.
22934,Active/Regular Products,Zone B,139386,,Keep in an easily accessible zone for regular picking.
23515,Active/Regular Products,Zone B,139302,,Keep in an easily accessible zone for regular picking.
23486,Active/Regular Products,Zone B,139194,,Keep in an easily accessible zone for regular picking.
22214,Active/Regular Products,Zone B,139048,,Keep in an easily accessible zone for regular picking.
21442,Active/Regular Products,Zone B,138650,,Keep in an easily accessible zone for regular picking.
85194L,Active/Regular Products,Zone B,137240,,Keep in an easily accessible zone for regular picking.
20902,Active/Regular Products,Zone B,137200,,Keep in an easily accessible zone for regular picking.
23423,Active/Regular Products,Zone B,136884,,Keep in an easily accessible zone for regular picking.
22346,Active/Regular Products,Zone B,136880,,Keep in an easily accessible zone for regular picking.
79144C,Active/Regular Products,Zone B,136374,,Keep in an easily accessible zone for regular picking.
85114A,Active/Regular Products,Zone B,135744,,Keep in an easily accessible zone for regular picking.
21294,Active/Regular Products,Zone B,135539,,Keep in an easily accessible zone for regular picking.
21221,Active/Regular Products,Zone B,135378,,Keep in an easily accessible zone for regular picking.
84510C,Active/Regular Products,Zone B,135108,,Keep in an easily accessible zone for regular picking.
84251G,Active/Regular Products,Zone B,134779,,Keep in an easily accessible zone for regular picking.
23513,Active/Regular Products,Zone B,134470,,Keep in an easily accessible zone for regular picking.
22181,Active/Regular Products,Zone B,134463,,Keep in an easily accessible zone for regular picking.
21422,Active/Regular Products,Zone B,134379,,Keep in an easily accessible zone for regular picking.
22263,Active/Regular Products,Zone B,133824,,Keep in an easily accessible zone for regular picking.
21361,Active/Regular Products,Zone B,133791,,Keep in an easily accessible zone for regular picking.
22640,Active/Regular Products,Zone B,133494,,Keep in an easily accessible zone for regular picking.
90161C,Active/Regular Products,Zone B,133400,,Keep in an easily accessible zone for regular picking.
23524,Active/Regular Products,Zone B,132867,,Keep in an easily accessible zone for regular picking.
21001,Active/Regular Products,Zone B,132500,,Keep in an easily accessible zone for regular picking.
90200A,Active/Regular Products,Zone B,132200,,Keep in an easily accessible zone for regular picking.
90209B,Active/Regular Products,Zone B,131652,,Keep in an easily accessible zone for regular picking.
85180A,Active/Regular Products,Zone B,131229,,Keep in an easily accessible zone for regular picking.
20766,Active/Regular Products,Zone B,130302,,Keep in an easily accessible zone for regular picking.
21943,Active/Regular Products,Zone B,130100,,Keep in an easily accessible zone for regular picking.
20622,Active/Regular Products,Zone B,129897,,Keep in an easily accessible zone for regular picking.
21379,Active/Regular Products,Zone B,129800,,Keep in an easily accessible zone for regular picking.
20903,Active/Regular Products,Zone B,129584,,Keep in an easily accessible zone for regular picking.
23517,Active/Regular Products,Zone B,129402,,Keep in an easily accessible zone for regular picking.
84086C,Active/Regular Products,Zone B,129373,,Keep in an easily accessible zone for regular picking.
84849A,Active/Regular Products,Zone B,129002,,Keep in an easily accessible zone for regular picking.
23432,Active/Regular Products,Zone B,128982,,Keep in an easily accessible zone for regular picking.
22316,Active/Regular Products,Zone B,128810,,Keep in an easily accessible zone for regular picking.
22410,Active/Regular Products,Zone B,128296,,Keep in an easily accessible zone for regular picking.
85130B,Active/Regular Products,Zone B,128154,,Keep in an easily accessible zone for regular picking.
85111,Active/Regular Products,Zone B,128022,,Keep in an easily accessible zone for regular picking.
22254,Active/Regular Products,Zone B,127368,,Keep in an easily accessible zone for regular picking.
22543,Active/Regular Products,Zone B,127105,,Keep in an easily accessible zone for regular picking.
23553,Active/Regular Products,Zone B,127092,,Keep in an easily accessible zone for regular picking.
20654,Active/Regular Products,Zone B,127008,,Keep in an easily accessible zone for regular picking.
20700,Active/Regular Products,Zone B,126954,,Keep in an easily accessible zone for regular picking.
22313,Active/Regular Products,Zone B,126750,,Keep in an easily accessible zone for regular picking.
84509C,Active/Regular Products,Zone B,126582,,Keep in an easily accessible zone for regular picking.
20838,Active/Regular Products,Zone B,126369,,Keep in an easily accessible zone for regular picking.
20802,Active/Regular Products,Zone B,126063,,Keep in an easily accessible zone for regular picking.
35651,Active/Regular Products,Zone B,126034,,Keep in an easily accessible zone for regular picking.
84993A,Active/Regular Products,Zone B,125950,,Keep in an easily accessible zone for regular picking.
85088,Active/Regular Products,Zone B,125409,,Keep in an easily accessible zone for regular picking.
21397,Active/Regular Products,Zone B,125385,,Keep in an easily accessible zone for regular picking.
23509,Active/Regular Products,Zone B,125255,,Keep in an easily accessible zone for regular picking.
35954,Active/Regular Products,Zone B,125226,,Keep in an easily accessible zone for regular picking.
85130D,Active/Regular Products,Zone B,124744,,Keep in an easily accessible zone for regular picking.
84251B,Active/Regular Products,Zone B,124709,,Keep in an easily accessible zone for regular picking.
84968D,Active/Regular Products,Zone B,124630,,Keep in an easily accessible zone for regular picking.
47591B,Active/Regular Products,Zone B,124488,,Keep in an easily accessible zone for regular picking.
22106,Active/Regular Products,Zone B,124174,,Keep in an easily accessible zone for regular picking.
22444,Active/Regular Products,Zone B,123747,,Keep in an easily accessible zone for regular picking.
35653,Active/Regular Products,Zone B,123604,,Keep in an easily accessible zone for regular picking.
21398,Active/Regular Products,Zone B,123354,,Keep in an easily accessible zone for regular picking.
21688,Active/Regular Products,Zone B,123348,,Keep in an easily accessible zone for regular picking.
21106,Active/Regular Products,Zone B,123278,,Keep in an easily accessible zone for regular picking.
22073,Active/Regular Products,Zone B,123165,,Keep in an easily accessible zone for regular picking.
40001,Active/Regular Products,Zone B,122360,,Keep in an easily accessible zone for regular picking.
85169D,Active/Regular Products,Zone B,121900,,Keep in an easily accessible zone for regular picking.
84931A,Active/Regular Products,Zone B,121788,,Keep in an easily accessible zone for regular picking.
85131C,Active/Regular Products,Zone B,121700,,Keep in an easily accessible zone for regular picking.
22288,Active/Regular Products,Zone B,121626,,Keep in an easily accessible zone for regular picking.
23425,Active/Regular Products,Zone B,121296,,Keep in an easily accessible zone for regular picking.
90134,Active/Regular Products,Zone B,121275,,Keep in an easily accessible zone for regular picking.
20762,Active/Regular Products,Zone B,121240,,Keep in an easily accessible zone for regular picking.
35809A,Active/Regular Products,Zone B,120590,,Keep in an easily accessible zone for regular picking.
79030G,Active/Regular Products,Zone B,120064,,Keep in an easily accessible zone for regular picking.
84559B,Active/Regular Products,Zone B,119735,,Keep in an easily accessible zone for regular picking.
85095,Active/Regular Products,Zone B,118992,,Keep in an easily accessible zone for regular picking.
22252,Active/Regular Products,Zone B,118724,,Keep in an easily accessible zone for regular picking.
85036A,Active/Regular Products,Zone B,118620,,Keep in an easily accessible zone for regular picking.
20768,Active/Regular Products,Zone B,118415,,Keep in an easily accessible zone for regular picking.
22409,Active/Regular Products,Zone B,117933,,Keep in an easily accessible zone for regular picking.
21366,Active/Regular Products,Zone B,117852,,Keep in an easily accessible zone for regular picking.
47594B,Active/Regular Products,Zone B,117712,,Keep in an easily accessible zone for regular picking.
21066,Active/Regular Products,Zone B,117504,,Keep in an easily accessible zone for regular picking.
22638,Active/Regular Products,Zone B,117312,,Keep in an easily accessible zone for regular picking.
90198A,Active/Regular Products,Zone B,116644,,Keep in an easily accessible zone for regular picking.
21698,Active/Regular Products,Zone B,116415,,Keep in an easily accessible zone for regular picking.
20765,Active/Regular Products,Zone B,116348,,Keep in an easily accessible zone for regular picking.
79190D,Active/Regular Products,Zone B,116325,,Keep in an easily accessible zone for regular picking.
90200B,Active/Regular Products,Zone B,116137,,Keep in an easily accessible zone for regular picking.
72802A,Active/Regular Products,Zone B,115794,,Keep in an easily accessible zone for regular picking.
22936,Active/Regular Products,Zone B,115600,,Keep in an easily accessible zone for regular picking.
21537,Active/Regular Products,Zone B,114924,,Keep in an easily accessible zone for regular picking.
23695,Active/Regular Products,Zone B,114570,,Keep in an easily accessible zone for regular picking.
85214,Active/Regular Products,Zone B,114550,,Keep in an easily accessible zone for regular picking.
22281,Active/Regular Products,Zone B,114534,,Keep in an easily accessible zone for regular picking.
90116,Active/Regular Products,Zone B,114480,,Keep in an easily accessible zone for regular picking.
21725,Active/Regular Products,Zone B,114450,,Keep in an easily accessible zone for regular picking.
22687,Active/Regular Products,Zone B,114400,,Keep in an easily accessible zone for regular picking.
46118,Active/Regular Products,Zone B,114310,,Keep in an easily accessible zone for regular picking.
21683,Active/Regular Products,Zone B,114202,,Keep in an easily accessible zone for regular picking.
23026,Active/Regular Products,Zone B,114018,,Keep in an easily accessible zone for regular picking.
23113,Active/Regular Products,Zone B,114000,,Keep in an easily accessible zone for regular picking.
35915C,Active/Regular Products,Zone B,114000,,Keep in an easily accessible zone for regular picking.
22788,Active/Regular Products,Zone B,113880,,Keep in an easily accessible zone for regular picking.
85127,Active/Regular Products,Zone B,113781,,Keep in an easily accessible zone for regular picking.
22777,Active/Regular Products,Zone B,113158,,Keep in an easily accessible zone for regular picking.
23413,Active/Regular Products,Zone B,112636,,Keep in an easily accessible zone for regular picking.
84920,Active/Regular Products,Zone B,112512,,Keep in an easily accessible zone for regular picking.
22643,Active/Regular Products,Zone B,112128,,Keep in an easily accessible zone for regular picking.
90200E,Active/Regular Products,Zone B,111980,,Keep in an easily accessible zone for regular picking.
21641,Active/Regular Products,Zone B,111671,,Keep in an easily accessible zone for regular picking.
84931B,Active/Regular Products,Zone B,111622,,Keep in an easily accessible zone for regular picking.
21579,Active/Regular Products,Zone B,110850,,Keep in an easily accessible zone for regular picking.
85136A,Active/Regular Products,Zone B,110611,,Keep in an easily accessible zone for regular picking.
23179,Active/Regular Products,Zone B,110505,,Keep in an easily accessible zone for regular picking.
21747,Active/Regular Products,Zone B,110214,,Keep in an easily accessible zone for regular picking.
21817,Active/Regular Products,Zone B,109852,,Keep in an easily accessible zone for regular picking.
71270,Active/Regular Products,Zone B,109270,,Keep in an easily accessible zone for regular picking.
21654,Active/Regular Products,Zone B,108501,,Keep in an easily accessible zone for regular picking.
23074,Active/Regular Products,Zone B,108432,,Keep in an easily accessible zone for regular picking.
21289,Active/Regular Products,Zone B,108094,,Keep in an easily accessible zone for regular picking.
21051,Active/Regular Products,Zone B,108069,,Keep in an easily accessible zone for regular picking.
21003,Active/Regular Products,Zone B,107548,,Keep in an easily accessible zone for regular picking.
23140,Active/Regular Products,Zone B,106652,,Keep in an easily accessible zone for regular picking.
47594A,Active/Regular Products,Zone B,106550,,Keep in an easily accessible zone for regular picking.
21291,Active/Regular Products,Zone B,106548,,Keep in an easily accessible zone for regular picking.
84707A,Active/Regular Products,Zone B,106470,,Keep in an easily accessible zone for regular picking.
22642,Active/Regular Products,Zone B,106386,,Keep in an easily accessible zone for regular picking.
21743,Active/Regular Products,Zone B,106330,,Keep in an easily accessible zone for regular picking.
23411,Active/Regular Products,Zone B,106288,,Keep in an easily accessible zone for regular picking.
21808,Active/Regular Products,Zone B,105696,,Keep in an easily accessible zone for regular picking.
23554,Active/Regular Products,Zone B,105108,,Keep in an easily accessible zone for regular picking.
23512,Active/Regular Products,Zone B,105051,,Keep in an easily accessible zone for regular picking.
22511,Active/Regular Products,Zone B,104652,,Keep in an easily accessible zone for regular picking.
85208,Active/Regular Products,Zone B,104016,,Keep in an easily accessible zone for regular picking.
21365,Active/Regular Products,Zone B,103584,,Keep in an easily accessible zone for regular picking.
22447,Active/Regular Products,Zone B,103185,,Keep in an easily accessible zone for regular picking.
23180,Active/Regular Products,Zone B,102949,,Keep in an easily accessible zone for regular picking.
23568,Active/Regular Products,Zone B,102720,,Keep in an easily accessible zone for regular picking.
16168M,Active/Regular Products,Zone B,102705,,Keep in an easily accessible zone for regular picking.
21684,Active/Regular Products,Zone B,102460,,Keep in an easily accessible zone for regular picking.
23528,Active/Regular Products,Zone B,102400,,Keep in an easily accessible zone for regular picking.
20868,Active/Regular Products,Zone B,102396,,Keep in an easily accessible zone for regular picking.
85180B,Active/Regular Products,Zone B,102384,,Keep in an easily accessible zone for regular picking.
85086A,Active/Regular Products,Zone B,102300,,Keep in an easily accessible zone for regular picking.
22461,Active/Regular Products,Zone B,102025,,Keep in an easily accessible zone for regular picking.
22305,Active/Regular Products,Zone B,101643,,Keep in an easily accessible zone for regular picking.
23422,Active/Regular Products,Zone B,101567,,Keep in an easily accessible zone for regular picking.
23525,Active/Regular Products,Zone B,101442,,Keep in an easily accessible zone for regular picking.
21377,Active/Regular Products,Zone B,101352,,Keep in an easily accessible zone for regular picking.
85169C,Active/Regular Products,Zone B,101062,,Keep in an easily accessible zone for regular picking.
23451,Active/Regular Products,Zone B,100828,,Keep in an easily accessible zone for regular picking.
22221,Active/Regular Products,Zone B,100419,,Keep in an easily accessible zone for regular picking.
21261,Active/Regular Products,Zone B,100395,,Keep in an easily accessible zone for regular picking.
21710,Active/Regular Products,Zone B,100035,,Keep in an easily accessible zone for regular picking.
47367B,Active/Regular Products,Zone B,99674,,Keep in an easily accessible zone for regular picking.
90214S,Active/Regular Products,Zone B,99630,,Keep in an easily accessible zone for regular picking.
84247E,Active/Regular Products,Zone B,99456,,Keep in an easily accessible zone for regular picking.
20617,Active/Regular Products,Zone B,99244,,Keep in an easily accessible zone for regular picking.
21415,Active/Regular Products,Zone B,99130,,Keep in an easily accessible zone for regular picking.
22882,Active/Regular Products,Zone B,98280,,Keep in an easily accessible zone for regular picking.
18098C,Active/Regular Products,Zone B,97412,,Keep in an easily accessible zone for regular picking.
21188,Active/Regular Products,Zone B,97250,,Keep in an easily accessible zone for regular picking.
21627,Active/Regular Products,Zone B,96820,,Keep in an easily accessible zone for regular picking.
90208,Active/Regular Products,Zone B,96681,,Keep in an easily accessible zone for regular picking.
47578A,Active/Regular Products,Zone B,96660,,Keep in an easily accessible zone for regular picking.
22451,Active/Regular Products,Zone B,96645,,Keep in an easily accessible zone for regular picking.
23473,Active/Regular Products,Zone B,96543,,Keep in an easily accessible zone for regular picking.
90214J,Active/Regular Products,Zone B,96432,,Keep in an easily accessible zone for regular picking.
21187,Active/Regular Products,Zone B,96384,,Keep in an easily accessible zone for regular picking.
21693,Active/Regular Products,Zone B,96150,,Keep in an easily accessible zone for regular picking.
22448,Active/Regular Products,Zone B,95985,,Keep in an easily accessible zone for regular picking.
84674,Active/Regular Products,Zone B,95974,,Keep in an easily accessible zone for regular picking.
21251,Active/Regular Products,Zone B,95910,,Keep in an easily accessible zone for regular picking.
23521,Active/Regular Products,Zone B,95700,,Keep in an easily accessible zone for regular picking.
90018A,Active/Regular Products,Zone B,95534,,Keep in an easily accessible zone for regular picking.
23150,Active/Regular Products,Zone B,95403,,Keep in an easily accessible zone for regular picking.
84660C,Active/Regular Products,Zone B,94860,,Keep in an easily accessible zone for regular picking.
22702,Active/Regular Products,Zone B,94766,,Keep in an easily accessible zone for regular picking.
22869,Active/Regular Products,Zone B,94556,,Keep in an easily accessible zone for regular picking.
21284,Active/Regular Products,Zone B,94416,,Keep in an easily accessible zone for regular picking.
90161B,Active/Regular Products,Zone B,94350,,Keep in an easily accessible zone for regular picking.
35598D,Active/Regular Products,Zone B,94332,,Keep in an easily accessible zone for regular picking.
22256,Active/Regular Products,Zone B,93900,,Keep in an easily accessible zone for regular picking.
90170,Active/Regular Products,Zone B,93536,,Keep in an easily accessible zone for regular picking.
17084P,Active/Regular Products,Zone B,93171,,Keep in an easily accessible zone for regular picking.
22389,Active/Regular Products,Zone B,92475,,Keep in an easily accessible zone for regular picking.
21656,Active/Regular Products,Zone B,92355,,Keep in an easily accessible zone for regular picking.
46776E,Active/Regular Products,Zone B,91276,,Keep in an easily accessible zone for regular picking.
23086,Active/Regular Products,Zone B,91086,,Keep in an easily accessible zone for regular picking.
21633,Active/Regular Products,Zone B,90930,,Keep in an easily accessible zone for regular picking.
21367,Active/Regular Products,Zone B,90859,,Keep in an easily accessible zone for regular picking.
47471,Active/Regular Products,Zone B,90831,,Keep in an easily accessible zone for regular picking.
21264,Active/Regular Products,Zone B,90768,,Keep in an easily accessible zone for regular picking.
46776D,Active/Regular Products,Zone B,90502,,Keep in an easily accessible zone for regular picking.
16045,Active/Regular Products,Zone B,90372,,Keep in an easily accessible zone for regular picking.
79030D,Active/Regular Products,Zone B,90052,,Keep in an easily accessible zone for regular picking.
21629,Active/Regular Products,Zone B,90006,,Keep in an easily accessible zone for regular picking.
72819,Active/Regular Products,Zone B,89827,,Keep in an easily accessible zone for regular picking.
21722,Active/Regular Products,Zone B,89820,,Keep in an easily accessible zone for regular picking.
23124,Active/Regular Products,Zone B,89182,,Keep in an easily accessible zone for regular picking.
85179C,Active/Regular Products,Zone B,89136,,Keep in an easily accessible zone for regular picking.
18094C,Active/Regular Products,Zone B,88200,,Keep in an easily accessible zone for regular picking.
35957,Active/Regular Products,Zone B,88109,,Keep in an easily accessible zone for regular picking.
23272,Active/Regular Products,Zone B,88000,,Keep in an easily accessible zone for regular picking.
22538,Active/Regular Products,Zone B,88000,,Keep in an easily accessible zone for regular picking.
84843,Active/Regular Products,Zone B,87936,,Keep in an easily accessible zone for regular picking.
21285,Active/Regular Products,Zone B,87763,,Keep in an easily accessible zone for regular picking.
85124B,Active/Regular Products,Zone B,87633,,Keep in an easily accessible zone for regular picking.
84968E,Active/Regular Products,Zone B,87472,,Keep in an easily accessible zone for regular picking.
71143,Active/Regular Products,Zone B,87431,,Keep in an easily accessible zone for regular picking.
85170B,Active/Regular Products,Zone B,87126,,Keep in an easily accessible zone for regular picking.
20699,Active/Regular Products,Zone B,87002,,Keep in an easily accessible zone for regular picking.
90161D,Active/Regular Products,Zone B,86972,,Keep in an easily accessible zone for regular picking.
85135B,Active/Regular Products,Zone B,86940,,Keep in an easily accessible zone for regular picking.
22647,Active/Regular Products,Zone B,86895,,Keep in an easily accessible zone for regular picking.
90214K,Active/Regular Products,Zone B,86678,,Keep in an easily accessible zone for regular picking.
90158,Active/Regular Products,Zone B,86450,,Keep in an easily accessible zone for regular picking.
20771,Active/Regular Products,Zone B,86080,,Keep in an easily accessible zone for regular picking.
23070,Active/Regular Products,Zone B,85800,,Keep in an easily accessible zone for regular picking.
85168B,Active/Regular Products,Zone B,85575,,Keep in an easily accessible zone for regular picking.
22042,Active/Regular Products,Zone B,85332,,Keep in an easily accessible zone for regular picking.
23694,Active/Regular Products,Zone B,84911,,Keep in an easily accessible zone for regular picking.
84796A,Active/Regular Products,Zone B,84839,,Keep in an easily accessible zone for regular picking.
85025B,Active/Regular Products,Zone B,84550,,Keep in an easily accessible zone for regular picking.
22259,Active/Regular Products,Zone B,84260,,Keep in an easily accessible zone for regular picking.
23495,Active/Regular Products,Zone B,84132,,Keep in an easily accessible zone for regular picking.
35649,Active/Regular Products,Zone B,83860,,Keep in an easily accessible zone for regular picking.
21027,Active/Regular Products,Zone B,83706,,Keep in an easily accessible zone for regular picking.
90071,Active/Regular Products,Zone B,83325,,Keep in an easily accessible zone for regular picking.
20774,Active/Regular Products,Zone B,83116,,Keep in an easily accessible zone for regular picking.
84673A,Active/Regular Products,Zone B,83076,,Keep in an easily accessible zone for regular picking.
21306,Active/Regular Products,Zone B,82940,,Keep in an easily accessible zone for regular picking.
22870,Active/Regular Products,Zone B,82875,,Keep in an easily accessible zone for regular picking.
90214L,Active/Regular Products,Zone B,82547,,Keep in an easily accessible zone for regular picking.
84625A,Active/Regular Products,Zone B,82446,,Keep in an easily accessible zone for regular picking.
46775D,Active/Regular Products,Zone B,82446,,Keep in an easily accessible zone for regular picking.
23218,Active/Regular Products,Zone B,82280,,Keep in an easily accessible zone for regular picking.
21638,Active/Regular Products,Zone B,81600,,Keep in an easily accessible zone for regular picking.
23216,Active/Regular Products,Zone B,81400,,Keep in an easily accessible zone for regular picking.
84313C,Active/Regular Products,Zone B,81141,,Keep in an easily accessible zone for regular picking.
21128,Active/Regular Products,Zone B,80892,,Keep in an easily accessible zone for regular picking.
22641,Active/Regular Products,Zone B,80882,,Keep in an easily accessible zone for regular picking.
84251C,Active/Regular Products,Zone B,80840,,Keep in an easily accessible zone for regular picking.
90119,Active/Regular Products,Zone B,80712,,Keep in an easily accessible zone for regular picking.
21741,Active/Regular Products,Zone B,80640,,Keep in an easily accessible zone for regular picking.
90013A,Active/Regular Products,Zone B,80192,,Keep in an easily accessible zone for regular picking.
16216,Active/Regular Products,Zone B,79785,,Keep in an easily accessible zone for regular picking.
21263,Active/Regular Products,Zone B,79548,,Keep in an easily accessible zone for regular picking.
20997,Active/Regular Products,Zone B,79492,,Keep in an easily accessible zone for regular picking.
84813,Active/Regular Products,Zone B,79458,,Keep in an easily accessible zone for regular picking.
23660,Active/Regular Products,Zone B,79380,,Keep in an easily accessible zone for regular picking.
21378,Active/Regular Products,Zone B,79254,,Keep in an easily accessible zone for regular picking.
71279,Active/Regular Products,Zone B,79192,,Keep in an easily accessible zone for regular picking.
85163B,Active/Regular Products,Zone B,78732,,Keep in an easily accessible zone for regular picking.
90013B,Active/Regular Products,Zone B,78399,,Keep in an easily accessible zone for regular picking.
20854,Active/Regular Products,Zone B,78392,,Keep in an easily accessible zone for regular picking.
22257,Active/Regular Products,Zone B,77784,,Keep in an easily accessible zone for regular picking.
23567,Active/Regular Products,Zone B,77737,,Keep in an easily accessible zone for regular picking.
90130B,Active/Regular Products,Zone B,77717,,Keep in an easily accessible zone for regular picking.
20653,Active/Regular Products,Zone B,77253,,Keep in an easily accessible zone for regular picking.
22395,Active/Regular Products,Zone B,76923,,Keep in an easily accessible zone for regular picking.
90214C,Active/Regular Products,Zone B,76725,,Keep in an easily accessible zone for regular picking.
85025C,Active/Regular Products,Zone B,76011,,Keep in an easily accessible zone for regular picking.
90209C,Active/Regular Products,Zone B,75981,,Keep in an easily accessible zone for regular picking.
22541,Active/Regular Products,Zone B,75950,,Keep in an easily accessible zone for regular picking.
23125,Active/Regular Products,Zone B,75430,,Keep in an easily accessible zone for regular picking.
20932,Active/Regular Products,Zone B,75285,,Keep in an easily accessible zone for regular picking.
22884,Active/Regular Products,Zone B,75132,,Keep in an easily accessible zone for regular picking.
22954,Active/Regular Products,Zone B,75080,,Keep in an easily accessible zone for regular picking.
84313B,Active/Regular Products,Zone B,74997,,Keep in an easily accessible zone for regular picking.
84341B,Active/Regular Products,Zone B,74880,,Keep in an easily accessible zone for regular picking.
90206C,Active/Regular Products,Zone B,74710,,Keep in an easily accessible zone for regular picking.
90201D,Active/Regular Products,Zone B,74586,,Keep in an easily accessible zone for regular picking.
22105,Active/Regular Products,Zone B,74448,,Keep in an easily accessible zone for regular picking.
21678,Active/Regular Products,Zone B,74144,,Keep in an easily accessible zone for regular picking.
21711,Active/Regular Products,Zone B,74052,,Keep in an easily accessible zone for regular picking.
85124C,Active/Regular Products,Zone B,73944,,Keep in an easily accessible zone for regular picking.
22889,Active/Regular Products,Zone B,73821,,Keep in an easily accessible zone for regular picking.
22184,Active/Regular Products,Zone B,73360,,Keep in an easily accessible zone for regular picking.
20830,Active/Regular Products,Zone B,73334,,Keep in an easily accessible zone for regular picking.
21847,Active/Regular Products,Zone B,73227,,Keep in an easily accessible zone for regular picking.
21758,Active/Regular Products,Zone B,72672,,Keep in an easily accessible zone for regular picking.
21518,Active/Regular Products,Zone B,72580,,Keep in an easily accessible zone for regular picking.
17038,Active/Regular Products,Zone B,72182,,Keep in an easily accessible zone for regular picking.
20661,Active/Regular Products,Zone B,72006,,Keep in an easily accessible zone for regular picking.
22883,Active/Regular Products,Zone B,71392,,Keep in an easily accessible zone for regular picking.
21628,Active/Regular Products,Zone B,71313,,Keep in an easily accessible zone for regular picking.
84859A,Active/Regular Products,Zone B,71295,,Keep in an easily accessible zone for regular picking.
90013C,Active/Regular Products,Zone B,70868,,Keep in an easily accessible zone for regular picking.
22390,Active/Regular Products,Zone B,70668,,Keep in an easily accessible zone for regular picking.
23474,Active/Regular Products,Zone B,70633,,Keep in an easily accessible zone for regular picking.
20936,Active/Regular Products,Zone B,70550,,Keep in an easily accessible zone for regular picking.
90214D,Active/Regular Products,Zone B,70432,,Keep in an easily accessible zone for regular picking.
85019B,Active/Regular Products,Zone B,70380,,Keep in an easily accessible zone for regular picking.
35599D,Active/Regular Products,Zone B,70176,,Keep in an easily accessible zone for regular picking.
22881,Active/Regular Products,Zone B,70006,,Keep in an easily accessible zone for regular picking.
90214H,Active/Regular Products,Zone B,69720,,Keep in an easily accessible zone for regular picking.
20696,Active/Regular Products,Zone B,69720,,Keep in an easily accessible zone for regular picking.
85136C,Active/Regular Products,Zone B,69516,,Keep in an easily accessible zone for regular picking.
22503,Active/Regular Products,Zone B,69496,,Keep in an easily accessible zone for regular picking.
23529,Active/Regular Products,Zone B,69264,,Keep in an easily accessible zone for regular picking.
84976,Active/Regular Products,Zone B,69227,,Keep in an easily accessible zone for regular picking.
22878,Active/Regular Products,Zone B,68673,,Keep in an easily accessible zone for regular picking.
21721,Active/Regular Products,Zone B,67947,,Keep in an easily accessible zone for regular picking.
22289,Active/Regular Products,Zone B,67932,,Keep in an easily accessible zone for regular picking.
84876B,Active/Regular Products,Zone B,67617,,Keep in an easily accessible zone for regular picking.
20769,Active/Regular Products,Zone B,67490,,Keep in an easily accessible zone for regular picking.
85129B,Active/Regular Products,Zone B,67456,,Keep in an easily accessible zone for regular picking.
90214E,Active/Regular Products,Zone B,67380,,Keep in an easily accessible zone for regular picking.
21630,Active/Regular Products,Zone B,67200,,Keep in an easily accessible zone for regular picking.
21270,Active/Regular Products,Zone B,67176,,Keep in an easily accessible zone for regular picking.
35916B,Active/Regular Products,Zone B,66912,,Keep in an easily accessible zone for regular picking.
90059A,Active/Regular Products,Zone B,66906,,Keep in an easily accessible zone for regular picking.
22880,Active/Regular Products,Zone B,66784,,Keep in an easily accessible zone for regular picking.
23579,Active/Regular Products,Zone B,66325,,Keep in an easily accessible zone for regular picking.
90197B,Active/Regular Products,Zone B,65826,,Keep in an easily accessible zone for regular picking.
84663A,Active/Regular Products,Zone B,65722,,Keep in an easily accessible zone for regular picking.
71403,Active/Regular Products,Zone B,65670,,Keep in an easily accessible zone for regular picking.
23484,Active/Regular Products,Zone B,65520,,Keep in an easily accessible zone for regular picking.
21826,Active/Regular Products,Zone B,65380,,Keep in an easily accessible zone for regular picking.
84661B,Active/Regular Products,Zone B,65163,,Keep in an easily accessible zone for regular picking.
23697,Active/Regular Products,Zone B,64960,,Keep in an easily accessible zone for regular picking.
23537,Active/Regular Products,Zone B,64702,,Keep in an easily accessible zone for regular picking.
21286,Active/Regular Products,Zone B,63930,,Keep in an easily accessible zone for regular picking.
23522,Active/Regular Products,Zone B,63904,,Keep in an easily accessible zone for regular picking.
90086,Active/Regular Products,Zone B,63896,,Keep in an easily accessible zone for regular picking.
90115,Active/Regular Products,Zone B,63612,,Keep in an easily accessible zone for regular picking.
23661,Active/Regular Products,Zone B,63492,,Keep in an easily accessible zone for regular picking.
21032,Active/Regular Products,Zone B,63330,,Keep in an easily accessible zone for regular picking.
85125,Active/Regular Products,Zone B,63096,,Keep in an easily accessible zone for regular picking.
90214G,Active/Regular Products,Zone B,62340,,Keep in an easily accessible zone for regular picking.
20657,Active/Regular Products,Zone B,62073,,Keep in an easily accessible zone for regular picking.
90201A,Active/Regular Products,Zone B,61516,,Keep in an easily accessible zone for regular picking.
21815,Active/Regular Products,Zone B,60900,,Keep in an easily accessible zone for regular picking.
21279,Active/Regular Products,Zone B,60465,,Keep in an easily accessible zone for regular picking.
35916A,Active/Regular Products,Zone B,59450,,Keep in an easily accessible zone for regular picking.
90192,Active/Regular Products,Zone B,59250,,Keep in an easily accessible zone for regular picking.
22885,Active/Regular Products,Zone B,58660,,Keep in an easily accessible zone for regular picking.
90019A,Active/Regular Products,Zone B,58212,,Keep in an easily accessible zone for regular picking.
90003C,Active/Regular Products,Zone B,58056,,Keep in an easily accessible zone for regular picking.
20782,Active/Regular Products,Zone B,57996,,Keep in an easily accessible zone for regular picking.
20869,Active/Regular Products,Zone B,57652,,Keep in an easily accessible zone for regular picking.
18007,Active/Regular Products,Zone B,57540,,Keep in an easily accessible zone for regular picking.
20780,Active/Regular Products,Zone B,57456,,Keep in an easily accessible zone for regular picking.
22391,Active/Regular Products,Zone B,57217,,Keep in an easily accessible zone for regular picking.
20794,Active/Regular Products,Zone B,57132,,Keep in an easily accessible zone for regular picking.
84952B,Active/Regular Products,Zone B,57130,,Keep in an easily accessible zone for regular picking.
22408,Active/Regular Products,Zone B,56956,,Keep in an easily accessible zone for regular picking.
20819,Active/Regular Products,Zone B,56943,,Keep in an easily accessible zone for regular picking.
90087,Active/Regular Products,Zone B,56750,,Keep in an easily accessible zone for regular picking.
84249A,Active/Regular Products,Zone B,55404,,Keep in an easily accessible zone for regular picking.
21197,Active/Regular Products,Zone B,55377,,Keep in an easily accessible zone for regular picking.
90160C,Active/Regular Products,Zone B,55276,,Keep in an easily accessible zone for regular picking.
90214M,Active/Regular Products,Zone B,55244,,Keep in an easily accessible zone for regular picking.
90175A,Active/Regular Products,Zone B,54825,,Keep in an easily accessible zone for regular picking.
21375,Active/Regular Products,Zone B,53865,,Keep in an easily accessible zone for regular picking.
21131,Active/Regular Products,Zone B,53564,,Keep in an easily accessible zone for regular picking.
90214N,Active/Regular Products,Zone B,53544,,Keep in an easily accessible zone for regular picking.
90201B,Active/Regular Products,Zone B,53291,,Keep in an easily accessible zone for regular picking.
90096,Active/Regular Products,Zone B,53066,,Keep in an easily accessible zone for regular picking.
90183A,Active/Regular Products,Zone B,52463,,Keep in an easily accessible zone for regular picking.
84926F,Active/Regular Products,Zone B,52304,,Keep in an easily accessible zone for regular picking.
21946,Active/Regular Products,Zone B,52200,,Keep in an easily accessible zone for regular picking.
90062,Active/Regular Products,Zone B,51376,,Keep in an easily accessible zone for regular picking.
90200C,Active/Regular Products,Zone B,50570,,Keep in an easily accessible zone for regular picking.
84952A,Active/Regular Products,Zone B,50180,,Keep in an easily accessible zone for regular picking.
90214R,Active/Regular Products,Zone B,50125,,Keep in an easily accessible zone for regular picking.
84915,Active/Regular Products,Zone B,48967,,Keep in an easily accessible zone for regular picking.
22486,Active/Regular Products,Zone B,48275,,Keep in an easily accessible zone for regular picking.
90030B,Active/Regular Products,Zone B,48075,,Keep in an easily accessible zone for regular picking.
90120C,Active/Regular Products,Zone B,48004,,Keep in an easily accessible zone for regular picking.
47369B,Active/Regular Products,Zone B,47366,,Keep in an easily accessible zone for regular picking.
90174,Active/Regular Products,Zone B,47250,,Keep in an easily accessible zone for regular picking.
20897,Active/Regular Products,Zone B,46512,,Keep in an easily accessible zone for regular picking.
90161A,Active/Regular Products,Zone B,46242,,Keep in an easily accessible zone for regular picking.
84509E,Active/Regular Products,Zone B,45126,,Keep in an easily accessible zone for regular picking.
90147,Active/Regular Products,Zone B,43677,,Keep in an easily accessible zone for regular picking.
90022,Active/Regular Products,Zone B,43520,,Keep in an easily accessible zone for regular picking.
90201C,Active/Regular Products,Zone B,43239,,Keep in an easily accessible zone for regular picking.
35833P,Active/Regular Products,Zone B,43120,,Keep in an easily accessible zone for regular picking.
90214B,Active/Regular Products,Zone B,42724,,Keep in an easily accessible zone for regular picking.
90175D,Active/Regular Products,Zone B,42280,,Keep in an easily accessible zone for regular picking.
90129B,Active/Regular Products,Zone B,41420,,Keep in an easily accessible zone for regular picking.
90118,Active/Regular Products,Zone B,41420,,Keep in an easily accessible zone for regular picking.
90184B,Active/Regular Products,Zone B,41244,,Keep in an easily accessible zone for regular picking.
90059D,Active/Regular Products,Zone B,41211,,Keep in an easily accessible zone for regular picking.
90129A,Active/Regular Products,Zone B,40760,,Keep in an easily accessible zone for regular picking.
90019B,Active/Regular Products,Zone B,40608,,Keep in an easily accessible zone for regular picking.
20663,Active/Regular Products,Zone B,40500,,Keep in an easily accessible zone for regular picking.
90165B,Active/Regular Products,Zone B,39978,,Keep in an easily accessible zone for regular picking.
47369A,Active/Regular Products,Zone B,39660,,Keep in an easily accessible zone for regular picking.
90183B,Active/Regular Products,Zone B,39610,,Keep in an easily accessible zone for regular picking.
90190C,Active/Regular Products,Zone B,38893,,Keep in an easily accessible zone for regular picking.
90016B,Active/Regular Products,Zone B,38532,,Keep in an easily accessible zone for regular picking.
20662,Active/Regular Products,Zone B,38240,,Keep in an easily accessible zone for regular picking.
90073,Active/Regular Products,Zone B,37962,,Keep in an easily accessible zone for regular picking.
90101,Active/Regular Products,Zone B,36720,,Keep in an easily accessible zone for regular picking.
90018B,Active/Regular Products,Zone B,35530,,Keep in an easily accessible zone for regular picking.
90204,Active/Regular Products,Zone B,35298,,Keep in an easily accessible zone for regular picking.
90205A,Active/Regular Products,Zone B,33760,,Keep in an easily accessible zone for regular picking.
90198B,Active/Regular Products,Zone B,33388,,Keep in an easily accessible zone for regular picking.
90173,Active/Regular Products,Zone B,33354,,Keep in an easily accessible zone for regular picking.
90103,Active/Regular Products,Zone B,32880,,Keep in an easily accessible zone for regular picking.
90059E,Active/Regular Products,Zone B,32640,,Keep in an easily accessible zone for regular picking.
90184C,Active/Regular Products,Zone B,32487,,Keep in an easily accessible zone for regular picking.
90181B,Active/Regular Products,Zone B,32144,,Keep in an easily accessible zone for regular picking.
90202A,Active/Regular Products,Zone B,31725,,Keep in an easily accessible zone for regular picking.
79191D,Active/Regular Products,Zone B,31328,,Keep in an easily accessible zone for regular picking.
90010E,Active/Regular Products,Zone B,31216,,Keep in an easily accessible zone for regular picking.
23626,Active/Regular Products,Zone B,31136,,Keep in an easily accessible zone for regular picking.
90120B,Active/Regular Products,Zone B,31050,,Keep in an easily accessible zone for regular picking.
90081C,Active/Regular Products,Zone B,30870,,Keep in an easily accessible zone for regular picking.
90205C,Active/Regular Products,Zone B,30510,,Keep in an easily accessible zone for regular picking.
90165A,Active/Regular Products,Zone B,30315,,Keep in an easily accessible zone for regular picking.
90164B,Active/Regular Products,Zone B,30075,,Keep in an easily accessible zone for regular picking.
90072,Active/Regular Products,Zone B,29904,,Keep in an easily accessible zone for regular picking.
90202C,Active/Regular Products,Zone B,29666,,Keep in an easily accessible zone for regular picking.
90166,Active/Regular Products,Zone B,29610,,Keep in an easily accessible zone for regular picking.
90177C,Active/Regular Products,Zone B,29232,,Keep in an easily accessible zone for regular picking.
90003E,Active/Regular Products,Zone B,29148,,Keep in an easily accessible zone for regular picking.
90130C,Active/Regular Products,Zone B,28639,,Keep in an easily accessible zone for regular picking.
90177D,Active/Regular Products,Zone B,28462,,Keep in an easily accessible zone for regular picking.
90059F,Active/Regular Products,Zone B,27804,,Keep in an easily accessible zone for regular picking.
90000D,Active/Regular Products,Zone B,27426,,Keep in an easily accessible zone for regular picking.
90129E,Active/Regular Products,Zone B,27090,,Keep in an easily accessible zone for regular picking.
90169,Active/Regular Products,Zone B,23551,,Keep in an easily accessible zone for regular picking.
90168,Active/Regular Products,Zone B,23076,,Keep in an easily accessible zone for regular picking.
90202B,Active/Regular Products,Zone B,20050,,Keep in an easily accessible zone for regular picking.
90182C,Active/Regular Products,Zone B,17757,,Keep in an easily accessible zone for regular picking.
