InvoiceNo,total_picking_distance
536365,23
536366,9
536367,48
536368,17
536369,2
536370,71
536371,5
536372,9
536373,62
536374,2
536375,62
536376,8
536377,9
536378,70
536380,5
536381,135
536382,47
536384,62
536385,32
536386,8
536387,21
536388,66
536389,63
536390,81
536392,37
536393,4
536394,53
536395,66
536396,69
536397,10
536398,78
536399,9
536400,5
536401,256
536402,13
536403,5
536404,119
536405,7
536406,63
536407,9
536408,197
536409,210
536412,224
536415,256
536416,21
536420,57
536423,49
536425,77
536437,20
536446,102
536460,56
536463,6
536464,264
536466,7
536477,56
536488,111
536500,52
536502,13
536508,6
536514,29
536520,235
536521,6
536522,182
536523,47
536524,15
536525,47
536526,31
536527,57
536528,170
536529,32
536530,96
536531,88
536532,284
536533,16
536534,21
536535,48
536536,12
536537,48
536538,112
536539,118
536540,88
536541,2
536542,58
536544,2072
536551,102
536555,8
536556,37
536557,235
536558,6
536559,38
536560,59
536561,64
536562,69
536563,29
536564,8
536565,7
536566,35
536567,34
536568,5
536569,267
536570,16
536571,67
536572,81
536573,16
536574,2
536575,29
536576,66
536577,16
536578,36
536579,10
536580,29
536581,0
536582,87
536583,4
536584,5
536585,3
536586,28
536587,89
536588,47
536590,50
536591,160
536592,2317
536593,24
536594,12
536595,33
536596,23
536597,102
536598,14
536599,29
536600,37
536601,9
536602,46
536603,9
536604,38
536605,65
536607,56
536608,7
536609,62
536610,9
536611,57
536612,58
536613,61
536614,9
536615,44
536616,2
536617,40
536618,63
536619,7
536620,89
536621,39
536623,193
536624,103
536626,5
536627,59
536628,62
536629,9
536630,62
536631,9
536632,98
536633,61
536634,61
536635,80
536636,5
536637,210
536638,260
536639,64
536640,32
536641,6
536643,106
536663,18
536667,49
536670,6
536671,14
536672,9
536673,19
536674,84
536676,37
536681,57
536685,63
536688,9
536690,63
536693,9
536698,71
536707,54
536732,98
536733,60
536735,4
536736,19
536738,31
536739,56
536740,30
536741,74
536742,215
536743,133
536744,54
536745,39
536746,64
536747,58
536748,22
536749,205
536750,69
536751,9
536752,69
536753,9
536754,197
536755,51
536756,50
536759,83
536761,35
536762,85
536763,39
536769,122
536771,30
536777,19
536778,62
536779,0
536780,19
536781,6
536782,122
536783,159
536784,110
536785,24
536786,5
536787,51
536788,3
536789,9
536790,62
536791,9
536792,3
536793,57
536794,19
536795,28
536796,405
536797,35
536798,116
536799,66
536800,86
536801,63
536802,32
536803,3
536804,87
536805,84
536806,20
536808,56
536809,4
536810,5
536811,4
536813,64
536819,66
536821,78
536823,16
536824,1
536830,6
536831,18
536832,32
536833,115
536834,6
536835,1
536836,99
536837,110
536838,10
536839,65
536840,44
536841,101
536842,41
536843,6
536844,18
536845,116
536846,274
536847,39
536848,12
536849,17
536851,68
536852,19
536856,161
536857,69
536858,22
536859,80
536860,54
536861,39
536862,325
536863,158
536864,191
536865,549
536866,1
536874,259
536876,2255
536883,8
536884,8
536885,58
536890,13
536920,31
536938,62
536943,106
536944,22
536945,225
536946,100
536947,166
536954,1
536956,54
536957,58
536960,63
536967,3
536968,4
536969,2
536970,5
536971,36
536972,60
536973,128
536974,50
536975,281
536976,69
536977,58
536980,44
536981,87
536982,580
536983,26
536984,117
536985,49
536986,23
536987,215
536988,144
536989,100
536990,22
536991,24
536992,5
536993,125
536994,11
537022,91
537023,95
537025,57
537026,37
537030,62
537031,32
537034,300
537035,5
537036,128
537037,34
537038,26
537040,6
537041,99
537042,202
537044,63
537045,119
537046,53
537047,149
537048,9
537049,58
537050,190
537051,134
537052,22
537053,5
537054,149
537055,58
537057,192
537058,50
537059,84
537065,251
537067,25
537077,106
537081,95
537086,36
537090,2
537111,100
537117,2
537126,437
537127,4
537128,75
537129,70
537130,74
537131,124
537133,209
537134,42
537135,485
537136,135
537137,256
537138,126
537139,9
537140,140
537141,167
537142,63
537144,376
537153,170
537154,213
537155,122
537156,67
537158,42
537159,131
537160,92
537163,78
537176,64
537179,58
537192,220
537193,128
537194,5
537195,118
537196,290
537197,53
537198,11
537199,123
537200,116
537201,289
537202,214
537204,126
537205,42
537206,21
537207,88
537208,203
537209,177
537210,42
537211,60
537212,111
537213,16
537214,58
537215,24
537216,65
537217,11
537218,77
537219,269
537220,0
537221,37
537222,96
537223,44
537224,467
537225,260
537226,46
537227,77
537228,5
537229,5
537230,3
537231,76
537233,31
537235,16
537236,39
537237,2341
537238,63
537239,49
537240,2196
537241,67
537242,128
537243,12
537244,37
537245,13
537246,17
537247,14
537248,16
537249,4
537250,49
537252,2
537253,67
537254,230
537255,80
537256,47
537257,40
537258,23
537262,230
537265,141
537298,32
537301,47
537312,25
537313,20
537332,54
537334,167
537335,82
537346,148
537350,49
537351,109
537354,145
537359,38
537360,7
537362,230
537365,92
537366,63
537367,5
537368,69
537369,186
537370,189
537371,61
537372,86
537374,294
537375,193
537376,68
537377,59
537378,68
537380,9
537381,101
537382,230
537384,22
537385,46
537386,4
537387,49
537388,75
537389,65
537390,40
537391,181
537392,96
537393,139
537394,16
537395,193
537396,113
537397,45
537399,176
537400,209
537403,51
537404,48
537405,196
537407,21
537409,71
537410,2
537411,14
537412,2
537415,33
537418,144
537419,50
537420,62
537421,202
537422,106
537423,23
537424,12
537428,86
537429,85
537433,12
537434,2644
537435,56
537440,57
537441,162
537442,5
537446,99
537447,36
537448,2
537456,10
537457,68
537458,61
537459,41
537460,1
537461,2
537462,49
537463,155
537464,122
537465,90
537467,84
537468,81
537469,4
537470,16
537471,4
537472,26
537476,6
537484,115
537489,61
537509,4
537523,34
537534,4
537538,55
537567,122
537592,23
537593,46
537594,52
537595,79
537598,71
537599,3
537601,35
537603,55
537604,189
537605,49
537606,112
537607,53
537608,208
537609,53
537612,34
537614,121
537615,17
537616,3
537617,25
537618,61
537619,27
537620,27
537621,20
537622,106
537623,147
537624,199
537625,20
537626,141
537627,47
537628,62
537629,65
537631,5
537632,4
537633,22
537634,60
537635,6
537636,15
537637,20
537638,2399
537640,588
537641,297
537642,493
537643,470
537645,409
537646,241
537648,92
537649,26
537650,49
537653,114
537654,86
537655,38
537657,22
537658,12
537659,36
537664,2
537665,17
537666,2161
537667,1
537668,3
537669,36
537670,46
537671,65
537672,81
537673,35
537674,76
537675,6
537676,25
537678,33
537679,20
537680,52
537681,26
537682,20
537683,84
537685,61
537686,10
537688,59
537689,70
537690,64
537691,82
537692,199
537693,43
537694,61
537698,16
537700,15
537707,64
537738,50
537743,33
537751,11
537754,80
537755,35
537757,39
537758,52
537759,50
537760,15
537761,6
537762,102
537764,167
537765,153
537766,23
537767,2
537768,5
537769,180
537770,61
537771,30
537772,238
537773,229
537774,19
537775,196
537780,20
537781,474
537789,49
537791,3
537792,67
537793,103
537794,277
537795,62
537796,24
537799,44
537800,53
537801,19
537802,117
537803,10
537804,56
537806,42
537808,62
537809,28
537810,5
537811,1
537813,25
537815,72
537816,10
537817,25
537818,223
537819,75
537822,116
537823,2272
537825,109
537826,73
537827,0
537828,119
537829,76
537830,70
537831,43
537833,4
537836,3
537837,47
537839,34
537840,65
537841,3
537842,64
537843,35
537844,144
537845,14
537846,17
537847,26
537848,6
537849,7
537850,106
537851,32
537852,336
537854,27
537855,130
537858,33
537859,104
537861,21
537862,17
537863,0
537864,50
537865,83
537866,32
537867,65
537868,285
537871,75
537879,25
537880,80
537881,55
537882,21
537883,21
537884,26
537885,65
537886,49
537887,41
537888,133
537889,111
537890,32
537891,22
537892,31
537894,59
537895,23
537896,46
537897,48
537898,98
537899,3
537900,87
537901,16
537915,58
537955,201
537963,51
537967,12
537981,18
537995,43
538000,5
538002,74
538003,80
538005,7
538006,4
538007,44
538008,163
538009,130
538010,17
538011,128
538012,106
538013,50
538014,45
538015,73
538032,31
538035,292
538037,21
538040,208
538044,8
538048,8
538049,22
538050,7
538051,96
538053,132
538056,72
538057,47
538060,1
538063,4
538064,89
538065,107
538067,112
538068,52
538069,244
538070,25
538071,2574
538073,34
538076,50
538077,177
538078,106
538079,64
538080,39
538086,131
538087,15
538093,107
538094,50
538095,166
538096,19
538097,66
538101,4
538104,102
538106,50
538107,38
538108,65
538113,81
538116,81
538117,10
538120,6
538125,14
538126,51
538127,7
538145,92
538146,81
538147,4
538148,437
538149,471
538151,19
538153,486
538154,70
538155,130
538156,177
538157,38
538163,183
538165,12
538166,56
538167,110
538168,133
538169,62
538170,96
538171,242
538172,35
538174,163
538175,3
538176,14
538177,2119
538178,27
538179,4
538180,43
538181,25
538182,38
538183,123
538184,121
538185,23
538186,37
538187,44
538188,7
538190,33
538191,68
538192,6
538193,6
538194,1
538195,13
538196,61
538197,68
538198,368
538199,114
538200,49
538201,152
538202,62
538203,40
538204,9
538205,214
538206,47
538207,173
538208,129
538209,142
538210,112
538211,33
538216,23
538240,25
538248,145
538250,120
538252,28
538255,186
538260,69
538263,70
538268,25
538279,18
538280,39
538283,17
538288,1
538296,66
538306,1
538307,138
538308,64
538309,6
538310,4
538311,41
538312,149
538313,101
538327,97
538342,1
538343,72
538345,18
538346,148
538347,128
538349,2363
538351,551
538352,10
538353,127
538354,259
538355,1
538356,81
538358,27
538361,97
538363,62
538364,74
538365,93
538366,29
538367,170
538368,276
538369,155
538370,168
538371,134
538374,195
538378,122
538379,180
538382,158
538397,191
538403,71
538409,35
538417,34
538418,175
538419,133
538420,2
538421,131
538437,94
538449,198
538453,107
538470,6
538473,46
538488,115
538497,172
538499,6
538501,7
538503,21
538504,59
538507,211
538508,501
538509,76
538510,126
538511,61
538512,41
538513,101
538514,175
538515,48
538516,4
538517,179
538518,510
538519,21
538520,9
538521,81
538522,19
538523,94
538524,1952
538525,72
538526,15
538527,28
538528,18
538529,84
538532,59
538533,129
538534,2
538535,28
538537,26
538541,53
538557,11
538558,125
538565,1
538566,1915
538567,64
538576,55
538591,48
538592,54
538593,47
538594,3
538596,22
538597,116
538625,201
538626,205
538627,39
538629,108
538630,225
538631,30
538633,83
538634,139
538635,175
538636,170
538637,173
538638,204
538639,82
538640,27
538641,162
538644,16
538645,53
538646,38
538648,28
538649,6
538651,98
538652,245
538653,72
538654,26
538655,76
538656,23
538657,67
538658,22
538659,168
538660,184
538661,35
538662,170
538663,10
538664,146
538665,52
538666,23
538667,1
538668,8
538669,1
538671,23
538678,67
538679,38
538683,73
538685,3
538687,23
538688,21
538689,68
538697,22
538706,50
538707,171
538708,77
538709,166
538710,44
538714,123
538715,80
538716,7
538719,5
538721,4
538722,77
538724,5
538744,218
538753,24
538778,24
538783,128
538785,42
538795,41
538796,76
538797,4
538799,220
538800,26
538801,61
538807,97
538808,152
538809,40
538810,97
538811,116
538812,21
538814,68
538815,46
538816,57
538817,14
538826,323
538827,371
538828,18
538829,2
538830,19
538831,14
538832,105
538836,98
538839,167
538841,71
538843,71
538844,74
538845,26
538846,10
538848,3
538849,315
538850,44
538851,64
538852,109
538853,223
538854,31
538855,117
538856,16
538857,43
538858,52
538859,20
538860,42
538862,74
538863,187
538864,23
538865,5
538866,276
538867,3
538868,96
538869,14
538870,24
538871,24
538872,42
538875,46
538877,600
538878,34
538879,77
538880,241
538881,199
538883,329
538884,169
538885,5
538886,88
538888,57
538890,198
538892,2
538894,85
538895,50
538896,64
538899,22
538900,81
538901,47
538902,46
538903,97
538905,46
538907,18
538908,53
538909,22
538910,31
538917,294
538935,53
538942,49
538943,22
538944,51
538945,97
538951,158
538967,36
538968,83
538991,146
538992,121
538993,12
538994,39
538995,106
538996,23
538998,68
538999,76
539000,31
539001,2
539002,96
539004,35
539005,2
539006,19
539007,62
539008,30
539009,168
539010,177
539011,19
539012,39
539013,1
539014,97
539015,68
539016,55
539017,5
539018,70
539019,150
539030,80
539032,23
539033,5
539034,75
539036,63
539038,103
539039,245
539040,44
539041,110
539042,35
539043,65
539044,272
539045,14
539046,69
539047,29
539048,5
539049,92
539050,251
539051,6
539052,5
539053,184
539056,4
539064,24
539070,14
539074,31
539075,132
539076,22
539077,8
539078,38
539079,42
539080,23
539081,4
539082,54
539083,11
539084,47
539085,12
539086,56
539087,44
539088,84
539089,61
539091,22
539092,27
539093,9
539094,28
539095,69
539096,1
539098,85
539099,122
539101,39
539102,16
539103,74
539105,29
539106,51
539107,10
539108,2
539109,8
539111,30
539112,64
539113,7
539118,93
539142,35
539143,14
539144,14
539160,51
539181,122
539185,161
539196,131
539201,62
539211,110
539212,64
539213,57
539214,49
539215,155
539216,8
539217,86
539218,6
539219,11
539220,90
539222,64
539223,4
539225,230
539226,27
539240,195
539242,44
539243,86
539245,102
539246,72
539247,59
539248,37
539249,60
539250,206
539252,70
539254,31
539255,90
539256,130
539257,26
539259,89
539261,122
539262,110
539263,83
539264,52
539265,1
539266,21
539267,31
539268,10
539269,17
539272,19
539275,18
539280,18
539281,127
539282,24
539283,66
539285,35
539286,19
539288,8
539290,66
539292,43
539293,81
539294,199
539295,38
539296,21
539297,43
539298,41
539299,44
539300,69
539303,31
539304,3
539305,78
539306,16
539307,143
539308,41
539309,88
539310,7
539311,48
539312,14
539313,49
539314,69
539315,40
539316,16
539317,164
539318,49
539319,23
539320,60
539321,135
539322,81
539323,17
539324,158
539325,105
539326,56
539327,17
539328,32
539330,30
539331,7
539332,2
539333,88
539334,37
539335,15
539336,16
539337,119
539338,89
539351,33
539353,81
539374,100
539379,60
539391,46
539395,112
539398,6
539400,13
539401,23
539403,51
539404,108
539405,79
539406,6
539407,26
539408,48
539410,2
539411,48
539412,11
539414,161
539415,34
539416,8
539417,12
539418,36
539419,32
539420,22
539421,161
539422,31
539423,41
539434,1810
539435,14
539436,1738
539437,2006
539439,86
539440,1
539441,6
539442,64
539443,30
539444,152
539445,36
539446,132
539447,68
539449,11
539450,89
539451,1779
539452,41
539453,1838
539454,40
539455,108
539456,124
539457,30
539458,99
539459,45
539460,4
539461,39
539462,65
539463,53
539464,140
539465,54
539466,101
539468,106
539469,121
539470,106
539471,179
539472,60
539473,81
539474,27
539475,306
539477,111
539478,54
539479,28
539480,18
539481,5
539482,34
539483,38
539484,222
539485,6
539487,44
539488,174
539489,9
539490,69
539491,59
539492,1135
539493,42
539496,72
539497,54
539498,76
539500,0
539501,106
539502,137
539551,47
539561,33
539564,21
539567,5
539570,58
539571,3
539572,8
539578,24
539579,196
539580,52
539581,43
539586,103
539587,78
539588,66
539590,75
539591,5
539592,6
539593,129
539594,17
539595,1113
539597,9
539604,2
539607,177
539609,72
539610,96
539628,26
539629,20
539630,56
539631,974
539633,5
539634,6
539635,49
539636,49
539637,78
539639,41
539641,28
539642,167
539643,4
539645,1
539646,1
539647,223
539648,17
539649,31
539650,93
539651,5
539653,163
539654,215
539656,4
539658,66
539659,152
539660,11
539662,13
539663,172
539664,2
539665,2
539666,11
539675,11
539676,63
539688,4
539708,502
539713,1
539714,6
539715,2
539716,24
539717,16
539718,552
539720,12
539721,4
539722,101
539723,23
539724,2
539725,71
539727,11
539728,191
539729,4
539730,41
539731,222
539732,5
539733,46
539734,5
539735,201
539736,304
539737,411
539738,368
539739,276
539740,263
539741,167
539742,149
539743,122
539744,175
539745,114
539746,80
539747,47
539748,31
539750,602
539751,2
539752,61
539753,35
539754,67
539755,25
539758,1
539759,6
539760,146
539761,101
539762,3
539764,59
539766,115
539825,13
539826,132
539828,7
539829,17
539831,61
539835,84
539836,78
539837,61
539839,4
539840,141
539856,4
539858,11
539859,23
539864,4
539865,9
539867,20
539920,124
539921,18
539933,132
539946,38
539951,39
539952,16
539953,10
539954,12
539955,213
539957,276
539958,2013
539978,59
539979,14
539981,81
539982,83
539984,67
539985,55
539986,9
539987,4
539988,331
539989,6
539990,42
539991,52
539992,14
539993,66
540001,40
540002,13
540003,74
540004,7
540005,53
540013,134
540014,234
540015,123
540016,55
540017,43
540019,103
540020,17
540021,268
540022,37
540023,167
540024,4
540025,52
540026,1625
540027,84
540028,55
540029,6
540031,117
540032,34
540033,192
540040,57
540043,53
540059,13
540060,42
540073,107
540093,61
540094,82
540095,90
540096,49
540098,225
540099,155
540113,71
540114,39
540115,25
540116,11
540120,100
540121,69
540122,80
540126,33
540130,9
540146,81
540148,87
540149,96
540150,1
540153,20
540154,1097
540157,183
540159,11
540160,14
540161,52
540162,29
540163,230
540166,6
540167,33
540168,202
540169,98
540170,24
540172,51
540173,6
540174,2
540175,2
540176,141
540178,134
540179,212
540180,32
540181,9
540182,29
540183,79
540184,12
540185,109
540186,5
540187,160
540188,149
540227,3
540238,348
540239,144
540240,109
540242,97
540245,30
540247,596
540248,191
540249,62
540251,1
540253,23
540255,895
540257,57
540258,14
540259,82
540260,160
540261,60
540262,7
540263,19
540264,2
540265,66
540267,168
540268,188
540269,35
540273,82
540274,18
540275,78
540276,78
540277,114
540278,403
540279,3
540280,8
540288,285
540316,108
540345,40
540348,114
540349,170
540350,231
540351,83
540352,1302
540353,262
540354,64
540355,478
540356,202
540357,154
540358,40
540359,103
540361,27
540362,120
540363,12
540364,178
540365,82
540370,4
540371,58
540372,690
540373,118
540374,49
540375,5
540383,19
540387,48
540395,87
540396,30
540397,149
540399,4
540401,6
540402,111
540404,65
540405,18
540406,8
540407,39
540408,1
540409,59
540410,46
540411,48
540412,72
540413,80
540414,76
540415,223
540416,31
540418,1306
540420,26
540452,2
540453,88
540454,29
540455,73
540456,42
540457,19
540458,558
540459,44
540460,44
540461,24
540462,59
540463,58
540464,204
540465,15
540466,2
540467,74
540468,1242
540469,400
540471,144
540472,68
540473,541
540474,13
540475,33
540476,4
540477,67
540478,30
540479,44
540480,172
540481,29
540482,149
540489,155
540493,44
540495,5
540496,77
540497,11
540498,43
540499,79
540500,21
540501,151
540502,70
540504,78
540505,74
540506,129
540507,31
540508,55
540509,198
540510,14
540511,105
540512,114
540513,34
540514,179
540515,94
540516,108
540517,60
540518,30
540519,62
540520,179
540521,39
540522,62
540523,134
540524,145
540525,52
540526,142
540528,53
540529,60
540530,111
540531,119
540532,98
540533,110
540534,12
540536,89
540537,47
540538,135
540539,102
540540,90
540541,95
540542,22
540543,147
540544,15
540545,173
540546,132
540547,48
540548,45
540550,381
540551,1942
540552,93
540553,23
540554,65
540556,57
540557,2
540561,95
540562,46
540563,2
540565,5
540566,166
540567,66
540568,161
540595,118
540604,131
540630,22
540635,88
540636,5
540639,75
540640,95
540641,74
540642,193
540644,128
540645,48
540646,1369
540647,337
540648,74
540649,31
540653,1
540662,45
540664,40
540671,26
540672,225
540680,141
540681,1075
540682,22
540685,13
540687,110
540688,18
540689,14
540690,73
540691,189
540692,74
540697,107
540698,94
540700,77
540701,28
540702,29
540703,52
540704,43
540732,37
540750,28
540753,13
540768,32
540769,39
540770,21
540777,11
540779,86
540782,31
540785,23
540789,8
540794,44
540795,55
540797,5
540798,253
540799,9
540800,23
540801,133
540802,27
540803,220
540809,63
540813,237
540815,6
540816,171
540817,63
540818,8
540819,5
540821,1568
540822,11
540823,32
540824,49
540825,15
540826,124
540827,117
540828,91
540829,13
540832,521
540833,5
540834,145
540835,39
540836,2
540838,94
540839,173
540840,32
540842,4
540844,17
540848,1818
540849,130
540851,27
540855,23
540856,172
540857,28
540858,19
540859,220
540862,32
540866,31
540900,35
540906,48
540907,286
540908,9
540915,65
540939,2
540940,44
540943,128
540945,4
540946,50
540947,45
540951,50
540953,310
540954,115
540955,34
540957,136
540968,275
540970,7
540971,114
540972,31
540973,6
540974,5
540975,108
540976,203
540977,1614
540979,141
540980,83
540981,80
540983,21
540984,65
540985,10
540986,82
540990,59
540991,32
540992,175
540993,52
540994,191
540995,1405
540996,18
540997,44
540998,40
540999,54
541001,3
541002,62
541003,53
541004,40
541005,90
541006,62
541008,19
541010,45
541011,38
541012,134
541013,46
541014,119
541015,62
541018,132
541021,71
541038,178
541043,1
541086,93
541087,44
541088,86
541091,74
541093,30
541094,139
541103,146
541104,1370
541105,6
541106,9
541107,65
541108,6
541109,2
541110,134
541111,84
541112,73
541113,49
541114,5
541115,259
541118,4
541119,27
541120,163
541121,37
541122,72
541123,128
541124,2
541125,6
541126,70
541127,53
541128,82
541129,97
541130,167
541131,167
541132,153
541133,146
541134,96
541135,15
541136,26
541137,17
541138,167
541139,90
541149,10
541172,37
541181,10
541202,86
541203,8
541204,58
541205,145
541206,304
541207,61
541208,41
541213,249
541214,124
541215,322
541216,107
541217,18
541218,30
541219,1468
541220,154
541221,341
541223,246
541224,43
541225,89
541226,23
541227,24
541228,7
541236,5
541238,143
541239,60
541240,93
541241,140
541242,7
541243,3
541244,141
541246,3
541247,3
541248,23
541249,66
541250,20
541251,29
541252,35
541253,148
541255,8
541256,176
541258,148
541259,77
541260,99
541262,287
541263,93
541264,88
541265,357
541266,133
541267,95
541268,104
541269,199
541270,48
541271,71
541272,14
541273,55
541274,132
541275,11
541276,8
541277,98
541278,23
541279,119
541280,235
541281,59
541282,220
541283,40
541285,104
541286,114
541287,16
541288,36
541289,149
541290,23
541291,88
541292,81
541293,137
541294,25
541302,74
541316,21
541357,40
541362,71
541370,59
541371,155
541391,4
541400,9
541405,82
541406,257
541407,6
541408,47
541409,21
541410,214
541411,0
541412,6
541413,100
541414,108
541417,137
541420,7
541421,1821
541422,1473
541423,1548
541424,1391
541425,7
541426,6
541427,27
541428,30
541429,63
541430,153
541431,4
541432,22
541434,41
541435,48
541436,10
541439,25
541473,30
541474,18
541479,32
541480,49
541481,54
541483,32
541484,55
541485,379
541486,62
541488,64
541489,258
541490,12
541491,116
541493,292
541494,20
541495,159
541496,146
541497,1370
541500,55
541504,112
541505,0
541506,153
541507,112
541508,199
541509,161
541510,94
541511,72
541513,3
541516,1110
541517,9
541518,364
541520,52
541521,29
541522,83
541523,92
541524,134
541525,7
541530,141
541552,133
541564,189
541565,62
541566,113
541567,119
541568,39
541569,97
541570,126
541571,107
541574,59
541575,131
541576,87
541584,154
541585,57
541587,57
541588,122
541590,115
541591,71
541592,1618
541593,201
541594,84
541595,59
541596,369
541597,27
541602,110
541604,204
541605,19
541606,13
541607,3
541608,11
541609,20
541610,16
541611,8
541615,79
541631,284
541648,122
541649,42
541652,10
541655,110
541657,12
541658,217
541659,42
541660,186
541664,56
541669,67
541670,95
541671,62
541672,24
541673,8
541675,36
541676,128
541677,20
541678,88
541679,18
541680,62
541681,52
541682,81
541683,147
541684,426
541686,71
541690,10
541692,22
541695,1558
541696,1481
541698,136
541699,65
541700,33
541703,36
541706,15
541708,5
541709,107
541711,399
541712,117
541732,12
541756,26
541782,6
541783,145
541784,207
541785,19
541788,70
541789,380
541791,28
541792,55
541793,81
541794,102
541795,112
541796,90
541797,23
541798,72
541799,7
541800,41
541801,41
541808,4
541809,360
541810,194
541811,223
541812,13
541813,95
541814,27
541815,5
541816,299
541827,1676
541830,821
541832,47
541835,44
541836,14
541837,39
541838,131
541839,121
541840,7
541841,53
541842,117
541843,227
541844,196
541845,177
541846,80
541847,235
541848,407
541849,174
541850,147
541851,73
541853,40
541854,172
541855,362
541856,167
541857,44
541858,56
541859,114
541860,24
541862,95
541864,74
541865,2
541866,85
541867,19
541869,334
541870,341
541871,427
541872,184
541873,30
541874,44
541875,70
541876,17
541877,90
541878,192
541879,116
541880,49
541881,17
541883,93
541884,22
541886,98
541903,2
541916,38
541919,83
541932,138
541946,64
541947,55
541948,81
541949,72
541950,75
541960,14
541962,39
541963,40
541965,227
541966,32
541968,54
541969,644
541970,190
541971,511
541972,111
541973,50
541974,99
541975,175
541976,10
541977,58
541978,16
541979,64
541980,31
541981,26
541982,20
541983,4
541984,36
541985,113
541986,86
541987,260
541988,26
541989,105
541990,43
541991,65
541992,5
541993,224
541995,79
541996,70
541997,99
541998,21
541999,667
542000,140
542001,85
542002,64
542003,94
542004,21
542005,34
542006,89
542025,29
542026,32
542057,108
542058,78
542059,28
542065,50
542079,9
542080,200
542081,9
542083,21
542084,80
542085,102
542087,92
542090,97
542093,67
542096,102
542098,37
542099,4
542100,149
542102,192
542103,234
542105,157
542106,44
542107,471
542108,24
542109,345
542110,70
542111,65
542112,264
542113,29
542114,93
542115,270
542121,112
542122,86
542123,44
542124,37
542125,36
542126,14
542127,2
542128,72
542129,26
542130,38
542131,38
542132,3
542133,28
542134,19
542135,25
542136,7
542137,14
542141,4
542142,18
542143,33
542145,6
542146,30
542147,123
542148,42
542149,44
542151,53
542152,35
542153,36
542154,8
542155,2
542174,72
542192,463
542207,13
542208,46
542212,9
542213,27
542214,38
542215,167
542216,212
542217,71
542219,147
542220,14
542221,151
542222,4
542223,25
542224,36
542226,72
542227,65
542228,92
542229,78
542230,32
542231,267
542233,48
542234,4
542235,19
542236,142
542237,115
542238,129
542239,98
542240,38
542241,190
542242,29
542243,77
542246,67
542247,63
542252,252
542253,1
542254,41
542255,810
542258,86
542265,94
542266,139
542267,8
542268,134
542269,119
542272,162
542274,86
542275,126
542276,177
542277,67
542278,87
542284,96
542303,381
542320,18
542344,688
542345,167
542347,109
542349,34
542350,19
542351,18
542353,137
542354,68
542355,20
542360,213
542369,50
542370,92
542371,38
542372,29
542373,186
542374,66
542375,21
542377,31
542381,73
542382,52
542384,56
542386,36
542387,21
542388,35
542389,55
542390,76
542393,307
542397,65
542398,281
542399,228
542401,144
542405,8
542406,65
542407,77
542408,155
542409,46
542411,23
542412,73
542419,75
542420,210
542422,85
542423,85
542425,39
542428,86
542429,42
542430,30
542431,71
542432,12
542433,80
542434,61
542470,51
542503,135
542506,100
542511,33
542517,21
542519,82
542520,133
542521,63
542526,202
542527,79
542528,50
542530,39
542533,4
542534,116
542535,80
542536,297
542538,90
542541,752
542542,76
542543,56
542549,7
542568,31
542578,113
542583,28
542584,70
542585,61
542586,134
542587,21
542590,34
542591,6
542594,2
542595,144
542596,44
542597,51
542598,84
542599,67
542600,120
542601,126
542602,111
542603,59
542605,102
542606,18
542607,221
542608,190
542609,24
542610,144
542611,178
542612,119
542613,168
542614,29
542615,6
542616,62
542617,358
542618,164
542619,195
542620,75
542621,127
542622,582
542623,71
542624,267
542625,266
542626,68
542627,168
542628,16
542629,189
542630,3
542631,39
542632,28
542633,239
542634,118
542636,12
542641,22
542646,167
542647,78
542648,79
542649,64
542659,39
542662,154
542664,545
542667,109
542673,61
542678,59
542690,4
542691,34
542692,74
542694,5
542707,28
542708,47
542709,83
542710,81
542711,103
542712,18
542713,189
542715,28
542716,70
542717,162
542718,35
542719,264
542720,39
542722,8
542723,30
542724,52
542725,9
542727,94
542728,22
542729,67
542731,75
542733,111
542735,68
542736,2
542737,142
542739,12
542741,104
542743,9
542745,95
542746,1
542759,8
542776,50
542777,173
542778,60
542779,68
542780,83
542782,47
542785,57
542786,73
542788,58
542789,218
542790,67
542791,130
542794,359
542795,65
542796,78
542797,99
542800,8
542806,161
542812,65
542835,49
542836,179
542849,19
542858,80
542859,13
542862,195
542863,74
542864,74
542865,22
542867,109
542868,60
542869,74
542870,78
542871,3
542872,17
542881,118
542886,92
542887,49
542888,107
542889,9
542890,329
542891,183
542892,3
542893,101
542894,50
542895,213
542896,19
542897,14
542898,415
542899,60
542900,31
542901,20
542902,47
542903,6
542904,77
542905,43
542906,703
542907,18
542908,90
542909,2
542911,42
542914,109
542915,4
542919,12
542920,14
542921,6
542922,71
542923,97
542925,17
542926,8
542927,34
542928,99
542929,141
542930,38
542931,56
542932,174
542933,61
542934,96
542936,79
542944,12
542989,32
542990,40
542992,7
542993,78
542994,66
542995,31
542996,35
542997,135
542998,235
542999,158
543000,289
543001,81
543002,37
543003,35
543005,44
543006,125
543007,28
543008,63
543009,40
543010,95
543011,36
543012,6
543013,649
543015,48
543016,0
543017,4
543018,5
543019,7
543020,144
543021,43
543022,286
543023,37
543024,34
543025,11
543027,28
543028,74
543029,9
543030,43
543031,20
543032,10
543033,133
543036,71
543037,61
543038,21
543040,921
543041,7
543043,14
543044,69
543045,33
543046,28
543047,8
543048,29
543053,42
543054,56
543055,131
543056,72
543057,6
543094,110
543095,53
543096,211
543097,530
543098,39
543099,149
543106,44
543107,130
543108,93
543111,267
543113,114
543114,173
543115,84
543116,161
543117,21
543118,77
543120,92
543121,76
543122,37
543123,63
543124,93
543125,61
543126,39
543127,12
543128,12
543129,46
543130,13
543131,43
543132,47
543133,22
543134,4
543161,130
543162,181
543163,2
543164,100
543165,78
543166,133
543167,11
543168,23
543169,14
543170,33
543171,243
543172,146
543173,96
543174,62
543177,30
543178,41
543179,127
543180,104
543181,13
543182,556
543183,16
543184,33
543186,9
543187,85
543188,233
543189,41
543190,83
543191,156
543192,29
543193,169
543196,138
543197,49
543198,10
543199,31
543200,192
543201,221
543202,3
543214,44
543232,68
543235,155
543237,419
543240,11
543242,93
543243,17
543245,85
543246,56
543247,14
543248,21
543249,30
543250,94
543251,126
543252,49
543253,7
543255,50
543256,52
543263,12
543264,88
543272,60
543273,152
543274,53
543275,101
543276,41
543277,212
543278,48
543279,145
543280,34
543281,109
543282,78
543283,23
543284,32
543285,123
543286,84
543287,30
543288,57
543291,35
543292,93
543293,173
543294,28
543300,505
543306,346
543309,183
543325,23
543332,52
543342,109
543345,503
543348,3
543349,108
543350,44
543351,42
543352,19
543354,167
543355,153
543357,24
543358,574
543359,47
543367,74
543369,128
543370,322
543371,341
543372,9
543373,37
543374,68
543376,9
543377,63
543378,10
543379,15
543380,30
543382,161
543383,1
543385,1
543387,47
543389,74
543391,61
543392,35
543393,41
543394,16
543395,6
543396,21
543397,90
543398,29
543399,561
543400,57
543411,78
543413,11
543428,148
543446,45
543447,178
543448,399
543449,34
543450,155
543451,200
543452,37
543454,56
543455,14
543456,0
543457,42
543458,122
543459,53
543460,5
543461,166
543462,40
543463,125
543464,48
543466,92
543467,764
543468,104
543470,280
543474,204
543476,75
543477,1
543478,29
543479,5
543480,8
543481,70
543482,26
543483,13
543484,103
543485,33
543486,113
543487,43
543492,54
543507,82
543518,193
543519,83
543520,6
543523,14
543527,46
543529,31
543530,537
543532,279
543533,261
543534,35
543535,228
543536,31
543537,23
543538,85
543539,40
543540,31
543541,153
543542,68
543543,137
543544,57
543546,548
543547,58
543548,65
543549,24
543550,22
543553,63
543554,53
543555,278
543565,58
543586,52
543587,66
543588,17
543589,8
543590,71
543591,19
543592,52
543593,25
543594,75
543595,10
543596,36
543597,149
543598,62
543600,105
543601,21
543602,66
543604,63
543610,77
543612,10
543618,34
543619,114
543622,7
543623,3
543625,58
543626,77
543629,221
543630,43
543631,344
543639,68
543641,46
543642,74
543645,62
543646,36
543647,72
543648,69
543649,5
543650,10
543651,69
543652,133
543653,244
543657,32
543658,46
543660,665
543664,44
543668,66
543669,2
543670,4
543672,2
543673,6
543674,12
543675,1
543688,7
543691,5
543693,10
543713,395
543730,21
543731,60
543732,234
543733,56
543734,83
543735,45
543736,118
543737,216
543738,4
543739,55
543740,88
543746,42
543747,17
543748,29
543751,9
543753,5
543754,96
543759,50
543762,14
543770,78
543774,79
543777,132
543788,2
543796,8
543797,26
543798,58
543799,20
543800,290
543801,46
543802,230
543803,211
543804,111
543805,82
543806,108
543807,50
543808,104
543809,66
543810,97
543812,235
543813,25
543814,96
543815,132
543816,79
543820,154
543821,203
543822,52
543823,24
543824,55
543825,18
543826,741
543828,307
543829,63
543831,37
543832,103
543833,33
543836,67
543839,15
543842,2
543852,38
543899,142
543900,114
543901,18
543907,66
543908,15
543909,610
543910,77
543911,113
543912,19
543913,63
543914,32
543915,81
543916,14
543919,42
543920,2
543921,48
543922,4
543923,33
543924,87
543934,35
543935,25
543973,169
543975,164
543976,16
543977,99
543978,209
543979,155
543981,110
543982,40
543983,58
543984,119
543985,486
543986,2
543987,34
543988,7
543989,266
543990,99
543991,12
543993,76
543994,14
543995,40
543996,118
543997,135
543998,16
544035,96
544036,11
544037,217
544039,13
544040,206
544041,72
544042,61
544043,6
544044,64
544045,31
544051,118
544055,44
544056,71
544058,59
544059,66
544060,55
544061,1
544062,113
544064,70
544065,78
544066,23
544067,95
544068,76
544069,47
544070,128
544071,115
544073,39
544074,440
544075,91
544076,5
544077,110
544078,3
544079,2
544081,52
544082,14
544083,49
544084,18
544085,5
544087,282
544088,8
544089,582
544090,50
544091,46
544092,14
544093,27
544094,100
544095,49
544096,31
544097,150
544098,125
544100,67
544101,45
544102,52
544103,34
544104,4
544105,95
544106,183
544107,46
544108,53
544109,40
544110,120
544111,90
544112,125
544115,185
544125,17
544129,26
544143,12
544147,11
544150,26
544151,49
544152,2
544153,173
544154,5
544155,1
544156,56
544157,64
544158,19
544159,82
544160,189
544161,87
544162,88
544163,9
544164,26
544165,59
544166,12
544167,122
544168,2
544169,47
544170,7
544176,13
544177,325
544178,29
544179,64
544180,30
544181,100
544182,65
544183,3
544185,7
544186,744
544187,67
544189,29
544190,64
544191,109
544192,4
544193,140
544194,50
544195,19
544196,16
544197,13
544198,11
544199,16
544200,69
544201,260
544202,187
544203,95
544204,173
544205,263
544206,206
544207,196
544208,136
544209,50
544210,61
544211,81
544214,446
544271,53
544277,28
544278,259
544280,54
544281,20
544282,74
544283,70
544286,296
544292,113
544293,236
544294,128
544295,247
544296,9
544297,14
544298,78
544299,93
544301,90
544302,33
544303,150
544304,146
544305,65
544306,45
544307,51
544308,21
544309,113
544311,197
544312,5
544313,66
544314,62
544315,43
544316,185
544317,28
544319,53
544320,3
544322,13
544323,631
544324,20
544325,5
544326,14
544328,18
544329,15
544330,94
544331,3
544332,54
544333,0
544334,2
544335,58
544336,99
544337,119
544338,77
544339,133
544340,24
544341,83
544349,53
544350,8
544351,6
544352,65
544353,24
544354,18
544355,217
544356,58
544368,198
544390,44
544391,81
544392,101
544393,100
544394,57
544395,30
544398,105
544399,53
544400,42
544404,19
544405,38
544406,227
544407,4
544408,33
544409,132
544411,65
544412,55
544418,13
544421,48
544423,5
544426,3
544430,6
544431,6
544434,847
544438,5
544439,13
544440,17
544441,8
544443,5
544444,91
544445,213
544446,8
544447,42
544448,82
544449,91
544450,391
544452,55
544453,76
544454,74
544455,178
544456,29
544457,48
544459,123
544460,242
544461,176
544462,240
544463,298
544464,124
544465,111
544466,90
544467,315
544468,164
544469,15
544470,116
544471,57
544472,61
544473,29
544474,57
544475,2
544476,252
544477,19
544478,5
544479,295
544480,188
544481,40
544482,20
544483,56
544484,158
544485,81
544495,182
544556,49
544565,64
544568,200
544569,244
544571,252
544572,124
544573,89
544574,94
544578,4
544582,17
544585,28
544586,439
544591,126
544592,41
544595,8
544596,43
544597,237
544598,595
544599,901
544600,6
544601,134
544602,49
544603,16
544604,6
544605,7
544606,0
544607,64
544610,71
544611,11
544612,4
544633,26
544634,172
544636,5
544637,77
544638,49
544642,61
544643,61
544644,72
544645,120
544646,102
544647,71
544648,41
544650,43
544651,87
544652,21
544654,28
544656,115
544657,460
544658,57
544659,108
544660,147
544661,119
544662,83
544663,53
544664,193
544666,97
544667,97
544668,68
544670,105
544672,175
544673,237
544675,51
544676,148
544677,303
544678,160
544680,11
544681,779
544684,810
544685,188
544686,21
544687,80
544688,68
544689,11
544690,59
544691,170
544692,156
544693,32
544694,112
544695,70
544697,41
544698,2
544699,2
544700,64
544701,83
544702,36
544717,116
544724,26
544749,80
544754,95
544766,213
544767,129
544768,160
544769,22
544770,200
544771,199
544772,179
544773,4
544774,63
544776,454
544777,77
544778,261
544779,37
544788,149
544789,76
544790,297
544791,92
544792,111
544793,2
544794,14
544795,206
544796,181
544797,0
544798,42
544799,45
544800,74
544801,78
544802,74
544803,118
544804,42
544805,6
544806,62
544807,1
544808,92
544809,3
544810,79
544811,60
544812,835
544813,47
544815,67
544816,18
544817,64
544818,15
544819,53
544820,4
544821,7
544822,36
544823,120
544824,493
544825,39
544826,27
544833,113
544835,50
544836,53
544837,138
544838,31
544839,117
544846,71
544847,14
544885,87
544886,37
544887,265
544888,85
544892,38
544893,148
544894,127
544895,59
544896,3
544898,23
544899,66
544900,69
544903,87
544904,100
544905,41
544906,60
544907,92
544908,77
544909,152
544910,104
544911,50
544912,41
544913,102
544914,60
544915,14
544916,69
544917,29
544918,172
544919,40
544920,95
544921,51
544922,38
544923,4
544924,75
544925,11
544926,16
544927,5
544928,631
544929,13
544930,200
544931,205
544932,54
544933,104
544934,74
544935,143
544936,5
544937,74
544938,19
544939,22
544940,108
544941,41
544942,97
544943,108
544944,77
544945,207
544968,66
544969,83
544970,227
544996,50
544998,147
544999,6
545000,60
545001,71
545002,25
545004,158
545011,23
545012,5
545013,72
545014,114
545015,34
545016,20
545017,29
545018,52
545019,99
545020,14
545021,70
545022,147
545023,165
545024,128
545025,193
545026,10
545027,289
545028,45
545029,10
545030,14
545031,90
545032,34
545034,22
545035,76
545036,111
545037,84
545038,113
545039,75
545041,64
545042,27
545043,82
545044,56
545045,230
545046,42
545047,5
545048,97
545049,24
545050,68
545051,21
545052,66
545053,240
545054,233
545055,4
545056,83
545057,45
545058,53
545059,115
545060,233
545061,6
545062,241
545063,128
545064,46
545065,28
545066,155
545067,113
545069,22
545070,34
545071,115
545072,56
545073,136
545074,48
545075,78
545076,30
545077,3
545078,480
545079,96
545080,94
545081,162
545082,108
545083,21
545084,62
545085,242
545086,44
545087,33
545103,4
545105,86
545140,9
545148,59
545149,64
545150,178
545151,8
545152,66
545153,74
545154,134
545155,41
545156,49
545157,48
545158,15
545159,21
545160,4
545161,40
545162,86
545163,57
545164,31
545165,89
545166,153
545170,29
545176,4
545180,40
545181,21
545182,54
545183,63
545184,65
545185,0
545186,193
545187,19
545188,476
545190,73
545191,45
545213,42
545214,45
545215,912
545216,716
545217,676
545218,52
545220,47
545221,131
545222,44
545223,5
545224,43
545225,13
545226,373
545227,377
545228,4
545229,10
545230,17
545231,50
545232,244
545233,36
545234,50
545235,65
545237,27
545238,106
545276,32
545279,25
545287,0
545288,138
545289,137
545290,74
545294,120
545295,71
545299,7
545300,65
545301,157
545302,183
545303,50
545304,120
545305,32
545306,8
545308,112
545309,30
545310,30
545311,42
545312,112
545313,38
545314,108
545315,96
545316,69
545317,204
545318,45
545319,11
545320,19
545321,40
545322,40
545323,21
545324,95
545325,11
545326,10
545327,156
545328,14
545331,2
545332,4
545333,641
545334,160
545336,4
545337,106
545338,221
545339,81
545340,309
545341,5
545342,41
545343,38
545344,92
545345,70
545346,79
545347,4
545348,21
545349,139
545377,145
545398,186
545399,166
545400,84
545408,166
545410,154
545411,92
545412,33
545413,10
545414,6
545415,135
545416,74
545417,126
545418,3
545419,104
545423,102
545424,1
545425,28
545426,26
545427,1
545428,100
545429,105
545430,36
545431,14
545433,1
545435,43
545441,55
545445,172
545447,294
545448,5
545459,74
545460,278
545461,78
545462,114
545463,16
545464,774
545465,15
545466,3
545467,16
545468,141
545469,67
545470,27
545471,70
545474,142
545475,329
545477,55
545503,98
545505,15
545512,24
545514,59
545515,112
545517,6
545518,64
545519,51
545521,8
545522,54
545523,154
545524,52
545526,57
545530,435
545533,87
545534,50
545535,6
545536,77
545543,118
545544,56
545545,199
545550,29
545555,65
545557,25
545558,50
545559,195
545568,921
545570,10
545571,151
545573,40
545574,85
545575,41
545576,15
545577,71
545578,37
545579,70
545580,80
545581,56
545582,80
545583,63
545584,5
545585,52
545586,44
545587,220
545588,71
545589,69
545590,85
545591,79
545592,82
545593,11
545595,83
545596,58
545597,41
545601,47
545602,38
545603,10
545630,31
545634,71
545635,81
545636,92
545637,73
545638,49
545644,12
545645,12
545646,33
545647,25
545648,21
545649,120
545652,14
545653,138
545654,70
545655,170
545656,24
545657,228
545658,274
545659,14
545660,130
545661,217
545662,49
545663,58
545664,58
545665,44
545667,744
545668,37
545669,29
545670,12
545675,1
545676,25
545680,21
545681,225
545682,169
545683,217
545684,22
545685,161
545686,35
545687,276
545688,244
545690,418
545691,112
545692,57
545693,42
545694,4
545695,347
545696,83
545697,109
545698,47
545699,93
545700,59
545701,263
545702,81
545703,3
545704,18
545705,73
545706,34
545707,16
545708,29
545709,73
545710,30
545711,33
545712,43
545713,450
545714,169
545715,194
545716,216
545717,169
545718,87
545719,257
545721,154
545722,2
545725,19
545738,2
545748,51
545752,12
545759,70
545764,55
545790,2
545797,231
545812,149
545815,42
545819,66
545820,12
545821,96
545822,4
545826,73
545827,40
545830,197
545832,13
545835,89
545838,123
545842,117
545845,48
545851,76
545853,63
545854,114
545855,42
545856,12
545858,2
545859,69
545865,23
545868,112
545869,45
545870,4
545871,41
545872,362
545873,34
545874,35
545883,33
545888,28
545889,4
545890,16
545894,80
545895,831
545896,19
545897,981
545898,35
545899,35
545900,6
545901,621
545902,5
545904,37
545905,52
545906,238
545907,55
545908,67
545909,137
545910,80
545911,9
545912,26
545913,46
545914,215
545915,42
545916,51
545918,28
545928,79
545933,109
545937,220
545945,99
545978,443
545979,96
545980,197
545987,14
545988,59
545989,10
545991,93
545992,14
545993,17
545994,55
545995,245
545996,323
545998,229
545999,214
546000,25
546001,14
546002,4
546003,201
546004,3
546005,234
546006,19
546007,744
546008,812
546009,38
546011,8
546013,116
546014,3
546015,128
546017,110
546019,41
546027,96
546028,167
546029,7
546030,32
546031,32
546032,18
546033,4
546034,69
546035,18
546036,40
546037,46
546038,46
546062,90
546067,13
546079,113
546082,7
546083,7
546084,167
546087,28
546088,31
546089,108
546090,26
546091,331
546092,88
546096,221
546100,78
546101,19
546102,4
546103,20
546104,39
546105,140
546107,158
546108,218
546109,12
546110,29
546111,77
546112,8
546113,83
546115,85
546116,137
546117,281
546118,103
546119,94
546120,29
546121,111
546122,56
546123,24
546127,48
546132,8
546133,197
546134,16
546135,32
546136,905
546153,24
546154,3
546155,114
546156,50
546157,16
546158,71
546159,53
546160,115
546161,5
546163,47
546164,29
546165,82
546166,7
546169,6
546171,20
546172,113
546182,98
546189,66
546190,37
546212,106
546213,17
546215,114
546216,55
546218,44
546220,117
546223,91
546230,94
546235,69
546236,197
546237,95
546239,41
546242,101
546243,80
546246,133
546247,26
546248,40
546249,97
546250,90
546251,71
546252,239
546253,27
546254,44
546255,66
546261,155
546263,14
546275,48
546279,5
546293,26
546301,24
546303,3
546304,81
546305,144
546306,650
546310,21
546311,7
546312,5
546314,69
546315,99
546316,27
546317,97
546318,1
546319,2
546321,76
546322,22
546324,48
546326,23
546328,4
546329,4
546330,31
546331,15
546364,96
546365,217
546366,61
546367,128
546368,57
546369,5
546372,25
546373,83
546374,4
546376,77
546377,13
546378,153
546380,15
546381,40
546382,30
546383,93
546384,93
546385,97
546386,40
546387,74
546388,346
546389,183
546390,2
546391,36
546392,145
546393,5
546394,143
546396,67
546397,18
546398,47
546399,26
546401,9
546402,13
546403,74
546404,4
546405,16
546406,642
546411,22
546412,24
546413,12
546414,97
546415,75
546417,175
546418,56
546419,85
546420,85
546421,148
546422,123
546423,263
546424,91
546425,78
546426,167
546427,112
546428,63
546429,347
546430,88
546431,68
546432,38
546433,43
546434,61
546435,77
546436,19
546437,83
546438,144
546440,118
546441,30
546442,20
546443,23
546444,5
546462,3
546464,13
546465,139
546466,280
546479,63
546480,4
546486,86
546498,335
546502,208
546508,12
546509,126
546510,48
546520,176
546521,13
546522,83
546523,13
546524,37
546525,55
546526,21
546527,12
546528,145
546530,118
546531,43
546532,10
546533,43
546534,129
546537,128
546538,124
546539,5
546540,32
546541,135
546542,309
546543,212
546544,63
546545,81
546549,191
546550,6
546552,83
546553,30
546554,37
546555,93
546556,37
546558,4
546560,4
546561,147
546562,76
546563,72
546569,186
546580,73
546622,87
546624,120
546625,91
546631,8
546632,5
546633,6
546634,49
546635,180
546636,93
546637,8
546638,99
546639,56
546640,50
546642,36
546643,121
546644,61
546646,74
546648,289
546649,172
546650,146
546651,154
546652,196
546653,164
546654,100
546655,144
546656,200
546657,4
546658,119
546659,39
546660,107
546662,18
546663,10
546665,61
546667,58
546668,36
546669,74
546670,418
546677,10
546678,113
546679,200
546681,76
546682,92
546683,76
546684,104
546685,83
546686,65
546687,97
546688,32
546689,46
546690,7
546691,11
546724,20
546728,3
546729,57
546731,89
546732,85
546733,19
546734,19
546736,0
546737,121
546738,47
546739,175
546741,1
546742,121
546748,66
546749,14
546750,0
546751,95
546752,20
546753,182
546754,19
546755,132
546757,22
546759,43
546760,124
546761,30
546762,28
546763,69
546764,70
546765,37
546766,9
546767,15
546768,20
546769,183
546770,31
546771,103
546772,7
546774,371
546775,4
546776,26
546778,179
546779,7
546780,77
546781,108
546782,41
546784,163
546785,22
546786,41
546787,46
546788,19
546789,34
546790,48
546791,184
546827,1
546828,4
546829,22
546830,49
546831,34
546832,20
546837,70
546843,98
546846,170
546847,3
546848,6
546849,87
546850,391
546851,113
546852,6
546853,4
546855,131
546856,111
546857,62
546860,32
546861,102
546862,141
546863,24
546866,105
546869,32
546871,95
546872,2
546873,37
546874,11
546875,202
546876,2
546877,23
546878,5
546882,75
546883,58
546884,680
546888,645
546890,75
546891,725
546892,576
546896,1202
546898,24
546899,80
546900,8
546902,3
546908,44
546909,92
546910,106
546911,76
546912,251
546913,205
546914,19
546915,85
546916,13
546917,197
546918,13
546919,14
546920,75
546921,9
546922,118
546923,2
546924,33
546925,18
546926,5
546927,83
546928,46
546929,20
546933,4
546944,74
546949,59
546950,219
546951,184
546957,28
546963,54
546972,297
546973,135
546974,134
546976,187
546977,261
546979,48
546980,80
546981,33
546982,185
546983,198
546984,266
546985,16
546986,190
546988,69
546990,91
546991,88
546992,54
546993,163
546994,7
546995,89
546996,22
546998,109
546999,12
547000,68
547001,8
547002,80
547003,25
547004,75
547005,196
547006,9
547007,4
547009,4
547017,35
547018,48
547019,75
547020,67
547021,59
547022,23
547023,36
547025,8
547026,83
547028,69
547029,28
547030,113
547032,15
547033,20
547034,31
547035,82
547036,33
547037,16
547038,15
547039,11
547040,9
547041,14
547042,891
547044,57
547045,1
547046,42
547047,19
547048,34
547049,78
547050,60
547051,46
547052,72
547053,44
547055,93
547056,11
547057,19
547058,175
547059,31
547060,68
547061,56
547062,261
547063,1071
547064,36
547065,32
547066,116
547067,32
547068,80
547069,206
547070,175
547071,53
547072,22
547073,116
547074,49
547075,115
547076,56
547077,14
547078,31
547079,130
547080,23
547081,47
547082,22
547083,138
547084,13
547085,17
547086,45
547087,64
547088,86
547089,33
547090,55
547092,50
547093,96
547094,145
547095,80
547096,57
547097,66
547098,94
547099,34
547100,86
547101,10
547102,276
547103,60
547105,17
547106,150
547107,29
547108,92
547109,78
547114,65
547122,62
547134,76
547154,5
547165,7
547171,29
547192,27
547194,142
547195,139
547196,10
547197,20
547199,150
547200,46
547201,33
547202,120
547203,61
547204,20
547205,49
547206,107
547207,5
547209,294
547219,92
547220,13
547221,51
547222,35
547223,288
547224,88
547225,7
547226,32
547227,20
547233,27
547238,57
547239,10
547240,167
547243,203
547244,18
547245,28
547246,40
547247,93
547248,794
547249,695
547250,585
547251,73
547252,54
547253,284
547273,109
547324,24
547327,117
547334,41
547340,13
547349,80
547350,156
547357,135
547358,568
547359,263
547360,96
547361,81
547362,162
547364,14
547365,45
547366,35
547367,188
547370,104
547371,17
547372,106
547373,12
547374,322
547375,133
547377,81
547378,39
547379,113
547380,175
547381,96
547382,213
547383,155
547384,3
547385,529
547386,772
547387,197
547389,148
547390,35
547391,7
547393,1
547396,301
547397,201
547398,200
547399,212
547400,143
547401,127
547405,36
547406,28
547407,9
547411,12
547412,78
547413,130
547414,40
547415,4
547416,48
547417,90
547418,128
547419,62
547420,97
547428,63
547444,60
547485,249
547486,23
547488,171
547489,13
547490,152
547491,36
547492,41
547493,40
547494,32
547496,60
547497,263
547498,290
547500,66
547501,2
547503,11
547504,149
547507,73
547508,26
547509,34
547510,183
547511,65
547512,1
547513,65
547514,98
547515,58
547516,11
547517,36
547518,21
547519,3
547520,79
547521,54
547535,41
547537,57
547538,50
547539,30
547541,6
547546,6
547547,541
547548,208
547549,59
547550,27
547551,154
547552,216
547553,56
547554,3
547555,65
547556,73
547558,23
547561,64
547562,31
547563,68
547564,40
547565,37
547566,3
547567,111
547568,173
547569,81
547570,29
547571,65
547572,62
547573,25
547576,21
547577,35
547578,115
547579,10
547580,123
547583,51
547623,149
547639,37
547644,64
547645,27
547647,53
547648,4
547649,195
547650,250
547651,283
547652,100
547653,78
547654,74
547655,64
547656,285
547657,69
547658,301
547659,57
547662,78
547663,277
547664,164
547665,100
547666,121
547667,101
547668,26
547669,112
547670,104
547671,11
547672,94
547674,47
547684,123
547685,17
547686,68
547687,59
547688,8
547689,97
547690,104
547691,43
547694,11
547695,35
547697,77
547698,5
547702,72
547703,127
547705,111
547706,13
547707,4
547708,55
547709,103
547712,112
547713,30
547714,42
547715,74
547716,55
547717,4
547718,3
547719,32
547720,68
547721,77
547722,110
547723,9
547724,23
547726,8
547727,16
547728,9
547729,223
547730,192
547762,20
547772,184
547785,258
547786,181
547787,20
547788,718
547789,174
547790,131
547792,2
547793,121
547794,106
547795,72
547796,46
547799,79
547800,86
547801,106
547803,62
547804,6
547805,92
547809,120
547810,61
547811,85
547812,15
547814,4
547815,49
547816,31
547817,12
547818,45
547819,58
547820,28
547821,16
547822,196
547825,39
547826,71
547828,43
547829,80
547830,611
547832,84
547833,65
547834,23
547835,26
547837,45
547839,82
547840,26
547841,140
547842,36
547843,3
547844,13
547845,21
547846,53
547850,240
547860,332
547861,34
547862,98
547863,27
547864,53
547865,5
547866,52
547867,365
547870,81
547871,200
547872,144
547873,109
547874,62
547875,43
547876,44
547877,77
547878,8
547879,23
547880,122
547881,106
547882,174
547883,71
547884,183
547885,29
547886,94
547887,117
547888,116
547890,21
547891,82
547892,253
547893,16
547894,41
547895,94
547896,223
547897,104
547898,57
547900,31
547901,4
547902,76
547903,133
547906,253
547907,24
547909,122
547910,450
547911,37
547912,63
547914,59
547918,247
547919,87
547920,102
547921,150
547922,50
547923,11
547924,86
547925,115
547926,47
547931,3
547934,64
547935,33
547936,53
547937,172
547938,69
547939,5
547940,84
547941,6
547942,11
547944,10
547945,47
547946,13
547947,75
547949,11
547960,177
547962,117
547963,66
547964,684
547965,20
547967,613
547969,139
547970,5
547971,149
547972,22
547985,88
547986,34
547987,117
547990,63
547991,6
547993,102
548003,70
548005,91
548006,85
548007,63
548010,69
548011,350
548012,40
548013,17
548014,171
548016,8
548017,102
548033,52
548038,65
548144,1
548148,188
548150,70
548151,59
548152,62
548153,51
548154,79
548156,87
548157,48
548158,111
548159,21
548160,213
548162,361
548163,287
548164,195
548165,159
548166,196
548167,193
548168,148
548169,111
548170,35
548171,51
548172,63
548176,230
548177,12
548178,103
548185,88
548186,22
548188,178
548189,52
548190,7
548191,646
548192,87
548194,714
548196,36
548197,33
548198,191
548199,73
548202,32
548203,534
548204,2
548208,71
548210,152
548211,60
548212,180
548213,125
548214,77
548215,68
548216,6
548217,1
548218,51
548219,4
548222,13
548223,4
548234,56
548242,32
548245,1
548255,64
548256,14
548257,108
548258,126
548259,113
548260,93
548267,15
548276,66
548289,160
548293,39
548308,248
548309,259
548310,107
548311,46
548312,184
548313,195
548314,37
548315,29
548316,3
548317,63
548318,22
548319,58
548320,22
548321,8
548322,23
548323,46
548324,57
548325,60
548326,37
548327,262
548329,53
548330,90
548331,82
548332,9
548333,25
548334,86
548335,34
548336,17
548337,76
548338,47
548340,78
548349,13
548351,92
548353,79
548354,40
548358,216
548359,8
548361,77
548363,48
548367,83
548368,22
548370,105
548371,29
548372,9
548373,855
548384,28
548386,15
548388,198
548390,14
548393,2
548400,208
548401,26
548403,7
548404,257
548405,237
548406,43
548407,65
548408,64
548409,123
548410,21
548412,12
548447,14
548448,52
548449,37
548450,83
548451,233
548452,65
548455,48
548457,25
548458,38
548459,38
548461,92
548466,15
548468,41
548470,55
548484,115
548486,61
548489,19
548490,100
548491,35
548492,140
548493,41
548494,9
548496,152
548497,237
548498,47
548499,67
548500,90
548501,11
548502,224
548504,302
548505,314
548506,6
548507,10
548509,23
548510,152
548511,106
548512,66
548514,270
548515,4
548516,740
548520,77
548521,144
548522,552
548529,80
548530,9
548531,23
548533,167
548534,50
548541,45
548542,25
548544,45
548545,76
548546,39
548547,19
548548,7
548549,14
548550,47
548551,67
548552,44
548553,46
548554,73
548555,55
548556,4
548557,45
548558,73
548559,19
548560,23
548561,135
548562,17
548563,59
548565,49
548566,24
548567,101
548568,42
548604,56
548606,11
548608,45
548610,146
548611,62
548612,444
548613,3
548614,126
548616,60
548617,86
548618,53
548619,5
548621,187
548622,71
548623,2
548624,8
548627,12
548629,5
548630,5
548631,44
548632,92
548633,2
548634,20
548635,6
548636,80
548640,5
548641,5
548642,47
548643,6
548644,4
548645,4
548648,329
548649,4
548650,99
548651,26
548652,25
548653,16
548654,31
548655,72
548656,28
548657,4
548658,3
548659,112
548660,25
548661,3
548663,255
548664,278
548665,23
548666,327
548668,4
548669,10
548670,208
548673,48
548674,12
548686,81
548687,20
548692,5
548696,19
548697,22
548698,125
548699,23
548700,42
548701,159
548702,98
548703,130
548704,27
548705,7
548706,18
548707,54
548708,375
548709,48
548710,88
548711,356
548712,259
548714,584
548715,247
548716,64
548718,55
548720,5
548725,3
548726,54
548728,281
548730,28
548732,144
548733,164
548734,32
548735,136
548736,0
548737,104
548739,213
548740,108
548741,62
548742,99
548743,63
548744,59
548745,108
548746,1
548747,48
548749,118
548757,75
548768,58
548780,133
548792,138
548796,212
548801,66
548806,37
548807,73
548808,155
548813,4
548820,4
548856,16
548858,72
548859,87
548860,247
548861,65
548862,6
548863,179
548864,154
548865,76
548867,155
548868,143
548869,65
548870,148
548871,24
548872,24
548873,14
548874,143
548892,39
548893,762
548894,1003
548895,6
548896,60
548898,73
548899,18
548900,46
548901,15
548907,8
548909,104
548910,7
548911,42
548912,34
548913,4
548916,104
548917,54
548918,51
548919,133
548920,101
548940,3
548942,17
548945,11
548952,183
548955,17
548968,191
548969,28
548970,23
548971,94
548973,68
548974,80
548975,65
548977,24
548978,176
548979,6
548981,7
548983,89
548984,378
548985,3
548987,357
548988,64
548990,72
548991,98
548992,126
548993,129
548994,34
548996,38
549007,81
549012,100
549014,257
549015,62
549016,6
549017,98
549018,41
549020,7
549021,52
549022,2
549023,706
549026,26
549027,16
549040,3
549044,87
549046,25
549047,126
549048,21
549052,72
549053,80
549054,49
549055,45
549056,57
549059,67
549099,233
549100,316
549101,87
549102,41
549104,45
549105,6
549106,3
549107,1
549115,116
549116,143
549117,38
549118,261
549119,47
549120,123
549121,56
549122,19
549123,73
549124,26
549125,45
549126,135
549127,53
549128,185
549129,142
549130,136
549131,8
549148,83
549153,192
549154,78
549155,730
549169,56
549181,25
549182,37
549183,23
549185,140
549186,7
549187,5
549188,76
549189,50
549190,41
549192,47
549193,103
549196,81
549206,16
549222,97
549225,16
549233,60
549234,92
549235,191
549236,12
549237,32
549238,122
549239,44
549240,103
549241,206
549242,52
549243,13
549245,133
549246,45
549247,67
549248,13
549249,64
549250,313
549251,226
549255,38
549256,32
549257,219
549258,70
549259,37
549260,47
549261,236
549262,232
549263,56
549272,10
549273,9
549274,82
549275,50
549276,57
549277,79
549278,87
549279,144
549280,6
549281,101
549282,19
549283,85
549284,10
549285,41
549286,68
549287,24
549289,78
549291,185
549292,38
549293,81
549294,194
549295,733
549296,83
549297,27
549298,77
549299,61
549300,162
549301,107
549302,80
549303,51
549304,49
549305,38
549306,35
549307,50
549308,32
549309,66
549310,14
549311,43
549312,15
549313,69
549314,7
549316,219
549317,119
549318,51
549319,17
549320,62
549321,106
549322,47
549323,89
549324,39
549325,144
549353,30
549360,39
549368,145
549372,73
549387,92
549412,18
549417,6
549424,120
549425,175
549428,22
549429,68
549431,171
549432,13
549433,22
549434,24
549435,85
549436,14
549439,73
549440,46
549441,3
549442,22
549443,27
549444,1
549445,1
549446,84
549447,5
549448,86
549449,43
549451,66
549467,40
549468,4
549471,9
549520,126
549522,109
549523,8
549524,715
549525,515
549526,128
549534,5
549536,11
549537,98
549538,31
549539,5
549541,5
549542,84
549543,230
549546,229
549547,44
549548,231
549550,108
549551,65
549552,49
549553,103
549554,48
549555,146
549556,183
549557,47
549558,162
549559,94
549560,84
549561,111
549562,51
549563,91
549564,45
549566,87
549567,146
549568,284
549569,178
549570,105
549571,145
549572,67
549573,157
549574,71
549575,124
549576,97
549577,565
549578,117
549579,54
549581,33
549583,137
549584,32
549585,4
549586,236
549587,120
549588,88
549589,51
549590,34
549591,3
549592,63
549593,4
549594,18
549595,30
549596,55
549597,26
549614,96
549619,32
549628,32
549633,47
549646,129
549664,14
549665,31
549667,179
549668,5
549669,4
549670,33
549678,32
549679,21
549680,81
549681,71
549682,60
549683,18
549684,6
549687,68
549689,6
549690,321
549691,45
549693,68
549694,13
549696,5
549705,38
549711,106
549712,7
549713,160
549714,56
549715,47
549716,45
549717,0
549718,71
549719,36
549720,130
549721,61
549722,56
549728,56
549729,124
549730,134
549732,129
549733,176
549734,267
549735,55
549736,37
549737,29
549738,119
549739,4
549740,38
549741,77
549742,99
549743,104
549744,25
549745,64
549746,136
549747,19
549748,21
549749,79
549750,50
549751,68
549752,13
549754,92
549755,34
549756,3
549771,196
549787,96
549789,206
549790,37
549813,103
549825,65
549826,93
549828,5
549829,83
549830,31
549831,140
549832,55
549833,136
549834,18
549835,76
549836,63
549837,87
549838,8
549839,22
549841,7
549842,25
549843,58
549844,161
549845,131
549847,101
549850,3
549851,69
549852,40
549874,167
549880,36
549881,65
549885,45
549896,8
549901,138
549902,55
549903,94
549904,32
549906,183
549907,36
549909,60
549910,77
549911,76
549914,26
549915,106
549916,60
549917,46
549918,46
549920,26
549923,55
549924,15
549925,2
549926,9
549927,77
549928,5
549929,111
549932,36
549933,74
549934,28
549936,10
549937,24
549938,5
549939,88
549940,77
549941,5
549942,8
549943,176
549944,72
549946,8
549947,68
549949,132
549951,79
549953,246
549954,72
549956,26
549957,35
549958,246
549959,32
549961,5
549964,224
549965,28
549966,122
549967,36
549969,12
549970,26
549971,4
549972,32
549974,30
549975,53
549976,26
549977,88
549978,37
549979,4
549980,50
549981,184
549982,91
549983,107
549984,106
549985,173
549988,85
549989,145
549990,35
549991,25
549992,25
549993,29
549994,7
549995,90
549996,9
549997,13
549998,33
549999,124
550000,143
550001,66
550002,6
550003,18
550004,37
550005,5
550006,193
550007,13
550008,71
550011,12
550012,29
550015,228
550016,149
550017,97
550025,13
550030,12
550031,10
550032,24
550033,125
550034,168
550035,218
550052,100
550054,17
550057,100
550071,85
550106,149
550120,30
550121,27
550122,14
550123,190
550124,65
550125,84
550126,14
550128,46
550129,59
550130,197
550131,44
550132,92
550134,90
550135,12
550136,47
550137,222
550138,107
550144,210
550145,115
550148,50
550149,74
550150,2
550151,5
550152,92
550154,14
550155,50
550156,12
550157,67
550158,86
550159,51
550160,14
550161,93
550162,25
550163,133
550164,28
550167,62
550169,51
550173,28
550178,90
550179,48
550180,68
550182,33
550183,273
550184,39
550185,65
550186,34
550187,23
550188,97
550189,79
550190,43
550191,80
550192,35
550193,381
550194,33
550196,242
550197,10
550198,4
550199,64
550200,6
550201,125
550202,90
550203,128
550204,102
550205,192
550206,171
550207,199
550208,245
550209,235
550210,224
550211,161
550212,138
550213,150
550214,241
550215,223
550216,35
550218,24
550242,32
550249,11
550250,50
550251,75
550255,30
550264,61
550265,16
550272,123
550274,92
550275,58
550276,7
550277,79
550278,282
550279,163
550280,149
550281,4
550282,42
550283,70
550284,52
550285,68
550286,27
550287,45
550288,124
550289,82
550290,98
550291,38
550292,31
550296,60
550297,157
550298,104
550299,99
550301,55
550302,103
550303,59
550304,63
550305,108
550307,17
550308,0
550309,5
550310,93
550311,117
550312,62
550313,97
550314,82
550315,72
550316,67
550317,111
550318,117
550319,56
550320,289
550321,117
550322,111
550323,122
550324,77
550325,66
550326,77
550327,89
550328,127
550329,97
550330,7
550331,324
550332,238
550333,82
550334,104
550335,56
550336,37
550337,5
550338,15
550339,81
550340,24
550341,82
550342,115
550343,15
550344,49
550345,5
550346,47
550347,70
550348,81
550350,185
550351,51
550352,91
550354,4
550357,24
550359,206
550360,136
550361,95
550362,51
550364,41
550377,3
550389,147
550408,121
550437,81
550438,178
550439,99
550440,46
550446,94
550447,203
550448,19
550449,17
550450,4
550452,22
550453,15
550457,52
550458,1295
550459,205
550461,14
550462,57
550464,240
550465,20
550467,109
550468,114
550469,113
550470,1218
550471,929
550473,135
550474,1015
550476,12
550477,312
550478,75
550479,119
550480,96
550481,29
550483,14
550487,38
550488,107
550490,70
550491,5
550492,46
550493,139
550495,68
550496,751
550497,7
550498,66
550499,653
550500,925
550503,63
550504,59
550512,407
550513,149
550514,42
550515,231
550516,3
550517,98
550518,100
550519,119
550520,86
550521,91
550522,122
550523,75
550524,19
550525,111
550526,79
550527,201
550528,43
550531,5
550532,137
550535,26
550539,33
550541,629
550542,630
550560,21
550579,63
550606,25
550607,111
550608,4
550610,3
550612,86
550613,73
550615,96
550616,54
550617,70
550618,76
550619,13
550620,98
550621,174
550622,231
550623,31
550624,23
550625,27
550626,129
550627,126
550628,28
550629,35
550630,259
550631,95
550632,112
550633,195
550634,8
550635,25
550636,766
550637,204
550638,633
550639,100
550640,8
550641,41
550643,15
550644,107
550645,24
550649,2
550651,487
550655,28
550656,94
550657,21
550658,9
550659,81
550660,1
550661,67
550662,113
550663,10
550665,53
550666,98
550667,24
550669,5
550670,33
550671,1
550673,32
550674,9
550675,48
550701,31
550710,35
550711,9
550712,157
550713,4
550714,70
550723,69
550740,299
550750,72
550754,9
550755,16
550756,12
550764,42
550765,38
550766,60
550767,60
550768,89
550769,23
550772,8
550773,74
550774,117
550775,207
550776,33
550777,81
550778,96
550779,54
550781,66
550782,5
550783,81
550784,61
550785,116
550786,0
550796,64
550797,17
550798,29
550799,60
550801,13
550802,66
550803,80
550804,87
550805,80
550806,78
550811,22
550817,43
550818,59
550819,272
550820,51
550821,82
550822,54
550823,113
550824,5
550826,57
550827,76
550828,36
550829,200
550830,35
550831,34
550832,50
550833,13
550834,88
550835,303
550836,145
550837,57
550838,101
550885,78
550890,119
550898,14
550899,228
550900,67
550901,76
550906,243
550907,7
550911,232
550912,57
550913,97
550914,114
550915,110
550916,31
550917,14
550918,81
550919,6
550920,12
550921,134
550923,17
550924,19
550925,43
550931,5
550934,1
550936,21
550937,0
550938,44
550939,71
550940,4
550941,206
550942,54
550944,24
550946,46
550949,17
550953,749
550955,76
550956,164
550957,198
550958,60
550960,44
550963,21
550964,56
550965,49
550967,18
550968,164
550971,47
550972,73
550973,70
550974,50
550978,80
550986,600
550987,603
550988,67
550989,111
550990,18
550991,15
550992,64
550993,130
550994,123
550995,64
550996,34
550997,126
550998,18
550999,40
551000,26
551001,19
551002,94
551003,74
551004,223
551005,205
551006,162
551007,147
551008,132
551009,265
551010,177
551011,17
551012,265
551013,58
551014,506
551016,134
551021,1
551028,70
551033,82
551035,106
551054,75
551055,33
551056,206
551057,139
551058,142
551059,83
551060,5
551062,27
551085,85
551088,94
551124,38
551125,55
551133,17
551134,157
551135,4
551136,117
551137,184
551138,1
551141,1
551142,227
551143,20
551144,5
551145,8
551146,5
551147,58
551148,39
551149,25
551150,25
551151,12
551152,298
551158,127
551159,34
551160,268
551161,70
551162,17
551163,101
551164,17
551165,5
551166,2
551170,68
551171,224
551172,38
551173,387
551174,543
551176,16
551177,15
551181,16
551182,28
551183,33
551184,6
551185,24
551186,1
551187,17
551188,14
551189,12
551191,3
551192,132
551193,134
551194,71
551197,40
551198,21
551199,77
551200,14
551202,16
551211,23
551218,67
551234,18
551247,45
551250,241
551258,140
551259,5
551262,34
551268,105
551269,179
551270,235
551271,46
551272,3
551273,41
551274,67
551275,111
551276,118
551277,239
551278,38
551279,0
551280,19
551281,56
551282,140
551283,245
551284,185
551286,29
551287,14
551288,5
551289,57
551290,1
551291,162
551292,31
551293,110
551294,28
551299,4
551301,112
551305,91
551314,12
551315,58
551317,0
551325,11
551332,54
551334,9
551337,79
551338,3
551339,327
551340,522
551341,34
551342,67
551343,25
551344,44
551345,30
551346,94
551347,28
551349,101
551350,26
551351,525
551352,69
551383,19
551384,29
551385,101
551387,36
551389,38
551390,55
551391,62
551392,35
551393,20
551395,32
551396,59
551397,58
551398,92
551399,121
551400,142
551401,12
551412,85
551413,26
551414,335
551415,13
551416,4
551417,126
551418,60
551419,4
551420,64
551421,20
551423,110
551424,5
551425,3
551426,112
551427,26
551428,49
551436,135
551437,31
551438,46
551439,67
551440,206
551445,15
551462,92
551467,21
551468,392
551469,22
551470,28
551471,232
551501,20
551506,3
551507,99
551514,15
551515,25
551516,251
551517,175
551518,134
551519,68
551520,86
551523,5
551524,85
551525,87
551527,133
551528,33
551529,114
551530,4
551531,201
551532,78
551533,156
551534,48
551535,21
551536,3
551537,26
551538,3
551539,78
551542,76
551543,27
551544,82
551545,7
551546,63
551547,319
551548,120
551549,56
551550,10
551552,3
551555,13
551556,40
551558,255
551559,28
551560,32
551561,77
551562,5
551563,20
551564,136
551566,15
551576,1
551584,104
551595,4
551599,57
551603,70
551616,128
551617,1
551618,12
551623,27
551647,13
551649,9
551650,234
551651,4
551652,12
551653,47
551654,10
551655,66
551656,141
551657,133
551658,106
551660,23
551661,13
551662,27
551665,95
551686,63
551687,53
551688,52
551693,87
551696,105
551697,3
551698,30
551702,71
551713,83
551714,67
551715,75
551716,6
551717,201
551718,652
551719,503
551720,13
551721,104
551724,205
551725,19
551726,17
551727,172
551728,23
551729,5
551730,41
551731,92
551733,64
551734,141
551736,4
551739,168
551747,239
551774,98
551775,174
551776,147
551791,63
551809,108
551810,158
551811,118
551812,86
551813,59
551814,24
551815,14
551816,137
551817,67
551818,30
551819,19
551820,74
551821,85
551822,40
551823,41
551824,131
551825,6
551826,2
551832,3
551833,63
551834,23
551835,83
551836,21
551839,14
551840,71
551842,58
551843,55
551844,51
551845,25
551846,73
551847,8
551848,4
551849,139
551850,53
551851,7
551852,51
551853,6
551854,20
551855,237
551856,28
551857,65
551858,61
551859,54
551860,67
551862,19
551868,141
551869,95
551870,56
551872,47
551874,19
551875,6
551876,64
551877,2
551878,4
551879,7
551880,70
551881,25
551882,36
551883,26
551884,64
551885,91
551886,29
551887,43
551888,5
551889,46
551890,22
551891,67
551893,63
551894,9
551895,8
551896,38
551897,11
551902,10
551907,10
551944,69
551945,0
551946,10
551950,77
551951,13
551952,9
551953,164
551954,61
551955,12
551956,182
551957,34
551958,71
551959,32
551960,104
551961,81
551962,19
551963,54
551966,238
551967,28
551976,27
551977,12
551978,34
551979,5
551980,17
551981,8
551982,391
551983,131
551984,64
551985,41
551986,63
551987,157
551988,38
551989,8
551990,6
551991,49
551992,30
551993,40
551994,114
551995,808
551996,81
551997,835
551998,84
552000,551
552004,41
552005,116
552006,5
552007,68
552008,13
552009,20
552010,165
552011,25
552013,370
552017,39
552018,34
552023,93
552025,110
552026,5
552028,12
552032,23
552033,35
552034,21
552035,11
552036,88
552037,29
552038,73
552039,685
552040,59
552041,16
552042,192
552044,39
552045,94
552046,103
552048,9
552051,244
552053,59
552054,78
552055,69
552056,2
552057,58
552058,51
552059,52
552060,7
552061,172
552062,37
552063,13
552064,53
552065,63
552078,54
552080,8
552108,182
552121,70
552127,13
552134,65
552135,8
552139,70
552149,153
552166,88
552167,22
552168,48
552169,36
552170,42
552171,17
552172,3
552174,4
552176,109
552179,49
552180,96
552181,23
552182,31
552183,146
552184,30
552185,110
552186,95
552188,72
552189,5
552191,28
552192,60
552193,62
552194,4
552195,12
552196,30
552197,32
552198,56
552202,20
552211,28
552217,37
552229,993
552231,169
552232,1116
552233,9
552234,630
552235,53
552236,28
552238,16
552239,187
552240,23
552242,48
552243,64
552244,62
552245,60
552246,38
552247,50
552248,16
552249,31
552250,5
552251,32
552252,58
552253,23
552254,22
552255,44
552256,56
552257,100
552259,91
552260,34
552261,45
552262,176
552263,23
552264,86
552265,196
552266,30
552267,79
552268,55
552269,221
552270,61
552271,66
552272,27
552273,71
552274,21
552275,3
552276,40
552277,252
552278,181
552279,23
552280,48
552281,193
552282,138
552283,29
552284,19
552285,497
552286,59
552287,30
552288,65
552289,9
552290,290
552291,81
552292,7
552293,32
552294,24
552295,145
552296,145
552297,24
552298,53
552299,39
552302,116
552303,51
552304,109
552305,27
552306,56
552307,65
552308,56
552309,96
552310,129
552311,59
552312,46
552313,113
552314,26
552315,235
552316,82
552318,218
552319,21
552320,50
552321,78
552322,56
552323,58
552324,52
552325,55
552326,57
552327,23
552328,36
552329,51
552330,90
552332,93
552333,133
552336,63
552337,114
552338,94
552340,5
552341,6
552342,9
552353,124
552357,64
552358,182
552364,142
552365,140
552371,50
552372,71
552376,37
552404,50
552410,75
552418,83
552441,26
552442,84
552444,85
552445,61
552446,129
552447,1
552448,63
552449,49
552450,32
552451,20
552452,49
552453,85
552454,4
552456,100
552457,95
552460,121
552461,15
552463,34
552464,31
552465,80
552466,72
552467,77
552468,106
552469,256
552472,67
552479,32
552491,18
552492,2
552493,539
552508,737
552514,804
552520,598
552521,23
552522,7
552523,2
552524,4
552525,1
552526,88
552528,69
552529,12
552530,75
552531,27
552532,107
552533,52
552534,15
552536,58
552537,46
552538,2
552539,110
552540,43
552541,7
552542,68
552543,71
552544,108
552545,49
552547,128
552548,32
552549,4
552550,72
552551,45
552554,122
552555,32
552557,19
552558,82
552559,62
552560,99
552561,4
552562,58
552563,217
552565,6
552566,7
552567,12
552571,72
552572,81
552573,11
552574,179
552575,54
552576,7
552577,3
552614,124
552624,281
552631,108
552638,115
552639,41
552640,228
552641,47
552642,77
552643,104
552644,16
552645,3
552646,28
552647,1
552648,6
552649,31
552651,109
552652,136
552654,195
552655,165
552656,66
552657,38
552658,82
552659,311
552660,186
552661,17
552662,239
552663,192
552664,27
552665,158
552666,130
552667,161
552668,197
552669,125
552670,188
552671,164
552672,184
552673,142
552674,185
552675,197
552676,235
552677,207
552678,177
552681,166
552683,182
552684,162
552687,255
552690,77
552692,62
552693,10
552694,171
552695,202
552696,24
552697,5
552699,24
552702,556
552703,165
552708,46
552710,166
552711,77
552712,53
552713,7
552714,65
552715,86
552716,7
552717,6
552721,52
552723,42
552724,123
552725,16
552726,106
552727,143
552728,9
552729,11
552730,123
552731,65
552732,38
552734,81
552735,28
552764,56
552769,179
552770,32
552779,40
552786,29
552789,2
552802,96
552803,165
552804,81
552806,24
552811,84
552813,76
552814,8
552815,3
552816,205
552817,125
552818,6
552819,83
552820,208
552821,198
552822,127
552823,91
552824,225
552825,142
552826,284
552827,8
552828,68
552829,119
552830,26
552831,63
552832,8
552833,4
552834,6
552835,74
552837,24
552838,36
552839,190
552840,7
552842,33
552843,120
552844,65
552845,21
552846,7
552847,46
552848,8
552850,8
552851,102
552852,238
552853,64
552854,73
552855,19
552857,673
552859,36
552860,39
552861,11
552862,5
552864,201
552865,35
552866,31
552867,90
552868,0
552869,96
552870,26
552871,48
552872,69
552873,13
552874,157
552875,17
552877,80
552878,129
552879,88
552880,121
552881,44
552882,44
552883,329
552884,57
552885,7
552886,124
552887,11
552888,55
552890,14
552891,17
552892,7
552893,61
552894,139
552904,2
552905,141
552945,10
552946,58
552947,18
552948,55
552949,188
552950,137
552951,135
552952,36
552953,72
552954,33
552955,20
552956,95
552957,68
552958,49
552959,48
552960,24
552961,95
552962,23
552963,98
552964,59
552965,53
552966,15
552967,30
552968,37
552969,56
552970,6
552971,15
552972,33
552973,50
552974,13
552975,182
552977,51
552978,254
552980,3
552988,8
552990,86
553000,15
553001,34
553002,223
553003,18
553004,73
553005,250
553006,156
553007,70
553008,76
553009,169
553011,80
553012,50
553013,662
553014,347
553015,74
553016,6
553017,284
553018,4
553021,27
553022,3
553034,110
553035,481
553036,41
553037,47
553038,15
553039,32
553040,20
553042,51
553043,3
553044,78
553045,48
553046,42
553047,8
553048,139
553049,4
553050,55
553051,3
553052,59
553053,48
553054,132
553055,40
553056,3
553057,59
553058,63
553059,4
553060,115
553061,137
553062,10
553063,92
553064,19
553067,189
553074,304
553088,150
553093,17
553095,24
553099,3
553100,8
553102,13
553120,113
553125,90
553129,85
553130,46
553131,9
553134,137
553140,71
553141,176
553142,59
553143,27
553144,20
553145,28
553146,123
553148,360
553149,65
553151,102
553152,68
553153,5
553154,21
553155,3
553156,235
553157,1
553158,135
553159,86
553160,18
553161,88
553162,600
553164,34
553165,74
553166,60
553167,226
553168,31
553169,13
553170,14
553171,4
553172,14
553173,51
553174,50
553175,170
553176,42
553177,12
553178,95
553179,76
553180,72
553181,7
553182,380
553183,58
553184,220
553185,73
553186,29
553187,62
553188,37
553189,305
553190,138
553191,59
553192,78
553193,39
553194,125
553195,32
553196,26
553197,80
553198,90
553199,226
553200,39
553201,16
553202,208
553203,66
553204,96
553205,43
553206,110
553207,77
553208,59
553209,19
553210,130
553211,100
553212,26
553213,15
553214,48
553215,5
553216,5
553217,3
553218,4
553219,42
553220,121
553221,51
553223,17
553224,140
553225,49
553226,26
553227,24
553228,113
553229,134
553235,88
553239,17
553315,57
553316,27
553317,12
553319,3
553339,47
553340,66
553341,62
553342,33
553343,64
553344,23
553345,110
553346,50
553347,107
553348,126
553350,12
553351,188
553352,45
553353,6
553356,171
553357,4
553363,64
553368,73
553369,93
553371,14
553374,107
553375,165
553377,63
553379,7
553380,6
553381,53
553382,33
553383,54
553384,86
553385,258
553386,113
553387,593
553388,90
553389,508
553390,351
553392,54
553393,432
553402,50
553403,24
553404,69
553405,103
553406,4
553408,43
553410,26
553411,170
553412,18
553415,65
553416,8
553417,115
553418,60
553419,23
553420,37
553421,25
553422,2
553423,110
553427,9
553461,171
553462,104
553463,166
553464,64
553465,6
553466,2
553467,5
553468,16
553469,16
553470,48
553471,33
553472,56
553473,12
553474,4
553475,26
553476,92
553477,63
553484,11
553485,117
553487,114
553488,127
553489,109
553490,51
553491,28
553496,19
553497,14
553498,22
553499,22
553500,2
553501,3
553503,79
553504,102
553505,167
553506,9
553507,105
553509,122
553515,64
553520,69
553521,4
553522,195
553523,234
553524,112
553525,28
553526,65
553527,213
553535,164
553537,72
553538,91
553539,4
553540,167
553541,258
553542,222
553543,209
553544,144
553545,156
553546,295
553547,143
553549,580
553550,3
553551,5
553552,122
553553,56
553556,201
553559,4
553565,91
553566,52
553567,6
553570,72
553571,38
553572,103
553573,8
553574,68
553575,76
553576,47
553577,26
553578,41
553579,3
553585,97
553607,92
553612,24
553614,9
553625,21
553638,44
553650,17
553653,43
553654,12
553655,39
553657,167
553658,151
553660,43
553661,112
553662,59
553663,67
553664,63
553666,6
553668,53
553670,79
553671,154
553672,108
553673,104
553674,5
553675,65
553676,39
553677,9
553678,106
553679,90
553680,40
553681,33
553682,15
553683,28
553684,42
553685,163
553686,244
553689,23
553690,6
553691,142
553701,10
553702,137
553703,112
553706,22
553707,118
553708,11
553709,70
553710,119
553711,45
553712,34
553713,8
553714,93
553715,7
553718,732
553720,33
553721,101
553722,13
553724,89
553725,85
553726,20
553727,25
553730,30
553731,149
553732,31
553733,21
553734,17
553735,6
553736,5
553737,60
553738,53
553739,169
553740,31
553741,95
553742,26
553747,87
553749,18
553750,80
553751,97
553752,49
553753,22
553754,57
553755,2
553762,94
553765,42
553766,244
553767,211
553768,275
553781,18
553828,129
553829,59
553830,47
553831,133
553832,117
553833,130
553834,57
553835,32
553836,80
553837,2
553838,120
553839,10
553842,63
553843,66
553844,58
553845,73
553846,40
553847,7
553848,36
553849,5
553850,21
553852,129
553853,26
553855,22
553856,346
553857,39
553858,60
553859,217
553860,231
553861,62
553863,178
553864,89
553867,18
553868,5
553869,109
553870,27
553871,5
553872,84
553873,36
553874,3
553876,71
553878,32
553879,194
553881,23
553882,11
553883,2
553884,11
553885,19
553886,52
553887,44
553888,62
553889,94
553890,576
553891,56
553892,14
553893,68
553894,141
553895,24
553896,95
553897,70
553898,3
553899,92
553900,11
553901,118
553902,48
553907,30
553908,42
553909,24
553911,108
553912,91
553913,105
553915,97
553916,41
553917,25
553918,33
553919,113
553920,45
553921,75
553922,38
553923,45
553925,45
553926,3
553927,21
553928,6
553929,4
553930,43
553931,91
553932,33
553933,88
553934,9
553935,177
553936,16
553937,67
553938,23
553940,85
553941,99
553942,153
553946,158
553952,5
553978,13
553979,15
553996,88
553997,54
554000,58
554003,26
554007,1
554008,29
554009,109
554013,93
554014,29
554015,101
554016,222
554018,16
554019,83
554026,25
554027,34
554028,83
554030,189
554031,26
554032,4
554033,53
554034,16
554035,15
554036,54
554037,11
554038,58
554039,124
554040,71
554041,4
554042,51
554043,12
554050,19
554051,1
554052,1
554053,15
554054,576
554055,22
554056,19
554057,25
554058,115
554059,93
554060,4
554061,2
554062,65
554063,7
554064,6
554065,104
554066,79
554067,57
554068,28
554069,112
554070,109
554071,33
554072,109
554073,32
554074,42
554075,71
554076,103
554077,37
554078,5
554079,190
554080,158
554081,33
554082,82
554083,179
554084,76
554085,48
554086,25
554087,19
554088,49
554089,180
554090,31
554091,26
554092,59
554093,128
554094,134
554095,7
554096,191
554097,124
554098,985
554099,122
554101,59
554102,117
554103,286
554104,218
554105,135
554106,180
554107,18
554108,79
554109,41
554110,19
554111,20
554112,279
554113,79
554114,80
554115,5
554116,41
554117,177
554118,55
554119,9
554120,11
554121,35
554122,28
554123,40
554124,202
554125,80
554126,75
554129,45
554130,5
554131,126
554132,186
554134,84
554135,22
554137,64
554138,4
554139,219
554141,19
554142,51
554146,29
554147,66
554151,537
554155,4
554156,15
554157,126
554158,148
554159,12
554160,315
554161,9
554162,52
554163,89
554164,21
554181,77
554202,107
554207,3
554261,126
554262,5
554263,5
554264,27
554265,49
554268,100
554269,16
554270,102
554271,64
554272,23
554274,23
554275,366
554277,4
554278,202
554279,1
554280,114
554281,99
554282,21
554283,191
554284,3
554285,225
554286,80
554289,52
554293,183
554301,4
554305,4
554306,45
554307,19
554309,5
554310,654
554315,39
554322,13
554323,74
554324,14
554325,62
554326,119
554329,49
554337,41
554347,89
554348,231
554349,64
554350,30
554351,22
554353,48
554354,6
554355,68
554356,43
554357,3
554358,7
554359,60
554362,63
554363,51
554364,6
554365,99
554366,20
554367,49
554368,37
554369,4
554370,14
554371,95
554372,70
554375,63
554376,300
554379,15
554380,55
554381,9
554382,250
554392,82
554415,146
554421,23
554424,65
554436,17
554441,90
554465,69
554483,73
554484,18
554485,6
554487,121
554489,150
554490,50
554491,124
554492,45
554494,283
554495,0
554496,16
554497,144
554498,92
554502,17
554503,31
554504,79
554505,35
554506,7
554507,39
554508,2
554509,95
554510,22
554511,656
554512,636
554513,34
554514,1069
554515,25
554520,173
554524,5
554526,127
554534,4
554538,11
554542,81
554543,35
554545,58
554546,132
554547,16
554549,66
554552,23
554554,12
554555,54
554556,107
554557,119
554560,69
554561,35
554570,38
554579,23
554597,44
554598,186
554603,88
554617,131
554628,208
554629,22
554630,176
554631,3
554632,13
554633,2
554635,30
554636,92
554637,45
554638,106
554639,5
554640,28
554641,8
554642,4
554643,42
554644,100
554645,26
554646,29
554647,2
554648,78
554649,3
554650,112
554651,103
554652,30
554653,21
554654,101
554655,15
554656,37
554658,84
554663,134
554664,12
554665,63
554666,51
554667,48
554668,52
554669,134
554670,20
554671,82
554672,65
554674,17
554682,166
554683,56
554684,66
554694,871
554695,85
554697,96
554698,42
554699,81
554700,27
554701,42
554702,117
554703,7
554704,83
554705,22
554706,3
554707,23
554708,81
554709,11
554710,2
554711,32
554712,94
554713,16
554714,234
554718,38
554756,14
554762,78
554765,85
554770,92
554776,5
554787,59
554788,54
554789,20
554791,5
554792,8
554794,62
554795,55
554798,38
554808,223
554809,42
554810,14
554811,4
554812,144
554813,90
554814,162
554815,11
554816,35
554817,55
554818,22
554819,18
554820,16
554821,8
554822,41
554823,93
554824,69
554825,63
554826,42
554827,207
554832,53
554834,7
554835,44
554836,118
554837,88
554838,33
554839,208
554840,44
554841,7
554842,131
554843,64
554844,15
554845,32
554850,25
554853,17
554854,61
554855,56
554858,43
554859,40
554860,108
554861,127
554865,36
554866,85
554868,2
554869,23
554906,145
554915,12
554916,38
554917,176
554918,31
554919,6
554920,137
554921,9
554922,38
554923,10
554924,8
554927,33
554929,116
554930,3
554932,5
554933,160
554934,8
554935,124
554936,13
554937,122
554938,140
554939,59
554940,71
554941,74
554942,150
554943,14
554944,11
554945,5
554946,85
554947,8
554948,106
554949,49
554950,154
554951,1
554952,9
554953,5
554954,29
554955,19
554956,399
554957,76
554958,200
554959,58
554960,165
554961,213
554963,81
554964,138
554965,8
554966,17
554967,1
554968,57
554969,31
554974,103
554975,36
554976,71
554977,76
554978,98
554979,134
554980,30
554981,183
554982,21
554984,10
554985,108
554986,186
554987,60
554988,24
554989,72
554990,42
554991,116
554992,250
554993,154
554994,168
554995,66
554996,69
554997,55
554998,49
554999,214
555000,56
555001,12
555002,64
555003,35
555004,27
555005,22
555007,7
555008,6
555009,75
555010,2
555011,20
555012,108
555015,159
555016,33
555017,34
555025,100
555028,9
555070,10
555073,102
555075,1
555076,111
555077,21
555091,110
555092,69
555093,18
555094,87
555095,183
555096,54
555097,5
555098,5
555099,8
555101,25
555102,8
555103,15
555104,6
555106,71
555107,104
555108,136
555109,160
555110,246
555111,36
555112,62
555113,30
555114,55
555115,229
555116,115
555119,37
555124,371
555125,66
555127,96
555133,56
555147,162
555149,488
555150,658
555156,7
555157,31
555158,298
555159,33
555160,45
555161,22
555162,123
555164,43
555194,36
555195,76
555198,41
555199,101
555200,45
555201,113
555202,149
555203,156
555207,107
555213,11
555232,10
555233,24
555234,55
555240,109
555241,35
555242,19
555243,25
555245,117
555247,38
555249,218
555250,11
555251,48
555257,185
555259,7
555260,131
555263,106
555264,75
555266,11
555270,1
555275,798
555276,694
555277,627
555278,601
555279,100
555280,45
555281,5
555282,166
555283,15
555284,413
555285,3
555286,7
555287,16
555289,43
555312,74
555320,135
555321,68
555322,132
555323,73
555324,167
555325,83
555326,112
555327,210
555336,147
555340,320
555343,68
555344,104
555347,53
555348,78
555349,101
555350,191
555351,25
555352,36
555353,62
555356,11
555359,36
555363,97
555367,17
555368,357
555381,15
555382,14
555383,465
555385,4
555388,69
555389,12
555392,0
555393,140
555394,13
555395,11
555396,138
555397,844
555399,89
555400,280
555401,94
555403,17
555405,44
555406,212
555407,56
555408,97
555410,63
555412,10
555413,103
555414,64
555415,14
555416,78
555417,12
555418,137
555419,7
555420,90
555422,0
555470,51
555471,112
555472,30
555473,152
555474,28
555476,81
555477,189
555478,2
555479,17
555485,67
555486,88
555488,199
555489,2
555490,5
555491,17
555492,71
555493,36
555494,48
555495,50
555496,37
555497,10
555498,19
555499,100
555500,78
555501,48
555502,31
555504,4
555507,62
555508,91
555509,76
555510,751
555511,35
555512,8
555513,12
555514,75
555515,169
555516,102
555517,47
555518,107
555519,47
555520,115
555521,12
555522,42
555523,103
555524,151
555525,45
555526,42
555527,12
555528,14
555530,7
555531,67
555533,88
555534,7
555535,35
555536,36
555537,180
555538,38
555539,93
555540,92
555541,84
555542,69
555543,49
555544,73
555545,188
555546,56
555547,124
555548,30
555549,109
555550,65
555551,67
555552,97
555553,121
555554,58
555555,21
555556,91
555557,10
555558,370
555559,66
555560,154
555561,4
555562,289
555564,178
555565,123
555566,112
555567,166
555568,185
555569,78
555570,175
555571,16
555572,172
555573,209
555574,89
555575,48
555576,7
555577,131
555578,18
555579,26
555580,0
555581,34
555582,65
555583,69
555584,25
555585,12
555586,47
555587,71
555588,21
555589,96
555590,11
555591,78
555592,37
555593,27
555594,61
555601,6
555602,68
555603,71
555604,82
555620,3
555626,53
555627,35
555628,65
555630,95
555631,153
555632,17
555633,61
555634,40
555635,56
555637,81
555638,225
555640,41
555642,115
555644,153
555645,74
555646,15
555647,117
555648,173
555649,135
555650,179
555651,56
555653,182
555654,44
555691,73
555695,22
555701,57
555702,12
555703,79
555704,96
555705,93
555719,97
555720,38
555721,3
555722,507
555724,6
555725,2
555726,95
555728,328
555731,77
555732,19
555733,13
555734,64
555735,48
555736,119
555737,66
555738,49
555739,136
555740,77
555741,32
555742,42
555743,53
555744,76
555745,29
555746,83
555751,5
555759,5
555798,51
555808,18
555810,112
555813,23
555815,195
555816,3
555817,4
555818,7
555819,78
555820,43
555829,50
555832,28
555834,8
555835,369
555836,76
555839,12
555840,4
555841,181
555842,22
555843,35
555844,123
555845,431
555846,34
555847,61
555848,80
555849,31
555850,174
555851,395
555852,51
555853,232
555854,107
555855,179
555856,123
555857,76
555858,55
555859,57
555861,10
555862,49
555863,1
555865,145
555866,60
555869,3
555870,8
555871,13
555872,97
555875,11
555876,70
555878,3
555884,13
555896,199
555916,78
555917,12
555918,24
555920,51
555921,79
555923,577
555924,578
555925,556
555926,15
555927,6
555928,13
555929,38
555930,96
555931,143
555932,39
555933,67
555934,33
555936,67
555937,98
555938,78
555939,16
555940,31
555941,74
555942,72
555943,56
555944,35
555945,33
555946,93
555947,229
555948,32
555949,91
555950,21
555979,110
556009,54
556010,24
556016,22
556017,112
556018,9
556019,27
556020,73
556021,83
556022,21
556023,113
556024,30
556032,64
556033,5
556034,4
556035,14
556036,12
556038,84
556039,41
556040,71
556041,211
556042,225
556043,44
556044,34
556045,102
556047,12
556048,54
556049,6
556050,59
556051,74
556052,8
556053,6
556054,63
556055,3
556056,350
556058,116
556059,41
556060,33
556062,14
556063,172
556064,25
556065,34
556066,15
556067,92
556068,4
556070,32
556071,124
556072,94
556073,70
556079,40
556080,341
556081,166
556082,265
556083,89
556084,17
556085,183
556086,87
556087,150
556088,47
556089,97
556090,73
556091,109
556092,115
556093,228
556094,113
556095,226
556097,5
556098,0
556099,7
556100,47
556102,264
556103,120
556104,72
556105,72
556106,173
556107,185
556108,902
556109,60
556110,8
556111,99
556112,91
556113,152
556114,21
556115,25
556116,49
556118,23
556119,2
556120,80
556121,68
556125,59
556126,83
556127,196
556128,26
556129,37
556130,44
556139,46
556179,53
556181,53
556182,72
556183,75
556184,52
556185,10
556186,33
556187,66
556188,72
556189,70
556190,18
556191,26
556192,23
556193,119
556194,52
556195,85
556196,11
556197,50
556198,149
556199,85
556201,71
556202,75
556203,26
556204,74
556205,51
556206,102
556207,70
556208,34
556214,87
556216,58
556218,71
556219,59
556222,169
556228,9
556229,67
556230,21
556234,40
556235,25
556236,15
556237,944
556238,44
556239,43
556240,39
556241,185
556243,613
556244,113
556245,233
556246,135
556247,64
556248,46
556249,4
556252,59
556253,41
556254,44
556255,50
556256,66
556257,131
556258,72
556259,108
556263,219
556264,43
556266,7
556267,137
556271,26
556279,63
556280,107
556282,54
556283,68
556284,48
556285,25
556288,66
556290,98
556296,86
556298,35
556302,25
556303,93
556304,56
556305,7
556318,56
556323,26
556325,53
556329,50
556330,159
556341,116
556365,174
556386,11
556397,6
556408,124
556413,103
556415,242
556416,85
556417,6
556419,46
556425,101
556426,72
556427,112
556428,148
556429,99
556431,12
556432,42
556433,187
556434,98
556435,36
556437,20
556439,17
556440,60
556441,133
556442,4
556443,31
556444,4
556446,4
556447,49
556454,3
556455,61
556456,8
556459,687
556460,90
556461,32
556462,70
556463,39
556464,23
556465,72
556466,23
556467,79
556468,44
556469,43
556470,78
556471,31
556472,60
556473,268
556474,319
556475,89
556476,53
556477,55
556478,65
556479,86
556480,44
556481,111
556482,108
556483,115
556484,806
556485,63
556486,142
556487,116
556488,53
556489,106
556490,65
556491,216
556492,23
556494,251
556495,198
556496,4
556497,41
556498,13
556499,9
556500,18
556501,77
556502,123
556503,307
556504,108
556505,10
556506,5
556507,233
556508,35
556509,63
556510,150
556512,46
556513,106
556514,7
556515,76
556516,113
556517,137
556519,8
556520,60
556521,55
556523,6
556526,42
556527,100
556528,56
556529,72
556531,142
556533,37
556534,8
556536,123
556537,75
556538,89
556539,37
556540,20
556541,44
556542,133
556571,37
556572,10
556573,88
556574,8
556575,156
556576,126
556577,34
556578,266
556579,282
556580,75
556596,33
556625,13
556629,77
556630,52
556631,28
556632,38
556636,717
556641,59
556642,59
556667,8
556670,27
556671,310
556672,90
556679,15
556680,63
556681,27
556682,82
556683,51
556684,2
556685,155
556714,24
556718,2
556719,40
556720,8
556721,69
556722,45
556723,22
556724,65
556725,7
556726,35
556727,97
556728,274
556730,2
556731,88
556732,210
556733,209
556734,104
556740,117
556746,10
556751,50
556767,54
556768,55
556776,191
556777,163
556778,157
556779,45
556780,98
556781,238
556782,81
556783,33
556784,410
556785,6
556786,16
556788,40
556789,6
556790,65
556791,86
556792,49
556794,21
556795,24
556797,67
556803,250
556804,30
556805,11
556806,5
556808,44
556809,104
556810,5
556811,40
556812,1148
556813,690
556814,37
556815,102
556816,42
556817,7
556819,47
556820,60
556821,84
556822,26
556823,31
556824,99
556825,141
556826,260
556827,41
556828,124
556829,100
556830,4
556831,3
556842,5
556845,209
556876,290
556878,44
556879,126
556881,25
556882,130
556883,73
556885,7
556886,76
556887,55
556889,30
556890,102
556891,36
556892,18
556903,73
556905,354
556906,71
556907,6
556908,37
556909,11
556910,366
556912,180
556913,32
556914,94
556915,175
556916,260
556917,530
556918,2
556921,14
556922,18
556924,58
556926,186
556927,117
556928,15
556929,8
556931,5
556932,796
556935,83
556936,27
556937,198
556942,160
556953,131
556954,124
556956,19
556958,83
556959,51
556960,109
556961,25
556964,67
556965,21
556967,15
556968,9
556969,5
556970,40
556971,10
556972,15
556977,9
556998,24
557002,5
557005,47
557006,51
557007,239
557008,40
557009,126
557010,18
557011,47
557012,14
557013,83
557014,17
557015,29
557016,102
557017,11
557018,1
557019,233
557020,56
557021,94
557023,41
557024,30
557026,131
557027,51
557032,47
557033,53
557034,99
557038,6
557039,50
557040,58
557041,19
557042,4
557055,31
557056,5
557057,304
557058,10
557063,72
557064,249
557065,37
557066,73
557067,125
557068,10
557069,110
557070,75
557089,15
557092,5
557100,12
557103,28
557109,7
557110,3
557112,914
557113,11
557114,23
557115,72
557116,27
557117,121
557118,105
557119,81
557120,57
557121,20
557122,58
557123,140
557124,34
557125,47
557126,36
557127,9
557128,33
557129,292
557130,25
557131,37
557132,69
557133,4
557134,19
557135,16
557136,105
557140,3
557141,46
557143,70
557144,48
557145,110
557146,24
557147,105
557149,28
557150,39
557151,61
557152,9
557153,166
557208,81
557210,112
557211,85
557212,4
557213,205
557214,74
557215,28
557216,14
557217,386
557218,19
557219,62
557220,10
557221,153
557222,330
557223,34
557225,42
557226,60
557227,2
557228,3
557229,15
557230,27
557231,219
557232,86
557233,247
557235,48
557237,11
557247,67
557248,58
557250,66
557251,61
557252,4
557253,6
557254,3
557255,1
557256,16
557257,30
557258,31
557259,27
557260,95
557261,33
557262,83
557263,171
557264,53
557265,58
557266,39
557267,184
557268,211
557270,45
557271,140
557272,4
557273,37
557274,105
557275,100
557276,130
557277,31
557278,192
557279,65
557280,68
557281,110
557283,139
557284,39
557285,25
557286,29
557287,56
557289,94
557290,7
557291,32
557292,76
557293,112
557294,12
557295,24
557296,101
557297,53
557298,31
557299,130
557301,68
557302,47
557303,21
557304,32
557305,194
557306,25
557307,38
557308,125
557309,77
557310,25
557311,303
557312,79
557313,9
557314,36
557315,100
557316,61
557317,56
557318,71
557319,185
557320,13
557321,2
557322,224
557323,11
557324,726
557325,33
557326,81
557327,15
557328,214
557329,19
557330,92
557331,7
557332,5
557333,3
557349,64
557350,132
557351,2
557377,4
557389,100
557397,145
557406,93
557407,43
557409,63
557410,60
557414,72
557416,4
557426,90
557427,108
557428,5
557429,2
557430,1
557431,88
557442,321
557464,4
557466,297
557468,350
557469,129
557470,18
557471,91
557472,253
557473,121
557474,69
557476,57
557477,2
557480,99
557481,204
557482,79
557483,8
557484,327
557485,22
557488,33
557489,55
557490,5
557492,82
557493,169
557494,179
557495,41
557496,135
557497,63
557498,11
557499,40
557500,599
557501,2
557502,800
557503,57
557504,9
557509,3
557510,6
557511,18
557513,6
557514,72
557517,6
557518,58
557523,10
557524,16
557525,151
557526,12
557527,32
557528,123
557529,23
557560,66
557568,29
557569,101
557570,282
557571,43
557572,37
557573,5
557577,124
557583,1
557595,143
557598,78
557601,10
557602,32
557603,53
557604,155
557605,13
557610,5
557611,83
557612,40
557614,35
557615,87
557616,57
557617,32
557618,7
557619,108
557620,43
557621,372
557622,86
557623,19
557625,90
557626,167
557627,52
557628,105
557630,108
557631,36
557632,59
557633,48
557634,44
557635,80
557636,290
557639,176
557640,244
557641,111
557642,124
557643,178
557644,741
557645,515
557662,15
557667,28
557668,6
557669,77
557670,17
557671,155
557672,38
557673,40
557674,55
557675,54
557676,94
557681,6
557734,56
557735,40
557736,14
557739,25
557742,83
557743,52
557744,112
557745,260
557746,138
557747,71
557748,62
557749,46
557750,70
557751,52
557752,6
557753,46
557754,3
557755,43
557757,45
557758,240
557759,93
557760,23
557761,73
557762,118
557763,75
557764,145
557765,61
557766,8
557767,4
557768,3
557769,32
557770,63
557771,121
557772,38
557774,18
557775,6
557776,170
557780,24
557781,5
557782,80
557783,14
557785,55
557786,65
557787,242
557788,18
557789,69
557790,86
557792,32
557793,129
557794,36
557795,34
557796,11
557797,38
557798,195
557799,171
557800,6
557801,118
557802,101
557803,52
557804,55
557805,78
557846,158
557848,18
557849,56
557850,56
557852,71
557853,88
557854,173
557855,82
557856,21
557857,37
557858,309
557859,22
557860,29
557861,57
557864,49
557869,9
557870,87
557871,57
557872,71
557873,3
557875,57
557877,36
557878,372
557880,5
557881,46
557884,60
557885,102
557886,294
557887,7
557888,214
557889,122
557891,144
557892,271
557893,50
557894,38
557896,65
557897,70
557898,99
557900,97
557933,53
557935,29
557936,2
557937,748
557938,788
557939,86
557940,0
557942,33
557948,41
557949,97
557950,71
557951,32
557952,42
557953,25
557954,278
557955,54
557956,252
557957,204
557958,75
557959,71
557960,142
557961,33
557962,138
557963,84
557964,45
557966,13
557967,52
557968,49
557969,14
557970,18
557972,34
557973,58
557974,42
557975,55
557976,71
557995,135
558006,3
558027,43
558028,96
558030,27
558031,37
558035,84
558038,50
558039,21
558040,35
558041,82
558042,63
558043,92
558044,24
558045,122
558046,118
558047,4
558049,183
558053,68
558054,11
558055,6
558056,36
558057,161
558058,96
558062,21
558063,184
558064,36
558065,9
558066,537
558067,143
558068,507
558069,16
558070,6
558073,122
558074,31
558075,105
558076,84
558077,67
558078,3
558079,15
558083,39
558084,141
558085,63
558086,171
558087,126
558089,98
558090,6
558092,61
558093,18
558094,29
558096,370
558098,43
558099,262
558100,98
558101,38
558102,160
558103,54
558104,93
558105,492
558107,54
558108,22
558109,3
558111,15
558113,129
558114,55
558115,131
558116,288
558117,67
558118,167
558119,231
558120,56
558121,32
558122,48
558123,127
558124,37
558125,45
558126,36
558127,2
558159,46
558181,12
558182,19
558183,74
558191,85
558192,6
558193,23
558194,215
558195,142
558196,322
558197,69
558198,60
558199,44
558200,193
558201,4
558203,7
558204,73
558232,377
558233,33
558234,7
558235,138
558236,4
558237,306
558240,597
558241,39
558242,5
558243,6
558246,0
558247,35
558248,38
558259,19
558260,56
558261,2
558262,250
558263,42
558264,21
558265,35
558271,62
558276,6
558293,63
558294,10
558295,93
558310,14
558311,87
558314,10
558315,265
558316,107
558317,10
558319,96
558321,123
558325,3
558328,111
558330,134
558331,8
558332,10
558333,3
558334,30
558335,73
558336,43
558337,20
558338,59
558339,78
558340,4
558341,34
558348,63
558350,16
558351,36
558352,6
558353,4
558355,321
558356,6
558358,93
558362,30
558363,9
558365,7
558366,5
558367,166
558368,224
558370,144
558371,296
558372,231
558375,42
558376,22
558381,4
558382,65
558383,60
558384,29
558385,30
558386,32
558387,4
558388,215
558389,54
558390,40
558416,158
558417,99
558418,39
558419,43
558420,115
558421,7
558430,31
558431,6
558432,78
558435,90
558437,91
558440,11
558441,195
558442,93
558443,25
558447,21
558452,64
558453,6
558454,66
558455,53
558456,3
558458,43
558459,135
558460,60
558461,174
558462,81
558467,55
558470,17
558472,19
558473,6
558474,6
558475,2782
558478,30
558479,40
558480,28
558481,77
558482,2
558483,39
558484,99
558485,38
558501,157
558523,16
558524,27
558526,30
558527,4
558528,7
558529,4
558532,86
558533,124
558534,146
558535,166
558536,75
558537,26
558538,200
558539,110
558540,368
558542,120
558552,26
558554,5
558555,46
558556,89
558557,31
558558,200
558560,4
558561,30
558562,29
558563,90
558564,100
558565,96
558566,6
558567,57
558568,78
558569,5
558570,72
558571,116
558572,42
558573,2
558574,18
558608,41
558610,44
558611,7
558612,8
558613,97
558614,1502
558616,47
558619,48
558620,133
558621,92
558622,18
558623,37
558624,2
558625,83
558626,22
558627,26
558628,164
558629,10
558630,99
558631,94
558632,60
558633,52
558634,67
558635,48
558636,72
558637,113
558638,91
558639,48
558640,32
558641,105
558642,85
558643,48
558644,10
558647,129
558653,5
558671,34
558679,86
558680,72
558681,114
558682,178
558683,130
558684,182
558685,70
558686,47
558687,58
558696,220
558697,1
558699,35
558700,245
558701,17
558702,126
558703,83
558704,96
558705,87
558706,23
558707,141
558708,21
558709,267
558710,39
558711,33
558713,63
558714,60
558715,4
558717,11
558718,23
558719,9
558720,1
558721,1
558729,56
558731,232
558734,8
558737,18
558738,105
558740,26
558746,66
558747,30
558748,39
558749,73
558750,75
558751,210
558752,152
558754,197
558755,12
558756,41
558757,86
558758,47
558759,95
558760,80
558761,206
558762,54
558763,100
558765,29
558766,27
558767,109
558768,39
558769,120
558770,123
558771,213
558772,51
558773,41
558774,1230
558775,23
558776,23
558777,1332
558778,122
558779,17
558808,63
558809,177
558810,163
558811,107
558812,137
558813,55
558814,84
558835,75
558837,134
558841,4
558860,152
558861,260
558862,309
558863,74
558864,198
558865,37
558866,3
558867,51
558868,50
558869,56
558870,15
558871,62
558872,31
558873,60
558874,144
558875,94
558876,181
558877,251
558878,91
558879,77
558880,10
558881,252
558885,50
558886,19
558887,106
558888,318
558891,5
558892,75
558893,27
558894,4
558895,4
558896,41
558900,55
558902,86
558904,1235
558906,347
558908,70
558909,26
558910,13
558911,71
558912,6
558916,45
558917,6
558918,21
558919,87
558920,19
558921,8
558922,41
558923,11
558924,42
558925,3
558926,82
558927,58
558933,35
558959,38
558963,56
558964,34
558970,30
558990,18
558991,125
558992,97
558993,122
558994,17
558995,71
558996,32
558999,28
559000,94
559001,39
559002,10
559004,77
559005,23
559006,26
559009,147
559010,22
559011,158
559013,11
559014,60
559015,49
559016,35
559017,87
559018,76
559020,3
559021,15
559023,28
559024,35
559025,38
559026,7
559027,79
559028,60
559029,7
559032,140
559034,108
559035,22
559036,119
559038,299
559039,147
559040,72
559041,69
559042,110
559043,139
559044,8
559045,34
559046,7
559047,28
559048,14
559050,35
559051,803
559052,1811
559055,1880
559056,95
559057,84
559058,131
559060,39
559061,165
559062,76
559063,88
559064,55
559068,244
559070,32
559091,27
559092,38
559095,110
559096,13
559097,31
559098,10
559106,106
559107,139
559108,14
559109,178
559110,4
559111,6
559112,46
559113,3
559120,146
559121,74
559122,157
559123,75
559124,51
559125,91
559126,8
559127,12
559128,156
559129,43
559130,24
559131,7
559132,68
559133,339
559134,237
559135,37
559137,5
559138,122
559139,32
559141,138
559142,54
559143,78
559144,84
559145,81
559146,68
559148,4
559150,62
559151,20
559152,27
559153,73
559154,17
559155,99
559156,13
559157,68
559158,63
559160,54
559161,20
559162,934
559163,1232
559164,25
559165,27
559166,2
559167,48
559168,93
559169,66
559170,88
559171,89
559172,4
559173,99
559174,122
559185,6
559187,2
559199,41
559200,161
559201,32
559202,194
559203,1
559204,14
559205,15
559206,7
559237,7
559254,77
559255,11
559256,156
559289,243
559293,50
559295,72
559297,145
559298,81
559299,58
559300,46
559301,89
559302,75
559304,6
559305,106
559306,39
559307,185
559308,82
559310,113
559311,140
559312,23
559313,25
559315,7
559316,73
559317,221
559318,121
559319,5
559320,92
559321,99
559322,27
559323,18
559324,4
559325,30
559326,57
559327,48
559328,30
559329,50
559330,132
559331,71
559332,9
559333,12
559336,29
559337,1175
559338,1342
559339,7
559340,59
559341,38
559342,118
559343,2
559346,61
559349,90
559350,51
559352,30
559353,2
559354,91
559355,20
559356,194
559357,272
559358,44
559359,56
559360,60
559361,8
559362,173
559363,28
559364,129
559366,59
559367,72
559368,40
559369,64
559370,54
559371,49
559372,146
559401,96
559418,131
559419,6
559420,43
559421,75
559422,74
559424,125
559436,81
559441,63
559455,95
559456,4
559457,82
559458,11
559459,64
559460,45
559462,24
559463,10
559464,148
559465,94
559466,34
559469,41
559471,57
559472,5
559477,34
559488,188
559489,94
559490,9
559491,169
559492,43
559493,182
559494,102
559496,25
559497,137
559499,234
559501,21
559504,46
559505,71
559506,1253
559507,134
559508,46
559509,72
559510,116
559511,4
559512,27
559513,155
559514,83
559515,72
559516,5
559517,27
559518,103
559519,17
559520,4
559521,282
559522,7
559523,101
559524,2
559525,126
559526,172
559527,38
559528,130
559529,97
559532,22
559535,314
559536,94
559537,43
559538,156
559539,77
559541,7
559542,301
559543,102
559544,122
559545,113
559546,77
559547,238
559548,129
559549,254
559550,84
559551,92
559552,285
559553,70
559554,81
559555,62
559556,2
559557,319
559605,27
559606,86
559607,116
559609,12
559629,126
559636,14
559637,23
559638,9
559639,66
559640,9
559641,160
559652,67
559653,219
559654,82
559656,45
559657,8
559658,3
559660,105
559661,18
559662,70
559665,235
559668,75
559669,97
559671,77
559672,254
559673,176
559674,131
559676,185
559677,5
559678,121
559679,155
559680,105
559682,5
559684,37
559685,17
559686,149
559687,39
559688,5
559689,152
559690,29
559691,116
559692,65
559693,1483
559694,18
559696,64
559697,87
559698,211
559699,35
559700,20
559701,1
559702,11
559703,16
559704,110
559706,83
559707,44
559708,41
559709,28
559710,36
559711,57
559715,67
559733,75
559745,41
559746,73
559751,48
559768,22
559774,98
559782,85
559783,58
559784,36
559790,4
559791,63
559793,2
559794,116
559795,8
559796,243
559797,80
559798,26
559799,37
559800,71
559801,137
559802,173
559804,153
559805,4
559806,90
559807,329
559809,163
559810,33
559811,47
559812,124
559813,155
559814,100
559815,20
559816,1697
559817,1179
559818,22
559819,35
559821,58
559822,3
559823,15
559824,124
559826,11
559827,28
559828,5
559831,62
559834,52
559835,3
559836,112
559861,41
559862,80
559863,121
559864,97
559865,89
559866,165
559872,25
559876,241
559877,39
559878,202
559879,7
559881,120
559883,18
559884,116
559885,11
559886,14
559887,216
559888,33
559889,35
559890,5
559893,195
559894,487
559895,27
559896,58
559897,61
559898,218
559899,49
559900,19
559901,2
559902,200
559903,88
559904,150
559905,33
559906,41
559907,149
559909,102
559910,10
559911,29
559912,81
559913,8
559914,248
559916,10
559918,109
559919,88
559920,7
559921,317
559922,92
559923,1370
559924,2
559925,36
559926,10
559927,28
559928,224
559929,61
559930,98
559931,46
559932,21
559933,130
559934,67
559935,13
559936,4
559937,93
559938,45
559940,24
559941,16
559942,5
559944,8
559945,4
559948,121
559951,41
559979,94
559980,30
559981,113
559982,36
559984,211
559985,47
559986,24
559987,58
559988,52
559989,100
559990,21
559991,78
559993,66
560010,67
560018,216
560024,178
560025,211
560026,56
560032,2
560033,125
560034,57
560035,279
560036,198
560038,60
560041,120
560042,45
560047,130
560048,29
560049,122
560050,30
560051,72
560052,68
560053,52
560078,87
560079,87
560080,36
560086,85
560087,1
560088,37
560089,47
560090,989
560093,51
560094,72
560095,16
560096,10
560097,84
560098,84
560101,24
560102,54
560103,50
560104,115
560105,179
560106,192
560107,58
560108,38
560109,26
560115,140
560117,26
560118,82
560119,73
560120,178
560121,6
560122,3
560125,222
560145,133
560162,4
560180,21
560181,25
560182,11
560183,8
560184,15
560185,32
560186,69
560187,3
560188,37
560190,43
560191,21
560199,5
560200,2
560201,7
560202,44
560203,86
560204,6
560205,5
560207,81
560209,602
560210,33
560211,98
560212,117
560217,6
560222,65
560223,121
560224,173
560225,1525
560228,109
560229,43
560230,34
560231,42
560232,84
560233,189
560234,76
560235,41
560236,6
560237,15
560238,76
560239,330
560240,99
560241,8
560244,245
560245,192
560246,66
560247,21
560248,173
560249,85
560250,105
560251,203
560252,41
560253,80
560254,84
560255,273
560256,111
560257,79
560258,34
560259,164
560260,235
560261,97
560262,48
560263,20
560264,106
560265,83
560266,26
560267,25
560268,46
560269,15
560270,124
560271,331
560272,19
560273,92
560274,30
560275,5
560276,114
560277,30
560278,169
560279,42
560280,28
560281,217
560282,67
560283,75
560284,51
560285,124
560286,18
560287,74
560288,76
560290,133
560291,171
560292,133
560293,196
560294,57
560295,46
560296,140
560297,38
560298,201
560299,119
560300,242
560302,4
560305,154
560355,18
560356,67
560357,59
560359,353
560360,269
560361,85
560362,47
560363,42
560364,122
560366,150
560367,5
560368,450
560373,4
560381,53
560382,6
560383,47
560385,216
560387,57
560392,33
560393,215
560394,124
560397,93
560398,142
560410,124
560411,4
560412,92
560413,4
560415,72
560416,12
560417,49
560419,4
560421,4
560422,58
560426,84
560431,4
560432,50
560433,963
560434,1748
560437,52
560438,4
560439,4
560441,27
560442,63
560443,30
560444,275
560445,243
560446,9
560447,47
560448,90
560449,71
560450,17
560451,279
560452,12
560453,218
560454,54
560469,1
560473,82
560483,59
560491,230
560494,5
560499,107
560500,59
560501,23
560503,78
560504,678
560523,8
560527,112
560534,109
560535,51
560536,32
560537,120
560538,64
560539,84
560544,9
560545,10
560546,5
560547,123
560548,2
560549,40
560551,109
560552,176
560553,16
560554,34
560555,171
560557,60
560562,38
560566,101
560567,291
560568,129
560569,143
560570,18
560571,126
560573,4
560575,4
560576,102
560577,46
560579,194
560580,297
560581,26
560582,2
560584,127
560586,4
560587,7
560590,188
566534,239
566537,55
566539,183
566554,150
566555,10
566556,2
566557,231
566558,127
566559,87
566560,110
566561,261
566562,386
566563,95
566564,136
566566,295
566567,65
566571,309
566572,71
566575,31
566576,76
566577,376
566580,159
566581,435
566582,128
566583,95
566585,78
566586,25
566587,98
566588,28
566589,145
566590,72
566591,174
566592,74
566594,31
566595,65
566596,36
566597,69
566598,16
566599,334
566600,84
566601,174
566602,800
566603,667
566604,156
566605,246
566606,94
566607,185
566610,5
566612,147
566616,64
566617,72
566618,11
566619,8
566620,43
566621,81
566622,99
566623,21
566624,51
566625,201
566627,17
566628,6
566629,87
566630,28
566631,6
566632,21
566633,15
566634,27
566635,5
566647,162
566648,37
566649,20
566667,74
566668,10
566669,141
566670,4
566673,69
566674,147
566675,8
566694,60
566705,54
566707,12
566708,47
566709,97
566713,97
566717,236
566718,13
566719,31
566720,236
566721,113
566722,55
566723,38
566724,58
566726,317
566727,6
566728,71
566729,31
566730,100
566731,71
566732,71
566733,48
566734,248
566735,162
566736,79
566737,128
566738,7
566739,66
566740,52
566744,11
566746,35
566747,70
566750,25
566755,15
566756,129
566757,761
566759,14
566760,120
566761,2
566769,35
566770,10
566771,171
566772,81
566773,93
566774,57
566776,72
566778,58
566781,106
566783,57
566786,123
566787,490
566788,101
566789,197
566790,100
566816,134
566817,54
566818,28
566819,85
566821,91
566822,54
566823,5
566829,32
566833,39
566846,19
566847,172
566848,1
566849,141
566850,74
566851,214
566860,86
566861,3
566862,28
566863,10
566864,157
566865,3
566866,56
566867,33
566868,29
566869,185
566870,28
566871,99
566872,140
566873,61
566874,13
566875,50
566891,103
566901,85
566904,64
566912,197
566913,431
566914,199
566915,62
566916,3
566917,94
566918,7
566921,34
566922,94
566923,91
566926,11
566927,4
566928,35
566929,200
566930,103
566931,15
566932,114
566933,67
566934,26
566935,27
566936,32
566937,9
566938,64
566949,816
566950,147
566951,44
566952,844
566954,5
566959,160
566962,109
566964,4
566967,92
566968,42
566969,47
566971,60
566972,106
566973,63
566974,12
566975,94
566976,473
566979,211
566980,50
566981,82
566984,76
566985,482
566987,53
566988,99
567024,280
567043,166
567062,193
567066,92
567074,91
567076,115
567077,171
567085,112
567092,276
567093,97
567094,104
567095,154
567096,88
567097,27
567099,248
567102,18
567104,84
567111,68
567124,59
567126,192
567128,321
567134,20
567135,3
567138,95
567139,31
567140,57
567141,27
567142,102
567144,16
567145,110
567146,7
567148,116
567153,148
567154,38
567156,120
567157,35
567158,9
567159,38
567160,58
567161,121
567162,24
567163,62
567164,123
567165,263
567166,42
567167,272
567168,79
567169,6
567170,387
567171,10
567172,29
567173,33
567174,152
567175,45
567176,48
567178,86
567179,152
567180,251
567181,49
567182,214
567183,1512
567184,470
567185,160
567186,231
567188,4
567189,108
567190,85
567191,71
567192,15
567193,44
567194,10
567195,44
567196,58
567197,192
567199,49
567200,95
567202,48
567203,18
567204,155
567205,46
567206,103
567211,303
567213,167
567236,91
567239,30
567252,26
567280,234
567287,20
567288,155
567290,150
567291,14
567292,63
567293,160
567294,80
567295,55
567296,66
567297,193
567298,59
567299,12
567300,95
567301,24
567302,52
567303,118
567304,167
567305,52
567306,221
567307,107
567308,27
567309,8
567310,53
567311,34
567312,64
567313,19
567323,81
567324,13
567325,2
567326,62
567327,62
567328,69
567329,40
567333,55
567334,84
567336,36
567338,84
567339,185
567340,131
567341,174
567342,3
567343,12
567344,35
567346,42
567353,4
567354,0
567356,46
567362,3
567368,77
567369,48
567370,45
567372,61
567373,72
567374,71
567375,73
567376,42
567377,2
567378,206
567379,44
567380,86
567381,54
567382,51
567383,55
567384,59
567385,68
567386,72
567387,28
567408,31
567423,50
567424,192
567425,42
567426,44
567427,18
567428,199
567429,95
567453,5
567454,117
567455,13
567456,32
567457,122
567458,22
567459,135
567460,48
567461,280
567462,330
567470,98
567472,88
567473,263
567474,362
567475,185
567476,141
567477,183
567478,58
567480,8
567481,50
567482,331
567483,58
567484,104
567485,145
567486,5
567487,0
567488,60
567489,18
567504,179
567505,72
567506,30
567507,715
567508,49
567509,121
567510,23
567511,11
567512,42
567513,21
567514,45
567515,23
567516,68
567517,42
567522,26
567523,39
567524,83
567525,12
567526,75
567528,52
567529,31
567530,131
567531,8
567533,165
567537,19
567539,44
567542,56
567545,82
567546,22
567552,77
567578,121
567579,76
567580,77
567610,150
567611,20
567612,160
567613,182
567614,47
567615,100
567616,39
567617,49
567618,90
567619,50
567621,40
567622,70
567623,68
567625,74
567626,60
567628,76
567630,50
567631,126
567632,8
567633,10
567634,12
567635,102
567636,91
567637,76
567638,5
567639,100
567640,30
567642,4
567644,2
567653,249
567654,87
567656,1702
567657,39
567658,43
567659,56
567660,72
567661,212
567662,274
567663,99
567664,65
567665,667
567666,144
567667,768
567668,914
567669,21
567670,859
567671,1122
567672,189
567673,779
567674,5
567675,177
567676,52
567678,60
567679,67
567683,86
567687,26
567692,72
567697,101
567698,37
567699,102
567700,114
567701,69
567702,6
567707,42
567709,127
567710,28
567711,6
567718,95
567720,83
567721,182
567742,185
567747,2
567756,38
567768,22
567785,17
567792,123
567793,101
567794,100
567795,72
567796,206
567797,60
567798,110
567799,6
567800,2
567801,47
567802,95
567803,35
567804,172
567805,131
567806,35
567807,78
567808,7
567809,128
567816,96
567817,79
567818,279
567819,77
567821,183
567822,110
567823,82
567824,3
567826,43
567846,88
567849,54
567850,137
567851,54
567852,56
567853,446
567854,109
567855,18
567856,11
567858,85
567859,135
567860,38
567864,80
567865,123
567866,328
567868,38
567869,4
567873,223
567874,18
567875,128
567878,361
567879,106
567880,149
567881,97
567882,104
567883,66
567886,47
567887,81
567888,5
567889,73
567890,355
567892,58
567893,14
567894,24
567895,5
567897,8
567898,90
567899,215
567900,4
567901,904
567904,67
567905,148
567906,33
567907,38
567908,19
567909,38
567910,34
567911,85
567912,342
567913,15
567914,10
567915,123
567917,176
567922,32
567924,26
567928,106
567929,144
567934,17
567935,133
567936,73
567937,15
567938,73
567939,99
567941,36
567942,34
567943,75
567944,111
567951,3
567954,125
567957,21
567958,38
567959,54
567960,28
567962,65
567966,44
567967,100
567968,178
567969,15
567970,42
567971,41
567972,108
567973,84
567974,5
567975,139
567976,66
567977,10
567979,92
567980,127
567981,283
567982,24
567983,13
568001,22
568013,106
568040,154
568044,152
568046,227
568047,109
568048,264
568049,312
568050,164
568051,112
568054,130
568056,149
568057,537
568058,134
568059,283
568060,549
568061,243
568062,178
568063,82
568064,79
568065,323
568066,272
568069,197
568070,137
568075,133
568082,110
568083,40
568086,36
568094,148
568095,456
568098,91
568099,33
568100,127
568101,197
568103,132
568104,147
568131,12
568132,41
568134,1030
568135,865
568136,22
568137,85
568139,62
568140,59
568141,154
568142,121
568143,60
568144,68
568145,91
568146,94
568147,70
568148,28
568149,55
568150,10
568151,66
568152,227
568153,55
568154,68
568155,49
568156,158
568158,89
568159,76
568160,70
568161,79
568162,158
568163,154
568164,154
568165,132
568166,92
568167,108
568168,198
568169,82
568170,142
568171,33
568172,8
568173,132
568174,113
568175,22
568176,57
568177,89
568178,19
568179,67
568180,180
568181,106
568182,7
568183,133
568185,191
568186,104
568187,70
568188,426
568189,71
568190,9
568191,386
568192,27
568193,421
568194,34
568195,0
568196,48
568197,123
568198,253
568199,17
568200,56
568201,59
568202,140
568203,32
568204,114
568205,57
568206,56
568207,200
568208,66
568209,19
568210,96
568211,113
568212,272
568213,69
568214,1
568215,61
568216,36
568217,19
568218,84
568219,29
568220,112
568221,105
568222,39
568223,68
568224,71
568225,56
568226,75
568227,180
568228,133
568229,46
568230,83
568231,51
568234,66
568235,24
568236,57
568238,72
568239,68
568241,49
568242,72
568243,31
568245,125
568301,177
568310,149
568311,126
568312,42
568313,37
568314,163
568315,9
568316,113
568317,42
568318,120
568319,76
568320,63
568321,154
568322,30
568323,48
568324,66
568325,180
568326,88
568327,109
568328,177
568329,85
568330,5
568331,44
568332,15
568333,72
568340,32
568342,13
568343,26
568344,61
568346,1331
568350,71
568364,71
568366,15
568367,150
568368,32
568369,157
568374,12
568375,0
568376,63
568378,65
568379,32
568380,2
568381,110
568382,28
568383,15
568387,87
568389,18
568390,44
568391,5
568392,109
568393,55
568394,161
568396,5
568397,75
568398,13
568399,68
568400,154
568402,57
568408,244
568409,27
568411,477
568413,79
568414,7
568415,3
568417,66
568423,77
568428,157
568458,50
568460,17
568469,28
568471,31
568472,89
568480,60
568485,27
568491,201
568492,49
568493,54
568494,45
568495,70
568505,42
568509,20
568510,254
568511,5
568512,20
568513,90
568514,3
568515,40
568517,498
568518,38
568519,83
568526,129
568527,115
568528,226
568529,41
568530,32
568531,401
568533,39
568535,14
568536,30
568537,24
568538,34
568539,75
568540,0
568541,16
568542,67
568547,66
568549,32
568550,9
568551,69
568552,20
568553,208
568554,62
568555,11
568556,62
568558,141
568564,101
568565,30
568566,135
568567,1053
568568,128
568569,9
568574,83
568576,71
568577,60
568578,87
568583,59
568585,35
568586,51
568588,38
568589,101
568590,95
568591,81
568592,65
568593,287
568594,36
568595,2
568614,92
568645,95
568647,16
568648,18
568650,347
568651,159
568652,32
568653,13
568654,258
568655,69
568656,15
568657,375
568658,34
568659,117
568660,57
568661,90
568662,198
568663,43
568665,81
568666,7
568667,128
568668,330
568669,59
568670,153
568671,320
568672,43
568673,43
568674,90
568675,84
568676,161
568680,72
568685,36
568686,208
568687,7
568688,40
568690,177
568691,2
568692,53
568693,76
568695,7
568696,169
568697,76
568698,96
568699,65
568700,27
568701,151
568702,93
568703,547
568704,10
568705,15
568706,66
568707,16
568708,74
568709,257
568710,225
568711,11
568712,515
568713,43
568715,158
568716,731
568717,6
568718,1
568719,1046
568721,938
568726,80
568727,46
568728,28
568729,74
568780,224
568781,58
568782,167
568783,39
568784,6
568785,23
568786,36
568787,39
568788,143
568789,1
568790,5
568791,85
568792,170
568793,75
568794,105
568795,83
568797,36
568798,123
568800,73
568801,44
568802,67
568803,17
568804,7
568805,46
568819,9
568828,85
568829,62
568831,169
568833,194
568868,193
568869,20
568870,18
568872,38
568873,42
568874,51
568875,63
568876,42
568877,77
568878,103
568880,72
568881,21
568882,73
568883,69
568893,4
568894,313
568895,211
568896,192
568897,72
568898,193
568900,112
568901,196
568902,65
568904,57
568905,5
568906,3
568907,76
568908,269
568909,139
568910,121
568912,149
568913,4
568914,3
568915,37
568916,42
568917,133
568918,5
568919,135
568921,43
568938,267
568943,20
568944,82
568945,61
568947,62
568949,837
568950,75
568951,80
568952,176
568953,43
568954,29
568955,96
568966,3
568984,245
568987,88
568988,84
568989,55
568990,99
568991,238
568992,71
568993,42
568994,60
568995,64
568996,62
568997,59
568998,8
568999,45
569000,300
569001,75
569002,7
569003,37
569004,21
569005,128
569006,36
569007,144
569008,123
569009,9
569010,118
569011,51
569012,56
569013,11
569014,87
569015,67
569016,73
569017,81
569018,29
569019,73
569020,173
569021,41
569022,57
569024,47
569025,92
569026,285
569027,149
569028,87
569029,6
569030,39
569031,18
569033,3
569035,14
569036,82
569037,260
569046,229
569060,58
569077,21
569078,29
569079,42
569080,17
569081,28
569082,41
569084,6
569085,2
569086,2
569087,22
569089,300
569097,103
569099,5
569100,99
569101,6
569103,68
569104,67
569105,175
569106,51
569108,9
569110,197
569111,4
569120,53
569122,70
569123,127
569124,88
569125,20
569126,39
569127,56
569129,354
569130,13
569132,185
569133,92
569134,128
569136,303
569137,503
569139,94
569140,187
569141,60
569142,5
569143,94
569144,30
569145,11
569147,64
569148,119
569149,9
569202,1022
569203,3
569204,49
569205,158
569206,80
569207,63
569208,152
569209,9
569210,91
569211,80
569212,200
569213,59
569214,34
569215,135
569216,257
569217,85
569218,119
569219,217
569220,600
569221,71
569222,225
569223,281
569224,293
569225,119
569226,6
569227,58
569228,247
569229,525
569230,272
569231,169
569232,153
569234,328
569235,2
569236,267
569237,15
569238,104
569239,59
569240,16
569241,188
569242,85
569243,132
569244,68
569246,1120
569247,66
569248,143
569249,71
569250,92
569252,55
569253,277
569254,140
569255,78
569257,79
569258,18
569261,363
569262,168
569263,68
569302,200
569319,131
569321,59
569322,72
569323,11
569324,44
569325,62
569326,92
569327,112
569328,20
569329,93
569330,102
569331,224
569332,279
569333,41
569334,26
569336,163
569337,29
569338,42
569339,3
569340,7
569342,10
569343,50
569357,87
569358,101
569359,2
569360,259
569361,75
569362,50
569363,162
569364,84
569365,69
569366,4
569367,236
569368,12
569369,133
569371,172
569372,1072
569373,16
569374,942
569382,4
569383,255
569384,64
569385,5
569386,42
569388,5
569389,4
569396,41
569397,41
569398,9
569399,13
569400,6
569401,235
569402,40
569403,131
569404,39
569405,71
569406,276
569407,65
569408,63
569409,49
569411,5
569412,83
569413,2
569414,321
569415,375
569416,85
569417,101
569418,19
569419,22
569420,5
569423,88
569424,226
569457,118
569459,76
569460,174
569461,193
569462,50
569467,161
569468,160
569469,451
569470,137
569471,45
569472,107
569474,186
569479,55
569480,2
569481,185
569482,85
569483,61
569484,11
569486,188
569487,72
569488,174
569489,4
569491,299
569492,9
569493,207
569494,36
569496,65
569513,53
569514,151
569515,25
569516,7
569518,83
569519,30
569520,74
569521,311
569522,7
569523,271
569524,531
569527,109
569528,298
569529,12
569530,113
569531,23
569532,69
569533,349
569534,5
569535,139
569536,82
569537,33
569538,86
569539,3
569544,904
569545,1155
569546,185
569550,7
569551,3
569555,466
569556,272
569557,6
569558,74
569559,5
569560,72
569561,17
569562,119
569563,206
569564,68
569565,105
569566,43
569567,34
569568,341
569569,11
569570,118
569571,52
569572,35
569573,128
569574,54
569575,25
569576,33
569577,60
569579,35
569580,69
569581,14
569583,6
569590,83
569629,141
569630,84
569631,29
569632,72
569633,43
569634,4
569635,122
569637,122
569638,124
569639,3
569640,101
569641,43
569643,96
569647,5
569648,6
569649,14
569650,318
569651,223
569652,82
569653,404
569654,12
569656,4
569658,3
569659,69
569660,7
569661,44
569662,85
569664,48
569665,10
569666,34
569667,81
569668,65
569669,389
569670,375
569671,90
569672,268
569673,107
569674,4
569675,134
569676,61
569677,74
569678,14
569679,25
569680,102
569683,100
569684,24
569685,96
569686,71
569687,126
569688,46
569689,5
569690,41
569691,107
569692,86
569693,144
569694,89
569695,182
569696,5
569697,27
569698,17
569699,144
569700,855
569701,5
569702,163
569705,51
569706,7
569714,141
569715,73
569716,56
569717,38
569718,97
569719,24
569720,54
569721,59
569722,101
569723,18
569724,19
569725,6
569726,77
569727,25
569728,170
569729,97
569730,15
569731,46
569732,79
569734,46
569735,3
569736,102
569737,84
569738,46
569739,89
569740,52
569741,113
569742,3
569766,70
569767,119
569768,59
569769,12
569780,31
569781,7
569789,93
569790,146
569799,101
569803,110
569815,91
569816,3
569818,4
569822,5
569823,224
569824,111
569825,75
569826,95
569827,81
569828,71
569832,87
569833,102
569834,113
569835,102
569836,45
569837,19
569838,101
569839,21
569840,25
569841,31
569842,70
569843,328
569844,238
569845,42
569846,500
569847,80
569848,138
569849,93
569850,31
569852,139
569853,75
569856,18
569857,19
569858,20
569859,49
569860,26
569861,59
569862,56
569863,4
569864,31
569865,24
569866,668
569867,53
569868,129
569869,32
569870,152
569871,45
569872,1
569873,1
569887,49
569888,31
569889,11
569890,38
569892,36
569893,247
569894,167
569896,96
569897,900
569898,1010
569899,55
569900,227
569901,117
569903,82
569904,83
569905,22
569906,1
569907,14
569910,161
569912,25
569914,28
569915,7
569917,37
569918,40
569919,107
569920,66
569921,28
569923,21
569932,35
569936,26
569943,316
569948,32
569962,40
569965,73
569968,182
569977,37
569983,209
569997,27
569998,84
569999,46
570000,122
570001,72
570002,100
570003,12
570007,75
570008,98
570009,143
570010,59
570011,94
570014,22
570016,186
570017,3
570018,6
570019,135
570020,37
570021,10
570022,98
570023,25
570024,74
570026,47
570027,166
570028,4
570030,106
570036,119
570049,167
570076,48
570082,94
570086,96
570087,312
570088,233
570089,17
570090,45
570091,156
570092,21
570093,129
570094,18
570095,64
570096,95
570097,41
570098,23
570100,12
570101,54
570102,126
570103,266
570108,138
570111,136
570113,146
570114,29
570115,65
570116,304
570117,36
570118,84
570119,6
570121,55
570123,22
570124,2
570125,90
570126,146
570127,282
570128,19
570129,116
570130,4
570144,5
570167,153
570168,188
570177,176
570178,71
570179,227
570180,227
570181,3
570183,45
570184,42
570186,171
570187,1222
570188,76
570189,47
570190,98
570191,40
570192,227
570195,20
570196,28
570197,398
570200,131
570201,6
570202,3
570206,11
570208,112
570209,154
570210,305
570211,114
570212,81
570213,31
570214,125
570215,160
570216,33
570217,109
570218,210
570219,67
570220,15
570222,42
570223,305
570224,119
570225,349
570226,8
570227,25
570228,138
570229,245
570230,124
570231,204
570232,191
570233,27
570234,123
570235,87
570236,82
570237,180
570238,70
570239,115
570240,47
570241,233
570242,104
570243,47
570244,114
570245,64
570246,191
570247,75
570248,5
570249,227
570250,22
570251,21
570252,90
570253,9
570254,54
570255,107
570256,69
570257,55
570258,593
570265,5
570266,22
570267,26
570268,101
570269,29
570270,11
570271,48
570272,112
570273,207
570275,136
570280,5
570281,8
570282,37
570284,95
570285,86
570286,4
570287,189
570288,116
570289,53
570292,74
570293,112
570332,37
570333,191
570337,46
570338,8
570342,168
570348,96
570353,12
570356,34
570374,194
570380,111
570388,339
570404,180
570405,50
570407,2
570408,36
570409,58
570410,242
570411,27
570412,82
570413,72
570414,66
570415,17
570416,146
570417,3
570418,114
570419,9
570420,290
570421,41
570422,81
570423,192
570424,119
570425,88
570426,113
570427,61
570428,189
570429,9
570430,46
570441,5
570442,298
570443,70
570444,85
570445,18
570446,52
570448,245
570449,46
570452,67
570455,328
570457,20
570458,575
570459,208
570461,5
570462,8
570465,936
570466,307
570467,404
570470,12
570472,19
570473,41
570474,5
570475,60
570479,275
570481,0
570482,295
570485,5
570488,1371
570489,4
570491,132
570492,123
570493,5
570494,57
570495,19
570496,47
570497,4
570498,79
570499,202
570500,87
570501,111
570502,20
570503,49
570504,28
570505,56
570506,16
570507,80
570509,100
570510,3
570511,26
570512,22
570513,62
570514,131
570516,74
570517,89
570521,262
570522,26
570554,6
570555,121
570557,41
570590,63
570591,62
570592,278
570593,104
570594,137
570597,162
570598,374
570600,52
570601,20
570602,22
570632,26
570634,53
570637,76
570638,81
570640,119
570642,20
570646,88
570648,31
570649,68
570650,224
570651,20
570652,162
570653,117
570656,85
570657,70
570659,15
570660,68
570661,48
570662,4
570663,35
570664,79
570665,15
570666,48
570667,53
570668,62
570669,77
570670,45
570671,13
570672,1047
570673,14
570674,221
570675,40
570676,43
570677,165
570678,17
570679,85
570680,252
570681,3
570682,59
570685,134
570688,1162
570690,1009
570693,224
570694,34
570695,38
570696,48
570697,44
570698,34
570699,35
570700,45
570701,130
570702,0
570703,198
570705,4
570706,5
570707,20
570713,70
570714,79
570715,155
570716,2
570717,49
570718,91
570719,109
570720,73
570721,106
570722,8
570723,4
570724,44
570725,3
570726,41
570731,4
570733,70
570754,45
570761,36
570769,15
570776,104
570784,17
570790,46
570791,150
570792,69
570793,72
570794,18
570795,15
570796,156
570797,97
570798,6
570799,33
570806,186
570807,90
570818,453
570821,51
570823,31
570824,60
570825,32
570826,134
570827,193
570829,77
570830,137
570832,14
570833,53
570834,22
570836,82
570837,94
570838,25
570839,151
570840,28
570841,80
570842,90
570843,60
570844,5
570846,17
570847,22
570848,5
570849,8
570851,21
570852,42
570855,178
570856,168
570857,71
570858,14
570859,24
570861,85
570862,97
570863,66
570864,53
570865,13
570866,41
570871,1164
570872,1009
570875,137
570876,97
570877,26
570878,6
570879,41
570880,82
570881,56
570882,29
570883,101
570884,88
570885,74
570886,81
570887,140
570888,220
570896,19
570906,56
570910,72
570919,56
570961,8
570964,274
570973,17
570983,118
570984,31
571006,79
571007,42
571008,1
571017,47
571028,162
571030,186
571031,115
571032,128
571033,147
571034,402
571035,209
571036,131
571038,153
571039,484
571040,124
571041,54
571043,6
571044,38
571046,369
571047,84
571048,16
571049,91
571050,5
571052,8
571053,135
571054,476
571055,34
571056,102
571057,6
571058,88
571060,5
571061,618
571062,92
571063,20
571064,91
571065,319
571067,60
571069,72
571080,42
571081,87
571082,771
571090,22
571098,189
571099,16
571100,12
571101,112
571102,5
571103,96
571104,94
571105,405
571106,51
571107,48
571108,14
571109,3
571111,3
571117,123
571118,9
571119,286
571120,64
571121,34
571122,4
571123,200
571125,41
571129,85
571142,103
571158,82
571169,25
571178,45
571179,4
571180,123
571181,1
571182,6
571183,331
571184,92
571185,148
571187,97
571188,130
571189,172
571190,128
571191,3
571192,81
571193,59
571197,141
571199,4
571200,44
571201,103
571202,1
571203,87
571204,4
571205,171
571212,315
571213,76
571214,176
571215,85
571216,198
571217,122
571218,8
571219,195
571221,116
571222,9
571223,4
571224,114
571225,26
571226,21
571227,119
571228,8
571229,138
571230,80
571231,93
571232,4
571234,6
571235,56
571236,1
571237,5
571238,54
571239,123
571240,99
571241,177
571242,63
571243,261
571244,120
571245,29
571246,43
571247,132
571248,17
571250,6
571255,63
571256,6
571257,879
571258,59
571259,8
571260,34
571261,8
571263,62
571265,236
571266,115
571267,41
571268,73
571269,64
571270,278
571271,83
571272,126
571273,94
571274,193
571275,132
571276,216
571277,44
571278,32
571279,103
571280,266
571281,379
571282,173
571283,319
571284,176
571286,288
571288,129
571289,287
571290,112
571291,126
571292,149
571293,63
571294,126
571295,55
571296,103
571297,5
571298,19
571299,6
571300,54
571301,8
571302,8
571303,88
571304,113
571305,529
571306,71
571307,95
571308,149
571309,58
571310,103
571311,9
571312,163
571313,15
571314,33
571315,19
571317,153
571318,126
571322,62
571323,71
571324,4
571326,4
571328,330
571352,28
571360,80
571372,153
571377,64
571404,113
571405,10
571406,91
571407,17
571408,275
571409,225
571410,39
571411,122
571412,45
571413,68
571418,107
571425,162
571426,59
571427,52
571428,37
571429,124
571430,18
571431,8
571432,1
571433,357
571434,36
571435,84
571436,21
571437,12
571438,159
571439,35
571441,1455
571442,370
571443,59
571444,103
571445,84
571446,72
571447,3
571456,194
571457,27
571461,176
571462,24
571463,101
571464,43
571465,138
571474,36
571475,309
571476,126
571477,91
571486,118
571496,74
571497,47
571498,347
571500,197
571502,270
571504,24
571505,128
571506,31
571508,1308
571509,86
571510,25
571511,48
571544,191
571545,28
571546,38
571547,14
571548,120
571549,67
571550,11
571551,64
571552,55
571553,2
571554,261
571555,32
571556,110
571557,46
571558,49
571559,97
571560,83
571561,89
571562,96
571563,86
571564,107
571565,35
571566,107
571594,1
571595,13
571601,101
571610,3
571622,16
571628,35
571629,169
571636,32
571638,42
571640,67
571641,48
571642,15
571652,105
571653,800
571654,162
571655,41
571656,113
571657,70
571658,111
571660,170
571662,24
571663,7
571664,9
571665,136
571666,41
571667,163
571668,73
571669,251
571670,247
571671,453
571672,79
571673,55
571675,36
571676,386
571677,37
571679,137
571681,84
571682,427
571683,49
571684,165
571685,19
571690,78
571691,42
571692,9
571693,57
571694,54
571696,67
571697,126
571698,25
571700,0
571701,217
571702,9
571703,2
571705,218
571706,33
571708,49
571709,78
571710,122
571712,246
571713,1023
571714,663
571715,189
571716,1175
571717,231
571724,131
571725,34
571726,126
571728,76
571729,19
571730,26
571732,52
571733,46
571734,40
571735,67
571736,12
571737,113
571738,4
571739,6
571740,59
571741,15
571742,12
571743,98
571744,10
571745,198
571746,157
571747,257
571748,77
571749,10
571751,4
571779,132
571793,31
571797,606
571809,62
571824,312
571828,306
571829,87
571830,7
571831,60
571836,20
571837,239
571839,40
571840,88
571841,223
571842,19
571843,12
571844,66
571845,178
571846,358
571847,131
571848,83
571849,40
571850,239
571851,50
571852,16
571853,25
571857,105
571863,7
571864,72
571883,496
571890,92
571891,15
571892,51
571894,8
571895,53
571898,31
571899,114
571900,0
571901,3
571903,46
571904,25
571905,122
571906,4
571908,22
571909,500
571910,2
571911,24
571912,99
571913,271
571914,57
571916,5
571917,23
571918,77
571920,47
571923,85
571926,60
571929,5
571930,10
571931,996
571932,4
571933,6
571934,76
571935,26
571936,80
571937,336
571938,27
571939,73
571940,162
571941,31
571942,97
571943,68
571944,95
571945,61
571965,163
571987,74
572021,80
572023,209
572024,75
572025,78
572026,63
572028,222
572030,179
572031,12
572032,13
572033,64
572034,9
572035,504
572036,4
572037,322
572045,103
572047,181
572048,13
572049,77
572050,113
572051,84
572052,4
572053,14
572054,41
572055,147
572056,3
572057,22
572058,326
572060,20
572061,185
572062,79
572063,104
572064,1
572065,213
572066,401
572067,23
572068,102
572069,175
572070,6
572071,2
572072,3
572073,149
572074,209
572075,45
572076,173
572077,36
572078,4
572079,49
572080,5
572081,63
572082,260
572085,6
572086,60
572087,147
572088,120
572089,6
572090,71
572091,41
572092,126
572093,31
572094,25
572095,96
572096,184
572097,29
572098,130
572099,7
572100,8
572101,24
572103,712
572104,27
572105,4
572106,62
572107,42
572108,61
572121,218
572122,21
572123,57
572124,34
572125,40
572126,39
572127,193
572128,52
572129,83
572130,49
572131,62
572132,32
572133,49
572134,44
572139,7
572182,112
572183,134
572184,22
572185,243
572186,150
572188,25
572189,13
572190,14
572191,24
572192,265
572193,45
572194,239
572195,39
572196,78
572197,12
572203,86
572209,27
572210,30
572211,59
572212,89
572213,115
572214,9
572215,84
572216,281
572217,59
572218,97
572219,321
572220,72
572221,53
572222,4
572224,156
572225,170
572227,261
572229,182
572230,35
572231,139
572232,56
572233,33
572234,16
572235,8
572236,65
572237,68
572238,80
572240,164
572241,38
572242,130
572243,40
572244,59
572272,59
572274,87
572277,39
572278,72
572279,87
572280,224
572281,96
572282,118
572283,302
572284,199
572285,78
572286,85
572287,147
572288,80
572289,71
572290,148
572291,194
572292,119
572293,4
572294,321
572295,442
572296,121
572297,25
572298,46
572300,87
572301,135
572302,293
572303,75
572304,78
572305,31
572306,401
572307,215
572308,81
572309,607
572310,19
572311,123
572312,155
572313,64
572314,105
572315,41
572316,99
572317,358
572318,326
572319,130
572320,18
572321,96
572322,35
572323,126
572324,43
572325,4
572326,64
572327,45
572328,12
572329,103
572330,239
572331,159
572332,2
572333,62
572335,82
572336,100
572337,37
572338,21
572339,27
572340,21
572342,22
572344,4
572348,27
572350,46
572351,5
572352,41
572353,75
572354,5
572380,101
572392,25
572399,59
572423,4
572442,80
572443,10
572447,98
572451,135
572452,83
572453,45
572454,48
572457,90
572458,115
572459,52
572460,73
572461,114
572462,22
572464,92
572465,118
572466,28
572472,110
572474,53
572475,315
572483,53
572484,154
572487,22
572490,98
572499,390
572504,23
572509,74
572511,80
572512,31
572513,471
572515,23
572517,252
572518,2
572519,22
572520,130
572521,46
572528,279
572540,709
572541,51
572542,134
572544,146
572545,10
572549,1003
572550,1113
572552,1454
572553,1091
572555,7
572558,204
572559,92
572560,46
572561,102
572562,124
572563,82
572565,83
572566,93
572567,333
572568,58
572569,109
572612,59
572613,74
572616,10
572617,123
572650,137
572651,153
572652,242
572653,371
572654,10
572655,92
572656,4
572657,37
572658,90
572660,80
572661,52
572662,297
572663,60
572664,41
572665,3
572666,38
572667,82
572668,183
572669,457
572670,10
572671,40
572672,39
572673,75
572674,38
572675,96
572676,196
572677,164
572678,42
572679,5
572680,156
572681,132
572682,18
572683,25
572688,87
572695,102
572696,18
572703,635
572704,256
572718,52
572719,191
572720,56
572721,148
572726,267
572732,193
572733,20
572734,74
572735,173
572737,40
572738,37
572741,194
572742,52
572743,137
572744,87
572745,0
572746,192
572751,122
572752,48
572753,81
572755,213
572756,27
572757,7
572758,1065
572760,21
572762,78
572763,54
572764,33
572765,8
572766,32
572767,96
572768,8
572769,53
572770,3
572771,62
572772,65
572773,16
572774,3
572775,76
572792,6
572810,103
572811,77
572812,29
572830,102
572832,4
572833,29
572834,44
572835,21
572836,55
572837,109
572838,26
572843,124
572845,4
572846,107
572847,97
572848,45
572849,6
572851,9
572852,10
572853,134
572854,62
572856,49
572857,2
572858,111
572859,138
572860,74
572861,75
572862,138
572863,62
572865,194
572866,107
572867,171
572868,44
572869,2
572870,12
572871,30
572872,149
572873,106
572874,33
572875,2
572876,36
572877,17
572878,9
572879,3
572880,173
572881,16
572882,141
572883,15
572884,63
572885,117
572886,95
572887,128
572888,9
572889,98
572892,21
572893,24
572894,12
572895,12
572896,169
572897,691
572899,43
572900,8
572901,84
572902,19
572903,137
572904,28
572905,83
572906,25
572907,71
572908,65
572909,106
572910,114
572911,121
572912,73
572913,694
572914,18
572918,94
572921,242
572922,62
572923,164
572924,28
572925,70
572926,45
572928,23
572929,11
572930,43
572931,15
572932,76
572933,96
572934,3
572935,115
572946,98
572960,39
572964,141
572969,155
572986,90
572990,74
572992,5
572994,61
572997,82
572998,3
572999,18
573000,18
573001,94
573002,87
573003,2
573004,8
573005,7
573006,16
573007,72
573008,48
573019,74
573020,224
573022,38
573023,96
573025,10
573026,136
573027,45
573028,49
573029,439
573032,57
573033,57
573035,212
573036,33
573038,354
573066,111
573068,99
573069,39
573070,143
573074,133
573075,135
573076,208
573077,4
573078,90
573080,4
573082,17
573083,246
573085,62
573093,146
573094,190
573095,29
573096,122
573100,83
573102,73
573103,6
573104,53
573106,52
573108,50
573109,77
573110,12
573111,2
573112,66
573113,29
573116,92
573117,149
573119,32
573121,4
573122,167
573123,214
573124,23
573125,43
573126,58
573128,26
573129,2
573130,254
573131,63
573132,26
573133,44
573134,17
573135,68
573136,49
573137,868
573138,203
573139,112
573140,61
573141,34
573142,57
573143,110
573144,39
573145,92
573146,19
573149,127
573150,106
573151,495
573152,78
573153,247
573154,27
573155,164
573156,28
573157,8
573158,41
573159,66
573160,77
573161,6
573162,5
573163,42
573164,23
573165,51
573166,88
573167,11
573168,18
573171,40
573173,113
573174,32
573175,44
573176,30
573177,4
573178,55
573179,46
573181,6
573182,110
573183,109
573184,51
573185,42
573195,127
573196,4
573200,12
573230,2
573231,5
573245,246
573248,300
573261,2
573262,28
573263,90
573264,263
573265,60
573266,123
573267,57
573269,246
573270,66
573272,15
573273,3
573274,240
573275,78
573276,78
573277,73
573278,37
573279,5
573280,70
573281,21
573282,18
573284,44
573285,19
573286,196
573287,206
573288,39
573289,199
573290,6
573291,129
573292,38
573294,16
573295,12
573300,557
573305,121
573307,3
573308,27
573309,5
573310,4
573311,353
573313,33
573314,105
573315,203
573316,3
573319,53
573320,154
573322,8
573323,219
573324,33
573325,1
573326,105
573327,2
573328,123
573329,105
573330,283
573331,32
573332,78
573333,65
573334,21
573335,147
573336,102
573337,47
573338,226
573339,196
573340,482
573341,81
573342,22
573343,231
573344,138
573345,318
573346,121
573347,476
573348,123
573349,27
573350,73
573351,37
573352,4
573353,156
573354,13
573355,38
573356,9
573357,6
573358,130
573359,183
573360,76
573361,254
573362,482
573363,32
573364,129
573365,46
573366,76
573367,118
573368,37
573369,157
573370,62
573371,37
573372,16
573373,410
573374,62
573375,89
573376,47
573377,227
573378,24
573379,115
573380,184
573381,232
573382,47
573383,22
573384,79
573385,131
573386,42
573387,280
573388,110
573389,5
573390,130
573391,85
573392,58
573393,171
573394,28
573395,43
573396,206
573397,165
573398,74
573399,83
573400,17
573401,92
573402,52
573403,8
573404,20
573405,367
573406,176
573407,137
573408,19
573409,4
573410,10
573411,86
573412,12
573413,262
573414,193
573415,364
573416,23
573417,67
573418,53
573419,28
573420,139
573421,40
573422,3
573423,35
573424,6
573425,32
573426,214
573428,85
573430,77
573442,29
573452,37
573464,47
573481,131
573483,16
573484,23
573485,253
573486,71
573492,146
573496,400
573500,132
573501,270
573504,30
573507,17
573508,86
573509,55
573510,92
573511,191
573512,47
573531,28
573532,2
573540,5
573542,85
573543,249
573544,159
573545,34
573546,103
573548,243
573551,183
573552,109
573553,567
573556,94
573564,178
573572,88
573576,1735
573577,12
573578,43
573579,139
573580,295
573581,135
573582,131
573583,29
573584,160
573585,4428
573586,0
573587,31
573588,46
573589,3
573599,30
573600,5
573601,444
573629,25
573632,67
573633,126
573656,87
573665,165
573666,124
573669,3
573695,37
573744,111
573745,59
573746,26
573747,56
573748,191
573749,31
573757,11
573758,27
573762,31
573763,101
573768,3
573769,71
573770,50
573772,100
573773,70
573774,20
573775,30
573776,19
573777,75
573778,66
573780,88
573808,126
573814,232
573822,91
573829,89
573830,85
573840,19
573841,79
573846,26
573863,56
573865,68
573866,76
573867,96
573868,92
573870,167
573871,58
573872,69
573873,107
573874,131
573875,50
573876,472
573877,14
573878,26
573879,76
573886,64
573887,29
573888,88
573889,142
573890,30
573891,72
573892,180
573893,23
573894,49
573895,6
573896,9
573897,301
573898,86
573899,46
573900,39
573901,93
573902,23
573903,126
573904,570
573905,152
573906,36
573907,47
573908,45
573909,150
573910,31
573911,52
573912,7
573913,143
573914,75
573915,191
573916,33
573917,11
573918,67
573921,46
573922,6
573923,123
573924,69
573927,76
573928,26
573930,38
573931,60
573932,22
573933,6
573934,92
573937,154
573945,33
573955,106
573982,8
573992,181
573993,160
573994,28
573995,3
573996,55
573999,171
574009,179
574011,40
574012,6
574013,16
574014,5
574015,164
574016,73
574017,34
574018,15
574020,66
574021,15
574022,2
574023,75
574024,34
574025,125
574029,163
574032,90
574033,62
574034,359
574035,68
574036,65
574037,25
574038,99
574039,41
574040,62
574041,5
574042,32
574043,355
574044,9
574045,21
574046,97
574047,49
574048,68
574049,71
574050,22
574051,91
574052,81
574053,150
574054,153
574055,45
574056,105
574058,2
574059,149
574060,55
574062,200
574063,344
574064,64
574066,22
574067,108
574068,89
574069,130
574070,65
574071,49
574072,60
574074,1671
574075,52
574076,1637
574077,191
574079,133
574080,94
574081,107
574082,49
574084,76
574085,68
574086,38
574087,19
574088,81
574089,81
574090,67
574091,92
574092,83
574093,141
574096,116
574097,101
574098,43
574099,42
574100,83
574102,32
574103,83
574104,91
574107,55
574138,18
574143,44
574149,174
574150,15
574154,46
574161,5
574165,65
574169,32
574170,245
574175,6
574182,65
574194,56
574196,6
574226,12
574227,110
574228,80
574233,37
574234,15
574237,129
574239,67
574240,353
574241,2
574242,5
574245,8
574246,3
574247,73
574249,195
574250,119
574251,69
574252,27
574253,116
574255,19
574258,176
574260,69
574262,105
574265,70
574269,229
574270,11
574271,3
574272,11
574273,114
574274,4
574275,68
574276,26
574277,4
574278,65
574279,37
574280,44
574281,58
574282,12
574283,6
574284,50
574285,14
574286,14
574287,195
574289,25
574290,141
574292,101
574293,29
574294,9
574295,84
574297,121
574298,1620
574299,68
574300,50
574301,89
574302,59
574303,33
574304,265
574305,23
574306,94
574307,27
574308,230
574309,5
574310,300
574311,176
574312,125
574313,79
574314,71
574315,44
574316,41
574317,103
574319,34
574320,4
574321,110
574323,82
574324,4
574325,22
574326,114
574327,39
574328,808
574329,63
574330,13
574331,53
574332,19
574333,9
574334,27
574335,8
574336,207
574338,48
574340,104
574341,43
574342,71
574343,109
574345,56
574346,37
574348,38
574349,53
574351,120
574352,72
574353,104
574354,68
574355,17
574356,280
574363,55
574368,109
574383,17
574387,63
574393,57
574428,12
574432,17
574442,36
574444,152
574445,72
574446,3
574466,63
574467,2
574468,10
574469,2
574470,109
574471,94
574474,148
574475,110
574476,179
574477,214
574478,108
574479,85
574480,68
574481,557
574482,7
574484,116
574485,26
574490,61
574491,88
574501,253
574502,83
574506,76
574509,152
574511,75
574513,34
574514,70
574519,1
574521,95
574523,49
574528,29
574529,100
574530,137
574531,36
574532,548
574533,56
574534,65
574535,30
574536,247
574537,30
574544,448
574545,167
574546,0
574547,445
574549,8
574550,215
574555,197
574556,10
574557,33
574559,218
574560,62
574561,1381
574573,184
574574,8
574575,196
574576,8
574585,5
574586,18
574587,259
574588,7
574589,81
574590,93
574591,79
574592,38
574619,119
574624,127
574629,91
574631,17
574643,61
574653,45
574654,106
574655,80
574656,69
574657,221
574659,143
574660,308
574661,82
574662,93
574663,175
574664,43
574665,13
574666,2
574667,125
574668,4
574669,42
574670,221
574671,116
574672,306
574673,374
574674,43
574675,178
574676,121
574677,251
574678,352
574679,46
574680,106
574681,71
574682,218
574683,351
574684,215
574685,25
574686,213
574687,10
574688,8
574689,11
574690,158
574691,124
574692,64
574693,124
574694,65
574695,63
574696,128
574697,34
574698,21
574699,87
574700,621
574701,218
574702,46
574703,51
574704,170
574705,39
574706,60
574707,341
574708,1
574709,181
574710,273
574711,18
574713,40
574714,512
574715,31
574716,68
574717,39
574718,53
574719,74
574720,273
574721,279
574722,375
574723,19
574724,4
574725,98
574726,261
574727,13
574728,71
574729,4
574730,7
574731,9
574732,204
574733,216
574734,264
574735,23
574736,5
574737,122
574738,118
574739,92
574740,526
574741,398
574742,18
574743,105
574744,51
574745,59
574746,24
574747,92
574749,121
574750,73
574751,10
574752,0
574754,40
574755,24
574756,44
574777,62
574824,96
574826,283
574827,11
574829,5
574830,86
574831,43
574832,39
574833,19
574834,101
574835,71
574836,135
574837,119
574838,3
574839,258
574840,157
574841,18
574842,35
574844,42
574846,75
574852,129
574856,711
574860,6
574861,60
574862,96
574863,351
574864,225
574866,158
574867,51
574868,42
574869,65
574870,41
574871,61
574873,48
574874,43
574877,69
574878,21
574879,6
574880,77
574881,39
574882,225
574883,89
574884,4
574885,37
574887,54
574888,23
574889,9
574890,27
574891,100
574892,163
574893,121
574895,36
574896,158
574898,215
574899,51
574901,121
574903,49
574907,134
574908,9
574909,138
574910,37
574911,49
574913,18
574914,174
574915,57
574916,49
574917,21
574918,134
574919,20
574920,68
574921,72
574923,150
574933,54
574934,78
574935,22
574936,102
574937,15
574938,10
574939,18
574940,34
574941,387
574942,26
574943,35
574944,29
574945,68
574947,49
574948,45
574949,57
574950,1691
574951,121
574952,49
574953,50
574956,129
574958,56
574959,202
574960,94
574961,35
574962,157
574963,69
574964,31
574965,187
574966,33
574967,314
574994,66
575003,80
575007,169
575017,91
575027,4
575034,170
575036,79
575037,80
575038,0
575039,180
575040,149
575041,77
575043,4
575045,29
575046,57
575049,131
575050,19
575051,155
575053,8
575054,81
575057,4
575059,192
575060,162
575061,12
575062,51
575063,287
575066,55
575067,95
575068,48
575069,45
575070,496
575071,14
575072,15
575073,354
575074,132
575075,94
575076,104
575077,37
575078,52
575080,22
575083,57
575084,6
575085,56
575086,185
575087,287
575088,23
575089,84
575090,26
575091,167
575117,439
575125,12
575127,70
575128,128
575129,69
575130,16
575131,28
575132,50
575133,28
575134,16
575135,45
575136,96
575137,124
575138,865
575139,69
575140,50
575141,146
575143,55
575144,91
575145,53
575146,93
575147,14
575148,88
575149,23
575151,49
575152,185
575154,44
575162,4
575163,7
575164,95
575165,17
575166,25
575167,87
575168,33
575169,69
575170,12
575176,2122
575177,1645
575178,12
575179,88
575180,4
575181,42
575182,11
575183,86
575184,26
575185,41
575186,72
575187,32
575188,54
575189,8
575190,25
575191,15
575192,15
575193,142
575194,72
575195,49
575196,3
575197,7
575198,14
575199,112
575200,2
575201,8
575202,79
575203,2
575204,23
575205,2
575206,117
575207,59
575208,5
575209,18
575210,60
575211,169
575212,61
575213,7
575214,89
575215,47
575216,106
575217,39
575218,53
575219,225
575220,42
575221,161
575222,135
575255,27
575256,27
575258,68
575269,153
575291,8
575296,4
575297,22
575298,285
575299,32
575300,46
575301,9
575302,20
575303,133
575304,16
575305,25
575312,51
575317,15
575318,90
575319,17
575320,69
575321,59
575322,21
575323,106
575324,111
575325,142
575326,69
575328,25
575329,102
575330,58
575331,221
575332,2
575333,86
575334,99
575335,22
575336,136
575337,246
575338,1
575339,104
575340,173
575342,50
575352,21
575356,12
575360,22
575366,120
575367,128
575368,205
575369,105
575370,26
575371,47
575383,52
575384,93
575387,31
575388,12
575389,23
575390,19
575391,18
575392,60
575410,55
575415,4
575418,4
575433,0
575475,76
575476,33
575477,2076
575480,31
575481,370
575482,153
575483,37
575484,127
575485,52
575486,84
575487,114
575490,137
575491,700
575492,29
575493,71
575494,13
575495,56
575496,12
575497,6
575498,4
575499,71
575500,106
575501,48
575502,87
575504,119
575507,129
575508,251
575509,28
575510,42
575512,266
575514,72
575515,34
575516,457
575517,117
575519,49
575520,52
575525,2
575563,54
575574,102
575576,91
575579,2
575581,16
575582,0
575583,284
575584,38
575586,41
575587,204
575589,107
575591,32
575593,42
575595,27
575601,104
575602,613
575603,102
575604,29
575605,69
575607,1512
575609,64
575610,129
575611,48
575612,233
575618,32
575619,23
575620,54
575621,61
575622,102
575623,82
575624,58
575627,83
575628,94
575629,65
575631,153
575632,4
575633,26
575634,69
575636,4
575637,223
575639,33
575640,118
575642,56
575643,63
575647,198
575649,141
575652,29
575654,50
575655,57
575656,196
575657,19
575658,2
575659,31
575660,39
575661,146
575668,213
575671,72
575673,42
575674,37
575675,7
575676,39
575677,17
575678,112
575680,163
575681,204
575682,54
575683,68
575684,26
575685,34
575686,51
575687,190
575688,33
575689,33
575690,59
575691,35
575692,189
575693,56
575694,177
575695,38
575696,5
575697,27
575698,105
575700,63
575701,110
575702,22
575703,61
575705,97
575706,216
575707,92
575708,30
575709,8
575710,81
575711,9
575712,9
575713,53
575718,123
575723,51
575724,32
575725,120
575726,322
575727,17
575728,185
575729,96
575730,133
575731,140
575732,38
575733,57
575734,57
575735,65
575736,49
575737,31
575738,48
575739,1916
575740,114
575741,27
575742,58
575743,28
575744,48
575745,37
575747,105
575748,316
575750,31
575751,219
575753,290
575754,66
575755,92
575756,129
575757,77
575759,69
575760,275
575764,10
575765,48
575766,108
575767,202
575787,106
575828,52
575830,3
575837,169
575838,87
575840,260
575842,85
575843,123
575844,61
575845,44
575846,304
575847,32
575848,242
575849,57
575850,27
575851,281
575852,121
575853,21
575854,245
575855,128
575856,296
575866,11
575867,365
575868,178
575869,5
575870,59
575871,77
575873,12
575874,44
575875,2028
575876,7
575877,58
575878,5
575880,138
575881,3
575882,4
575884,89
575885,59
575886,280
575887,24
575888,3
575889,70
575890,33
575891,44
575892,86
575893,51
575894,10
575895,258
575896,169
575897,30
575898,117
575899,64
575900,26
575901,3
575902,158
575903,68
575904,110
575905,124
575906,48
575908,82
575910,6
575911,45
575914,76
575915,49
575916,7
575917,143
575918,227
575919,318
575920,5
575922,51
575923,133
575924,32
575925,11
575928,3
575929,73
575930,1975
575931,123
575932,197
575933,28
575934,11
575935,64
575936,93
575937,82
575938,115
575939,59
575941,90
575942,87
575943,195
575944,135
575945,11
575946,4
575947,777
575948,14
575949,30
575950,89
575951,37
575952,245
575954,154
575955,103
575956,79
575957,130
575958,23
575959,315
575960,147
575961,50
575964,201
575965,120
575966,18
575967,3
575968,13
575969,105
575970,79
575971,36
575972,387
575973,238
575974,5
575975,171
575976,68
575977,82
575978,23
575979,37
575981,96
575982,92
575983,140
575984,26
575985,296
575986,62
575987,9
575988,15
575989,222
576014,204
576019,154
576025,83
576045,119
576050,1
576051,277
576052,261
576053,253
576054,226
576055,75
576056,70
576057,164
576058,32
576059,171
576060,54
576061,65
576062,404
576063,50
576064,58
576065,178
576066,225
576067,61
576068,63
576069,111
576070,242
576071,340
576073,81
576074,38
576075,354
576076,496
576077,112
576078,406
576079,101
576080,12
576081,90
576082,58
576083,48
576084,4
576085,46
576086,31
576087,143
576088,39
576089,55
576090,30
576091,79
576092,65
576093,95
576094,44
576095,88
576096,11
576097,28
576098,100
576099,107
576111,7
576112,79
576121,111
576137,46
576141,109
576147,144
576148,40
576172,53
576175,29
576176,215
576179,66
576180,26
576181,126
576182,37
576184,17
576186,34
576187,75
576188,13
576189,349
576190,75
576191,100
576196,46
576198,19
576200,116
576201,97
576202,38
576212,235
576213,295
576214,63
576215,58
576217,153
576219,69
576220,13
576221,2
576222,92
576224,32
576225,0
576228,247
576234,4
576236,297
576237,4
576238,6
576239,34
576245,94
576246,237
576249,259
576251,64
576252,184
576253,7
576254,68
576255,322
576256,70
576257,3
576259,73
576269,84
576274,188
576275,29
576300,187
576301,57
576303,202
576317,38
576318,60
576321,213
576322,56
576323,141
576326,298
576327,39
576328,51
576329,2032
576339,2167
576345,148
576346,24
576347,10
576349,34
576351,86
576352,21
576353,68
576354,21
576355,144
576356,21
576357,80
576358,6
576359,23
576361,0
576362,102
576364,315
576365,400
576370,55
576371,66
576372,73
576373,33
576374,65
576376,42
576377,13
576378,67
576379,66
576380,38
576381,113
576382,15
576383,53
576384,31
576385,3
576386,9
576387,24
576388,81
576389,4
576390,24
576391,251
576392,20
576394,98
576395,8
576396,23
576398,44
576399,119
576400,68
576403,26
576405,100
576406,75
576412,62
576447,80
576463,328
576503,76
576508,265
576510,11
576511,50
576512,6
576513,82
576514,24
576516,46
576518,103
576519,29
576520,106
576521,66
576538,169
576539,8
576540,82
576543,38
576553,67
576554,84
576555,58
576556,72
576557,39
576558,20
576559,137
576560,248
576562,2
576563,85
576564,62
576567,50
576568,53
576570,93
576571,20
576572,6
576573,38
576574,49
576575,78
576577,25
576581,107
576586,2
576587,80
576588,11
576589,117
576590,239
576591,5
576592,378
576593,514
576595,32
576596,23
576597,179
576598,45
576599,211
576600,162
576601,20
576602,45
576603,128
576604,61
576605,59
576606,11
576607,159
576608,13
576609,132
576610,18
576611,157
576612,3
576613,16
576614,221
576615,294
576616,21
576617,2366
576618,2168
576622,20
576623,36
576624,70
576625,30
576626,332
576627,26
576628,67
576629,70
576630,33
576631,9
576633,37
576634,7
576635,3
576636,6
576637,12
576638,58
576639,61
576640,6
576641,19
576642,40
576644,926
576645,172
576646,73
576648,61
576649,56
576650,377
576651,99
576652,48
576653,92
576654,94
576655,102
576656,12
576657,105
576658,73
576659,6
576660,37
576661,50
576663,28
576664,11
576665,538
576666,4
576667,85
576668,8
576669,7
576671,13
576672,99
576676,41
576677,109
576684,97
576686,354
576687,166
576688,358
576689,139
576690,182
576691,5
576692,39
576693,13
576694,74
576695,219
576696,304
576704,81
576734,34
576736,13
576758,40
576768,30
576769,22
576770,47
576771,214
576772,14
576774,41
576775,6
576778,139
576779,424
576780,67
576781,40
576782,6
576783,91
576784,189
576786,27
576787,127
576789,18
576790,7
576791,10
576792,50
576809,62
576824,26
576826,7
576827,8
576828,66
576829,12
576830,119
576832,37
576833,74
576834,63
576836,60
576837,2291
576838,74
576840,2138
576841,89
576842,56
576844,123
576845,40
576846,116
576847,38
576848,131
576849,16
576851,171
576852,146
576853,9
576854,11
576855,114
576857,320
576859,73
576860,320
576861,74
576862,34
576863,49
576864,200
576865,99
576867,60
576869,19
576872,46
576873,78
576874,45
576875,24
576876,154
576877,3
576878,21
576879,86
576880,75
576881,62
576888,53
576889,147
576890,94
576891,33
576892,20
576893,38
576894,64
576895,11
576896,12
576897,47
576899,111
576900,39
576901,41
576902,4
576904,39
576905,79
576906,131
576907,32
576909,105
576910,164
576911,250
576912,31
576913,11
576914,29
576915,11
576916,44
576917,43
576920,93
576922,4
576923,120
576924,87
576926,65
576927,307
576928,30
576929,28
576930,34
576931,77
576932,211
576933,293
576941,65
576948,68
576958,8
576971,63
576984,34
576995,26
577000,8
577008,128
577009,158
577010,283
577011,1
577016,158
577018,4
577019,30
577020,63
577021,9
577022,147
577023,82
577024,156
577025,73
577026,46
577027,19
577028,27
577029,213
577030,30
577031,51
577032,14
577033,201
577034,257
577035,27
577036,44
577038,251
577039,167
577041,6
577043,21
577044,4
577045,7
577046,217
577047,11
577048,18
577049,186
577050,152
577051,253
577052,198
577053,84
577054,12
577055,26
577056,88
577057,521
577058,383
577059,48
577060,18
577061,161
577062,40
577063,34
577064,17
577065,42
577067,16
577068,4
577069,12
577071,201
577072,9
577074,53
577076,153
577077,254
577078,2216
577079,10
577080,69
577082,127
577083,28
577084,26
577085,44
577086,57
577087,10
577088,9
577089,51
577090,65
577091,24
577092,100
577093,74
577094,92
577095,124
577097,14
577098,20
577099,50
577100,5
577101,35
577103,18
577104,42
577105,40
577106,477
577107,147
577108,123
577109,99
577110,24
577121,127
577125,19
577126,234
577127,62
577128,119
577129,4
577130,3
577132,10
577133,16
577134,9
577135,18
577136,7
577137,2
577138,0
577139,11
577140,11
577141,98
577142,60
577143,39
577146,15
577148,31
577150,332
577152,106
577155,57
577156,142
577157,156
577158,77
577160,62
577161,69
577162,22
577165,52
577166,3
577167,216
577168,8
577169,32
577170,25
577171,171
577172,61
577173,74
577174,348
577175,55
577176,56
577177,2
577178,39
577179,6
577180,51
577181,49
577182,69
577202,11
577209,6
577217,119
577218,44
577228,381
577230,176
577231,7
577235,58
577252,254
577256,57
577258,246
577286,124
577289,6
577295,28
577296,179
577297,369
577298,69
577299,29
577300,135
577301,7
577302,123
577303,143
577308,60
577309,125
577310,21
577311,81
577312,164
577313,20
577314,120
577315,180
577316,201
577317,162
577318,104
577319,246
577320,127
577321,36
577322,3
577324,92
577325,11
577326,4
577328,14
577329,60
577331,170
577332,48
577333,68
577334,12
577335,23
577336,62
577337,140
577338,34
577341,191
577344,43
577347,29
577352,25
577355,179
577356,17
577357,53
577358,2231
577359,255
577361,5
577365,42
577382,14
577387,2
577393,73
577396,39
577400,114
577401,5
577402,32
577403,98
577404,68
577405,37
577406,52
577407,42
577408,39
577409,67
577410,130
577411,226
577429,70
577438,190
577440,11
577443,11
577469,260
577472,141
577473,267
577474,29
577475,139
577476,88
577477,41
577478,45
577479,169
577480,232
577482,119
577483,336
577484,93
577485,543
577487,28
577488,34
577489,84
577490,167
577491,15
577492,30
577493,169
577494,4
577495,244
577496,6
577497,221
577498,72
577499,35
577500,234
577501,65
577502,98
577503,133
577504,703
577505,122
577506,351
577507,189
577508,124
577510,0
577511,171
577512,46
577514,47
577515,27
577516,126
577517,216
577518,30
577519,238
577520,127
577521,96
577522,111
577523,42
577524,183
577525,25
577526,117
577527,88
577528,26
577529,3
577530,74
577531,779
577532,155
577533,95
577534,29
577535,308
577536,168
577537,49
577538,25
577539,108
577540,95
577541,84
577542,104
577543,91
577544,272
577545,207
577546,4
577548,20
577549,329
577550,78
577551,50
577552,33
577553,4
577554,134
577555,10
577556,16
577557,353
577572,52
577579,26
577594,86
577595,155
577596,6
577597,73
577598,92
577599,37
577600,47
577601,151
577602,61
577603,62
577604,10
577605,27
577606,84
577607,0
577609,310
577610,69
577613,190
577615,127
577616,57
577617,29
577618,48
577633,194
577646,50
577669,28
577680,30
577687,73
577689,82
577690,166
577691,76
577694,55
577695,199
577696,208
577697,46
577698,145
577699,82
577700,167
577701,79
577711,145
577716,52
577718,9
577719,34
577720,35
577721,57
577723,321
577724,22
577725,14
577726,18
577727,22
577728,141
577729,126
577730,70
577732,46
577733,69
577734,19
577735,38
577736,97
577738,7
577739,13
577740,231
577741,101
577742,250
577743,65
577744,48
577745,73
577746,99
577747,58
577748,195
577749,148
577751,152
577754,121
577755,52
577756,64
577757,38
577768,2076
577769,82
577770,64
577771,3
577772,88
577773,339
577774,212
577776,12
577777,17
577778,208
577780,5
577782,288
577783,125
577784,30
577785,200
577790,45
577791,268
577792,9
577793,39
577794,235
577795,100
577796,48
577797,7
577798,71
577800,144
577801,38
577802,3
577803,40
577804,126
577805,24
577806,23
577807,65
577808,18
577809,51
577810,2
577811,51
577812,66
577813,129
577814,32
577816,106
577818,41
577820,26
577822,40
577823,8
577824,48
577825,46
577826,51
577827,40
577830,24
577831,68
577833,33
577834,89
577835,46
577837,12
577838,62
577840,7
577841,26
577842,32
577843,2
577844,303
577845,88
577848,5
577850,280
577851,50
577852,2
577853,40
577854,21
577855,399
577856,44
577857,25
577858,10
577859,75
577860,42
577861,89
577869,137
577880,41
577893,147
577897,4
577905,25
577906,4
577919,62
577938,148
577950,45
577951,153
577973,24
577980,71
577985,34
578004,65
578005,56
578006,89
578008,116
578009,80
578010,0
578011,75
578012,5
578013,127
578014,4
578015,37
578016,282
578017,193
578018,122
578019,159
578020,135
578021,46
578022,263
578023,4
578024,151
578025,65
578026,130
578027,170
578028,79
578029,117
578030,84
578031,72
578032,170
578033,94
578034,15
578035,20
578036,281
578037,22
578038,29
578040,99
578041,535
578042,6
578043,88
578044,106
578045,173
578053,81
578054,30
578055,53
578056,42
578057,122
578058,33
578059,34
578060,13
578063,61
578064,3
578065,1951
578066,39
578067,1968
578068,462
578069,67
578070,7
578071,19
578072,271
578074,439
578075,88
578078,48
578079,85
578080,62
578081,53
578082,65
578084,64
578085,56
578086,73
578087,48
578088,383
578089,16
578091,15
578092,69
578093,79
578094,82
578096,7
578098,89
578099,85
578100,67
578101,12
578102,54
578103,46
578104,57
578105,26
578106,33
578107,20
578108,61
578109,90
578111,18
578112,7
578113,21
578114,48
578115,33
578116,19
578117,63
578118,125
578119,12
578120,88
578121,94
578123,3
578125,173
578126,11
578127,23
578128,20
578129,39
578130,19
578133,41
578140,168
578141,7
578143,48
578146,180
578147,187
578149,1109
578150,4
578151,83
578152,6
578153,208
578154,2
578155,198
578171,58
578174,40
578187,116
578192,4
578196,3
578211,219
578220,24
578225,198
578229,70
578230,9
578231,76
578232,6
578233,858
578234,74
578243,138
578244,153
578246,20
578247,49
578248,141
578249,5
578250,185
578251,315
578252,17
578253,13
578254,20
578255,358
578256,1
578258,263
578260,64
578261,37
578262,356
578263,63
578264,131
578265,86
578266,136
578267,5
578268,5
578270,1770
578271,12
578272,49
578273,74
578275,110
578277,98
578278,172
578279,35
578281,62
578283,29
578284,24
578285,111
578286,3
578287,8
578288,21
578289,462
578290,169
578291,12
578292,309
578293,139
578294,21
578295,22
578296,1
578297,27
578298,77
578299,43
578300,7
578301,63
578302,129
578303,43
578304,18
578305,534
578306,40
578307,224
578308,51
578309,53
578310,89
578311,4
578312,35
578313,33
578314,29
578315,74
578316,79
578317,151
578318,27
578319,17
578321,20
578322,43
578323,86
578324,104
578325,89
578326,75
578330,7
578331,37
578332,32
578333,41
578334,22
578335,98
578339,38
578341,7
578343,9
578344,2481
578345,12
578346,12
578347,2383
578348,31
578349,97
578350,62
578351,4
578352,22
578353,24
578354,82
578356,8
578357,91
578358,45
578359,17
578361,32
578362,89
578364,51
578365,45
578366,70
578369,58
578370,119
578372,11
578373,83
578375,18
578384,28
578400,208
578420,59
578425,3
578427,27
578429,210
578433,33
578441,6
578445,117
578451,2
578459,27
578461,37
578463,64
578468,66
578469,46
578470,58
578472,229
578479,119
578480,40
578485,126
578488,214
578506,219
578508,174
578509,47
578510,253
578511,116
578512,19
578513,241
578514,14
578515,130
578516,137
578517,84
578518,90
578519,264
578520,93
578521,126
578522,244
578523,56
578526,48
578530,33
578531,255
578532,79
578533,81
578534,129
578535,13
578539,148
578541,458
578544,54
578547,61
578548,156
578550,14
578551,265
578620,221
578621,28
578622,5
578623,33
578626,80
578627,26
578630,16
578631,32
578633,78
578634,23
578653,111
578661,53
578662,102
578663,22
578664,181
578665,49
578666,289
578667,121
578668,6
578670,5
578671,2
578672,8
578674,3
578675,154
578676,90
578677,96
578678,346
578679,46
578680,38
578681,57
578682,96
578683,16
578684,10
578685,23
578686,81
578687,102
578688,143
578689,7
578690,34
578694,8
578695,9
578696,117
578697,108
578698,137
578699,29
578701,106
578702,211
578703,189
578704,4
578705,73
578707,262
578708,5
578719,140
578736,52
578745,4
578746,298
578757,374
578781,392
578782,4
578783,184
578785,10
578786,87
578787,49
578788,3
578789,52
578790,128
578791,56
578792,22
578793,33
578794,80
578795,43
578802,13
578804,33
578805,74
578806,104
578807,20
578808,178
578809,122
578810,29
578811,211
578812,77
578813,10
578814,298
578815,87
578816,17
578817,267
578818,126
578819,37
578820,11
578821,13
578822,53
578823,2
578824,205
578825,43
578826,72
578827,2136
578828,9
578829,78
578830,38
578831,8
578833,938
578834,128
578835,23
578836,81
578842,42
578843,146
578844,2156
578845,5
578846,195
578847,6
578848,7
578849,72
578850,131
578851,92
578852,421
578853,45
578854,39
578855,36
578856,148
578857,5
578858,306
578901,193
578914,60
578921,493
578922,117
578923,83
578924,70
578925,161
578926,280
578927,190
578928,251
578929,94
578931,185
578933,34
578934,133
578935,257
578936,269
578937,101
578938,5
578939,60
578940,282
578941,268
578942,423
578943,119
578944,302
578945,88
578946,212
578947,192
578948,24
578949,274
578950,196
578951,28
578952,51
578953,138
578954,190
578977,205
578992,73
578993,196
578994,86
578995,379
578996,96
578997,60
578998,292
578999,185
579000,12
579001,397
579002,374
579003,44
579005,10
579006,2
579007,7
579008,19
579009,5
579010,20
579011,35
579012,103
579013,31
579014,25
579015,2
579016,32
579017,7
579027,38
579037,64
579039,33
579062,60
579067,37
579069,255
579087,61
579089,133
579091,178
579093,243
579094,155
579095,41
579096,38
579097,37
579098,200
579099,116
579100,107
579101,84
579102,177
579103,184
579106,109
579107,7
579108,3
579109,6
579116,112
579121,8
579122,29
579123,10
579124,330
579125,120
579126,16
579128,22
579129,36
579130,11
579131,100
579132,172
579133,62
579134,106
579135,167
579136,57
579137,0
579138,52
579139,4
579141,254
579142,155
579143,74
579144,68
579145,160
579146,113
579147,178
579148,41
579149,80
579150,39
579151,7
579152,123
579153,50
579154,142
579155,76
579156,43
579157,68
579158,65
579159,28
579160,11
579161,291
579162,127
579163,21
579164,13
579165,69
579166,77
579167,625
579168,181
579170,130
579171,90
579173,45
579174,51
579175,105
579176,41
579177,36
579179,17
579180,12
579181,6
579182,42
579183,6
579184,37
579185,5
579187,2106
579188,142
579189,5
579190,37
579191,2
579193,37
579194,41
579196,2072
579245,4
579249,10
579250,49
579251,15
579252,4
579253,5
579254,78
579255,61
579256,50
579257,13
579258,97
579259,59
579260,25
579261,74
579262,9
579263,7
579264,15
579265,2
579267,138
579268,67
579269,24
579270,50
579271,51
579273,73
579274,83
579276,16
579278,26
579279,44
579280,30
579281,20
579282,25
579283,180
579284,88
579285,36
579286,174
579287,31
579288,25
579289,10
579291,244
579293,185
579297,938
579300,45
579301,366
579307,56
579328,39
579332,26
579339,14
579345,90
579350,60
579352,42
579358,42
579361,20
579364,17
579365,2
579387,128
579391,52
579393,127
579399,430
579400,24
579401,69
579402,17
579403,22
579404,50
579405,6
579406,21
579407,28
579408,376
579409,7
579410,5
579411,98
579412,101
579413,180
579414,209
579416,37
579419,24
579427,88
579430,157
579432,84
579433,72
579434,65
579435,9
579436,8
579437,11
579439,30
579440,72
579441,19
579442,65
579443,53
579444,86
579445,13
579446,117
579447,93
579448,6
579449,8
579450,1
579451,2
579452,7
579453,30
579454,27
579455,77
579456,297
579457,24
579458,367
579459,16
579461,119
579462,52
579463,2
579464,44
579465,145
579466,8
579467,56
579468,140
579469,2
579470,758
579471,641
579472,448
579473,103
579489,39
579491,192
579492,45
579493,69
579494,5
579495,29
579497,111
579498,2
579499,112
579501,96
579503,103
579505,23
579506,37
579507,64
579508,2327
579509,35
579510,101
579511,4
579512,2018
579513,17
579514,55
579515,92
579516,573
579517,27
579518,47
579520,184
579522,76
579523,28
579524,71
579525,95
579526,10
579527,82
579528,15
579529,105
579530,65
579531,43
579533,60
579534,5
579535,57
579536,223
579537,19
579538,53
579539,66
579540,83
579541,171
579542,18
579543,4
579544,58
579545,67
579546,52
579548,43
579549,40
579550,127
579551,31
579552,69
579553,118
579555,419
579556,67
579557,217
579558,113
579559,214
579560,116
579561,79
579571,121
579572,41
579600,76
579605,99
579612,6
579619,22
579623,59
579629,118
579634,44
579666,70
579667,48
579668,83
579669,45
579670,31
579671,36
579672,134
579673,154
579674,45
579675,45
579676,43
579677,28
579678,27
579679,62
579684,9
579685,61
579686,6
579687,7
579689,141
579690,157
579692,246
579693,33
579694,694
579708,85
579711,233
579712,48
579725,2
579740,64
579741,278
579744,194
579747,56
579749,147
579750,116
579751,262
579754,172
579759,14
579768,34
579777,2785
579779,21
579784,22
579786,10
579787,572
579788,7
579789,26
579790,3
579792,255
579807,49
579832,80
579834,41
579837,40
579840,38
579843,102
579846,85
579848,44
579854,58
579865,22
579867,112
579868,92
579870,53
579872,78
579881,111
579885,587
579899,61
579900,77
579901,43
579909,56
579910,66
579916,6
579917,3
579920,19
579921,28
579922,21
579927,106
579936,8
579937,19
579938,305
579939,9
579940,91
579941,111
579942,86
579943,90
579946,137
579947,2
579949,52
579954,63
579962,29
579980,115
579986,60
579990,44
579991,108
580005,82
580021,41
580022,17
580023,25
580024,108
580025,202
580026,5
580027,265
580028,54
580029,25
580030,82
580031,10
580032,84
580033,26
580043,115
580044,89
580045,15
580046,38
580047,100
580048,175
580049,54
580050,76
580051,53
580052,5
580053,36
580054,282
580055,59
580057,37
580058,84
580059,81
580060,14
580061,39
580062,160
580063,21
580064,83
580065,39
580066,74
580067,11
580068,3
580069,20
580070,44
580071,60
580073,62
580074,15
580075,61
580076,29
580077,77
580088,24
580089,70
580090,30
580091,45
580092,236
580093,6
580094,103
580095,18
580096,65
580097,39
580098,44
580100,18
580101,83
580102,24
580103,167
580104,18
580105,61
580106,52
580107,87
580108,37
580109,27
580110,12
580111,49
580112,24
580113,71
580114,47
580115,2578
580116,65
580117,34
580118,55
580119,169
580120,39
580123,19
580124,50
580125,31
580126,94
580127,67
580128,155
580129,162
580130,30
580132,25
580133,147
580134,51
580135,76
580136,500
580137,273
580138,10
580139,10
580140,183
580141,5
580142,15
580143,45
580144,13
580146,279
580147,56
580148,285
580149,5
580150,4
580151,41
580152,108
580153,183
580154,17
580155,22
580156,66
580157,21
580158,36
580159,4
580160,234
580162,192
580163,68
580164,92
580166,13
580167,54
580169,0
580170,2
580172,0
580173,17
580175,4
580176,20
580177,4
580178,61
580188,304
580189,2
580193,82
580208,37
580213,23
580214,7
580221,50
580235,2
580243,2
580256,176
580257,2
580258,28
580259,28
580260,186
580261,8
580262,75
580264,3
580265,15
580272,380
580276,207
580277,24
580278,129
580279,243
580280,39
580281,15
580282,47
580283,91
580284,80
580285,10
580286,43
580287,79
580288,43
580289,136
580290,125
580291,171
580292,18
580293,85
580294,76
580295,125
580296,180
580297,38
580298,124
580299,63
580300,4
580301,43
580302,2
580303,7
580304,181
580305,347
580306,99
580307,59
580308,66
580309,52
580310,8
580311,230
580314,30
580315,5
580316,82
580317,103
580318,124
580319,58
580320,71
580321,10
580322,42
580331,4
580351,20
580355,27
580356,6
580357,96
580358,170
580360,121
580361,5
580362,48
580363,2
580364,57
580366,164
580367,2635
580368,2
580369,47
580370,14
580371,0
580372,36
580373,62
580374,73
580375,28
580384,48
580385,86
580386,41
580387,21
580388,30
580389,71
580393,84
580394,29
580395,73
580396,182
580397,146
580398,17
580399,453
580400,73
580401,47
580402,116
580403,163
580404,67
580405,65
580419,64
580431,24
580432,62
580434,81
580436,12
580438,18
580441,49
580460,34
580468,131
580469,335
580482,290
580490,37
580500,192
580501,305
580502,333
580503,61
580504,275
580505,155
580506,34
580508,64
580509,84
580511,115
580512,73
580513,464
580514,94
580515,39
580516,268
580517,80
580518,41
580519,252
580520,459
580521,7
580523,234
580524,37
580525,15
580526,146
580527,450
580528,125
580529,63
580530,25
580531,10
580532,20
580533,8
580534,25
580535,18
580536,103
580537,52
580538,32
580539,95
580540,63
580541,215
580542,11
580543,84
580544,80
580545,40
580548,19
580550,128
580552,19
580553,71
580554,9
580555,53
580556,9
580557,17
580558,19
580559,29
580595,93
580596,55
580598,38
580599,67
580600,124
580601,6
580602,23
580603,88
580606,6
580607,29
580608,30
580610,1035
580611,333
580612,966
580613,223
580614,11
580615,324
580619,111
580622,32
580630,56
580631,26
580632,515
580633,116
580634,30
580635,309
580636,157
580637,169
580638,24
580639,257
580640,350
580642,7
580643,57
580644,147
580645,12
580646,9
580647,278
580648,51
580650,111
580651,24
580652,115
580653,78
580654,151
580655,13
580656,26
580657,77
580658,24
580659,81
580660,138
580661,71
580662,27
580663,6
580664,113
580665,109
580666,3
580667,117
580668,17
580669,161
580670,43
580671,69
580672,310
580673,266
580674,12
580675,171
580676,76
580677,432
580678,185
580679,46
580680,56
580681,21
580682,64
580683,11
580684,46
580685,73
580687,57
580688,46
580689,81
580690,27
580691,205
580692,67
580693,43
580694,83
580695,460
580696,76
580697,117
580699,12
580700,30
580704,4
580705,147
580706,3
580709,12
580712,67
580713,25
580715,6
580716,34
580717,32
580718,7
580719,29
580720,301
580721,86
580722,12
580723,128
580724,4
580725,77
580727,2141
580728,33
580729,2924
580730,2710
580731,185
580732,16
580733,50
580734,72
580735,134
580736,86
580737,92
580738,20
580739,6
580742,16
580744,66
580745,7
580746,25
580748,16
580750,154
580752,145
580753,89
580754,275
580755,9
580756,18
580757,105
580758,6
580759,203
580760,36
580763,4
580765,3
580771,146
580772,14
580774,19
580775,5
580776,101
580777,44
580778,34
580808,100
580816,147
580819,141
580820,10
580822,92
580830,29
580831,231
580833,163
580848,117
580852,41
580865,289
580872,198
580873,54
580874,68
580875,191
580876,251
580877,126
580878,58
580879,136
580880,163
580881,15
580882,14
580883,65
580884,382
580885,2
580887,90
580888,2
580889,40
580890,13
580891,55
580892,17
580893,157
580894,19
580901,68
580902,20
580903,243
580904,119
580905,24
580906,16
580907,149
580908,199
580909,46
580910,26
580911,68
580914,136
580915,39
580916,24
580937,80
580939,83
580955,54
580956,755
580958,160
580959,62
580960,134
580961,17
580962,8
580963,52
580964,72
580965,75
580967,20
580969,33
580972,112
580973,46
580974,96
580975,4
580976,3
580977,20
580978,38
580979,109
580980,90
580981,130
580982,210
580983,2524
580984,11
580985,67
580986,76
580987,3
580988,42
580992,30
580993,23
580996,115
580997,275
580998,66
580999,195
581000,72
581001,62
581002,49
581003,239
581004,34
581005,26
581006,227
581007,5
581008,6
581010,54
581011,27
581013,39
581014,17
581015,161
581016,47
581017,40
581018,30
581019,59
581020,135
581021,110
581022,27
581023,811
581027,79
581034,78
581057,64
581058,14
581059,59
581064,60
581068,14
581074,55
581095,61
581096,37
581097,6
581098,199
581099,38
581101,82
581104,75
581105,31
581107,1
581108,28
581110,1
581112,53
581113,52
581114,134
581115,0
581116,73
581118,49
581119,13
581120,29
581122,131
581123,63
581125,271
581126,99
581127,0
581129,141
581130,35
581131,90
581132,53
581133,181
581134,153
581135,25
581136,3
581137,60
581138,22
581139,16
581140,15
581141,90
581142,136
581143,12
581144,62
581146,461
581147,169
581149,268
581150,31
581163,22
581164,195
581165,110
581166,250
581167,51
581168,40
581169,32
581170,44
581171,77
581172,28
581173,180
581174,63
581175,294
581176,26
581177,6
581179,141
581180,52
581181,83
581182,69
581183,36
581184,21
581185,16
581186,37
581187,56
581188,179
581191,251
581192,113
581193,211
581194,71
581195,4
581196,64
581197,26
581214,43
581215,28
581216,91
581217,2674
581218,119
581219,3051
581220,128
581221,26
581222,10
581223,24
581224,44
581225,84
581227,8
581230,135
581231,4
581232,25
581233,49
581236,42
581237,163
581238,790
581241,86
581246,127
581251,45
581252,40
581253,60
581256,228
581266,216
581279,10
581281,51
581285,46
581291,42
581310,265
581324,31
581325,81
581327,42
581333,21
581334,538
581335,47
581336,57
581338,3
581345,48
581352,160
581356,29
581357,56
581358,23
581361,26
581375,41
581376,219
581377,68
581378,96
581379,50
581380,19
581381,92
581382,75
581383,69
581385,7
581394,3
581395,76
581396,10
581397,27
581398,35
581399,44
581400,222
581401,97
581402,146
581403,78
581404,249
581405,707
581407,198
581410,109
581411,28
581412,447
581413,63
581414,239
581415,35
581416,35
581417,21
581418,54
581419,103
581420,129
581421,40
581423,23
581424,49
581425,321
581426,92
581427,67
581428,8
581429,44
581430,14
581431,38
581432,10
581433,305
581434,29
581435,2
581436,69
581437,71
581438,49
581439,2554
581442,34
581443,61
581445,62
581448,40
581449,73
581450,103
581451,105
581452,64
581453,62
581454,35
581455,47
581456,124
581457,46
581458,2
581459,2
581461,16
581467,205
581469,134
581471,105
581472,71
581473,147
581474,103
581475,73
581476,241
581477,44
581478,70
581479,5
581480,28
581481,68
581482,22
581483,6
581485,12
581486,58
581487,2
581488,9
581489,8
581491,4
581492,2893
581493,74
581494,67
581495,64
581496,122
581497,244
581498,818
581500,11
581501,79
581502,72
581514,103
581516,72
581538,263
581566,6
581567,45
581570,40
581571,86
581572,15
581574,46
581578,145
581579,111
581580,107
581581,15
581582,7
581583,4
581584,3
581585,86
581586,20
581587,69
560590,98
560591,2
560592,1
560595,19
560596,15
560597,4
560598,67
560599,2
560601,273
560602,87
560603,89
560604,15
560605,17
560606,77
560607,10
560634,58
560635,178
560640,17
560641,6
560642,41
560644,149
560646,22
560648,22
560650,353
560651,4
560658,4
560686,61
560688,68
560689,78
560690,112
560691,137
560692,130
560693,21
560694,94
560695,20
560696,116
560697,41
560698,69
560700,124
560701,83
560710,40
560711,223
560712,136
560713,37
560714,45
560715,34
560716,300
560718,107
560720,2
560721,8
560723,306
560724,124
560725,22
560726,143
560727,86
560728,78
560729,208
560731,46
560732,231
560734,2
560736,56
560742,70
560754,46
560755,8
560772,1776
560773,1311
560775,5
560776,113
560777,136
560778,145
560779,184
560780,230
560781,31
560782,106
560783,114
560790,33
560791,25
560792,35
560805,15
560807,105
560820,44
560821,7
560824,109
560826,31
560827,67
560828,293
560829,71
560833,127
560834,31
560839,49
560841,403
560843,8
560844,13
560845,97
560853,139
560854,61
560856,129
560858,7
560859,32
560861,118
560862,146
560863,100
560864,100
560865,5
560868,88
560870,73
560871,8
560872,74
560873,29
560875,92
560876,131
560878,166
560879,18
560881,33
560882,69
560883,55
560884,29
560885,53
560886,5
560887,12
560888,72
560891,86
560892,125
560893,63
560894,73
560895,168
560896,72
560897,6
560900,9
560901,116
560906,41
560908,20
560911,36
560913,2
560914,58
560915,65
560916,42
560917,3
560918,153
560919,1
560920,50
560921,78
560922,50
560924,17
560925,45
560926,1709
560927,83
560928,89
560929,10
560930,96
560931,22
560934,67
560937,228
560938,214
560942,124
560972,64
560974,107
560975,38
560976,25
560977,55
560978,82
560979,78
560980,8
560988,18
560989,155
560991,184
560992,35
560993,26
560994,9
560995,10
560996,376
560997,156
560998,54
560999,94
561000,5
561001,26
561002,2
561003,7
561004,28
561005,78
561006,82
561007,114
561008,55
561009,53
561010,45
561020,146
561021,19
561022,89
561023,8
561024,100
561025,278
561026,179
561027,31
561028,98
561029,91
561030,104
561031,23
561032,20
561033,91
561034,173
561035,2
561036,281
561037,171
561038,47
561039,30
561040,89
561042,71
561043,200
561044,23
561045,37
561046,25
561047,49
561048,22
561049,14
561050,122
561051,109
561052,19
561053,5
561054,52
561055,7
561056,32
561057,3
561058,53
561060,71
561062,2
561063,9
561064,25
561065,18
561066,140
561067,19
561068,110
561070,25
561071,58
561072,101
561073,93
561074,64
561075,39
561076,52
561077,216
561078,40
561079,184
561080,208
561081,94
561082,3
561084,86
561085,189
561087,53
561088,10
561089,24
561090,71
561091,98
561092,76
561093,181
561094,147
561095,73
561096,42
561097,50
561098,108
561099,98
561100,110
561101,0
561102,69
561105,60
561106,104
561109,16
561111,25
561112,104
561113,376
561114,80
561115,31
561116,39
561118,26
561119,50
561120,37
561125,111
561128,91
561132,10
561147,109
561170,17
561189,19
561190,28
561191,21
561192,234
561193,20
561194,117
561195,400
561196,20
561197,123
561199,13
561200,15
561201,39
561202,39
561203,60
561204,85
561205,71
561206,90
561207,13
561208,104
561209,1222
561214,694
561216,3
561217,867
561218,627
561219,85
561220,111
561221,51
561222,157
561223,43
561224,12
561226,44
561228,4
561231,60
561236,185
561241,38
561242,104
561243,33
561244,27
561245,14
561246,53
561247,189
561248,14
561257,28
561258,158
561259,25
561280,29
561284,15
561288,47
561295,115
561314,30
561320,106
561321,65
561322,95
561324,87
561325,178
561329,60
561330,111
561331,94
561332,101
561333,5
561334,54
561352,42
561353,26
561355,68
561356,44
561359,141
561360,42
561363,173
561366,103
561367,213
561368,3
561369,643
561371,581
561372,3
561378,44
561381,27
561382,118
561383,81
561384,16
561385,47
561386,6
561387,42
561388,155
561389,23
561390,45
561391,103
561393,37
561394,25
561395,56
561396,171
561397,6
561398,111
561399,43
561430,81
561453,36
561455,37
561462,8
561463,83
561465,153
561466,45
561467,25
561468,22
561470,61
561471,83
561472,19
561473,96
561474,84
561485,204
561488,94
561502,260
561507,299
561508,1
561509,16
561511,45
561512,168
561513,729
561514,91
561515,764
561516,3
561517,73
561518,82
561519,138
561520,36
561521,15
561522,9
561528,74
561529,44
561530,6
561531,40
561532,17
561533,16
561534,142
561535,35
561537,70
561542,93
561544,83
561570,18
561583,73
561584,90
561585,35
561592,6
561593,17
561595,111
561597,22
561599,5
561600,341
561601,80
561602,2
561603,48
561605,97
561607,32
561610,84
561611,86
561614,120
561615,77
561616,125
561617,77
561618,46
561624,15
561625,216
561626,190
561627,164
561629,5
561630,12
561631,117
561632,100
561633,31
561634,20
561635,44
561636,25
561637,4
561638,3
561641,21
561642,192
561643,13
561644,17
561645,120
561646,15
561647,127
561648,123
561650,101
561651,699
561653,148
561654,86
561655,25
561656,77
561657,7
561658,363
561659,23
561661,171
561662,12
561664,27
561667,76
561669,28
561670,32
561671,35
561672,2
561675,17
561676,21
561677,28
561678,54
561679,95
561680,1
561683,4
561685,59
561686,132
561687,3
561688,31
561689,56
561690,94
561691,49
561692,26
561693,89
561694,82
561695,60
561696,2
561697,29
561698,76
561699,15
561700,23
561701,39
561702,84
561704,128
561705,32
561706,41
561707,6
561708,38
561709,83
561710,125
561711,86
561712,171
561713,30
561714,29
561715,55
561719,48
561732,23
561743,17
561750,66
561773,199
561774,98
561783,82
561794,111
561795,159
561796,31
561797,94
561798,101
561799,69
561800,18
561801,45
561802,24
561803,20
561804,88
561806,66
561807,80
561808,72
561809,5
561811,3
561813,2
561814,37
561815,17
561816,8
561817,32
561818,84
561819,14
561820,684
561857,89
561858,17
561859,83
561860,58
561861,14
561862,68
561863,79
561864,7
561865,8
561866,12
561867,106
561868,211
561869,137
561870,349
561871,88
561872,4
561873,156
561874,197
561875,58
561876,58
561877,104
561878,40
561879,138
561880,20
561881,83
561882,103
561883,19
561884,114
561885,247
561887,101
561888,86
561889,110
561890,38
561891,114
561892,43
561893,164
561894,745
561895,4
561896,93
561897,219
561898,174
561899,54
561900,326
561901,64
561902,84
561903,71
561904,12
561905,33
561906,130
561907,61
561908,12
561909,30
561910,60
561911,262
561912,66
561913,12
561914,54
561915,171
561916,4
561917,233
561922,90
561923,138
561925,31
561926,345
561928,5
561933,156
561936,1
561952,14
561955,6
561967,118
561968,86
561969,123
561995,36
562002,60
562011,54
562014,63
562015,13
562017,60
562018,16
562019,42
562021,45
562023,60
562024,751
562025,51
562029,17
562031,1061
562032,76
562033,54
562034,163
562035,109
562036,3
562037,80
562038,46
562039,22
562040,5
562042,87
562043,85
562044,50
562045,153
562046,824
562047,8
562049,38
562050,8
562053,41
562085,182
562087,114
562088,11
562092,22
562093,25
562094,5
562095,44
562096,55
562098,5
562099,107
562100,97
562101,373
562102,215
562103,1
562104,301
562105,41
562106,189
562107,19
562108,54
562109,14
562112,45
562113,744
562114,613
562120,36
562123,18
562125,40
562127,62
562128,110
562129,215
562130,61
562131,107
562132,74
562133,48
562136,12
562137,45
562138,26
562140,22
562141,23
562143,100
562145,74
562146,101
562148,25
562150,67
562152,23
562153,86
562155,16
562156,64
562157,109
562158,159
562161,255
562162,50
562163,80
562166,132
562173,111
562199,110
562200,118
562201,81
562202,75
562203,133
562204,241
562205,52
562207,25
562208,4
562209,78
562210,173
562211,48
562213,282
562214,72
562216,19
562217,64
562218,197
562219,285
562220,77
562222,65
562224,19
562225,18
562233,62
562255,8
562256,92
562257,5
562258,184
562259,9
562260,46
562261,3
562262,4
562263,145
562264,691
562269,133
562270,10
562271,53
562272,15
562273,106
562274,58
562275,136
562276,181
562277,11
562282,139
562283,163
562284,57
562285,10
562286,51
562287,17
562290,15
562313,92
562332,19
562339,132
562340,95
562341,174
562342,33
562343,7
562344,2
562345,85
562346,59
562347,187
562348,228
562349,7
562350,5
562351,27
562353,121
562354,63
562355,17
562365,95
562366,26
562368,40
562369,79
562370,165
562371,205
562372,23
562373,20
562374,120
562376,81
562377,378
562378,111
562379,57
562380,78
562381,114
562387,91
562388,73
562389,40
562392,97
562393,112
562416,42
562417,579
562418,85
562419,45
562420,718
562421,36
562422,21
562424,5
562426,5
562427,142
562428,0
562429,58
562430,59
562431,27
562432,91
562433,46
562434,1
562435,27
562436,4
562437,108
562439,90
562440,3
562441,9
562442,20
562443,1
562444,214
562445,92
562446,2
562447,30
562448,53
562449,119
562450,123
562451,36
562452,46
562453,42
562454,88
562455,73
562456,89
562457,144
562458,5
562459,23
562460,177
562461,4
562462,27
562465,93
562466,37
562467,52
562468,30
562490,33
562516,28
562517,384
562518,65
562519,124
562520,21
562521,36
562523,11
562524,52
562525,28
562526,74
562527,12
562528,216
562529,9
562530,19
562531,12
562532,4
562533,7
562534,79
562535,58
562536,7
562537,198
562538,29
562539,210
562540,379
562541,22
562542,138
562543,44
562545,5
562549,149
562550,15
562551,183
562552,3
562553,757
562555,18
562558,428
562560,566
562562,61
562563,40
562564,80
562565,56
562566,33
562567,56
562568,20
562569,83
562570,51
562571,59
562572,26
562573,15
562574,334
562575,42
562576,112
562578,21
562579,84
562580,51
562581,49
562583,28
562584,42
562585,6
562586,22
562587,211
562588,7
562589,18
562590,9
562591,9
562592,52
562593,404
562595,37
562596,79
562598,80
562599,31
562600,27
562602,233
562603,24
562604,74
562605,75
562606,6
562607,167
562608,341
562609,5
562610,4
562611,176
562612,61
562614,24
562615,67
562616,113
562619,98
562621,70
562649,147
562650,3
562652,85
562670,240
562680,261
562688,673
562701,39
562708,149
562710,64
562711,335
562712,122
562713,35
562715,783
562716,144
562717,662
562718,37
562719,25
562720,59
562721,40
562722,38
562725,84
562727,115
562729,20
562730,62
562732,70
562733,140
562767,50
562768,57
562769,30
562770,169
562771,40
562772,196
562774,91
562775,89
562776,43
562777,25
562778,18
562779,362
562780,60
562781,98
562782,25
562783,91
562784,141
562787,4
562788,42
562789,337
562790,47
562791,87
562792,125
562804,114
562805,3
562806,25
562807,244
562809,56
562810,5
562812,2
562838,80
562839,77
562840,85
562841,91
562842,10
562843,855
562844,56
562846,304
562847,88
562849,88
562850,59
562851,27
562852,98
562853,69
562854,41
562878,186
562879,4
562880,104
562881,114
562882,45
562883,4
562885,15
562886,16
562888,101
562890,79
562891,24
562892,70
562893,122
562894,46
562902,35
562907,75
562908,45
562912,48
562913,67
562914,41
562916,14
562917,2
562918,71
562919,8
562920,11
562922,84
562923,27
562924,20
562925,23
562926,55
562928,359
562929,27
562930,45
562931,120
562932,237
562933,1163
562934,798
562935,72
562936,110
562937,0
562939,135
562940,11
562941,4
562942,18
562944,81
562946,4
562947,24
562948,5
562949,182
562950,83
562951,64
562955,1429
562960,120
562963,42
562964,107
562965,138
562966,13
562967,18
562968,71
562973,43
562980,362
562984,250
562999,111
563011,25
563012,179
563013,56
563014,9
563016,204
563017,125
563018,72
563019,86
563020,91
563021,74
563022,245
563023,120
563024,43
563025,3
563026,98
563027,1
563028,15
563029,33
563030,44
563031,149
563032,84
563033,55
563034,68
563035,88
563036,88
563037,117
563038,32
563060,13
563061,125
563062,52
563070,90
563071,74
563073,82
563074,90
563075,26
563076,469
563078,89
563079,3
563080,6
563088,13
563089,58
563090,88
563091,74
563092,4
563093,617
563094,165
563095,65
563096,87
563097,50
563098,171
563099,7
563100,265
563103,42
563104,66
563110,87
563111,82
563112,77
563137,76
563147,15
563149,4
563150,52
563155,46
563160,1
563161,78
563162,42
563163,10
563164,9
563165,23
563166,49
563167,88
563168,55
563169,119
563170,70
563171,73
563172,57
563173,4
563174,101
563175,31
563176,40
563177,3
563178,66
563179,35
563180,48
563181,33
563182,32
563183,90
563184,96
563188,27
563189,94
563190,3
563191,68
563192,19
563193,820
563194,117
563195,769
563196,29
563198,27
563199,37
563200,140
563201,101
563202,4
563203,32
563204,18
563205,157
563206,47
563208,9
563209,212
563210,84
563211,80
563212,43
563213,183
563214,273
563215,31
563216,218
563217,43
563227,42
563228,23
563229,8
563230,180
563231,53
563233,5
563234,66
563235,1
563236,4
563237,85
563238,44
563239,82
563241,151
563242,60
563243,6
563245,86
563246,120
563247,20
563248,131
563250,11
563251,20
563252,61
563253,80
563254,5
563255,47
563256,137
563257,85
563259,19
563260,15
563261,11
563262,93
563264,55
563268,46
563288,159
563300,24
563328,119
563333,61
563345,51
563346,22
563347,57
563348,69
563349,133
563350,172
563351,185
563352,107
563353,190
563354,153
563355,134
563356,26
563357,5
563358,65
563360,147
563361,74
563362,71
563364,59
563365,5
563366,26
563367,57
563368,32
563369,85
563370,82
563371,37
563372,13
563373,23
563374,29
563376,195
563377,141
563381,34
563382,40
563383,3
563384,60
563404,378
563411,1
563425,72
563426,7
563427,143
563428,141
563429,74
563430,96
563431,44
563432,198
563434,90
563435,70
563436,2
563437,55
563438,28
563439,283
563440,80
563441,57
563442,109
563443,41
563444,318
563448,114
563450,66
563451,10
563454,30
563465,22
563467,18
563468,11
563476,68
563477,138
563480,3
563482,28
563498,85
563499,23
563500,126
563501,12
563502,116
563503,53
563504,44
563505,102
563506,30
563507,45
563508,46
563509,53
563510,50
563518,38
563522,118
563532,114
563533,210
563534,66
563538,289
563540,104
563543,174
563544,17
563545,3
563546,96
563547,86
563548,38
563549,740
563550,114
563551,94
563552,40
563555,304
563556,43
563557,647
563558,197
563559,3
563560,17
563561,34
563562,24
563563,41
563564,80
563565,462
563566,148
563567,98
563569,148
563571,90
563572,86
563573,7
563574,57
563575,10
563576,36
563578,95
563579,7
563580,267
563584,146
563585,264
563588,4
563589,59
563590,80
563597,1
563613,638
563614,406
563615,72
563616,17
563617,90
563618,4
563619,84
563620,52
563621,57
563622,44
563623,40
563626,119
563638,356
563656,77
563657,7
563658,31
563659,28
563660,2
563661,113
563662,109
563674,93
563680,81
563684,7
563685,32
563686,82
563687,14
563688,121
563689,71
563690,61
563691,125
563692,69
563694,38
563695,54
563696,42
563697,151
563698,83
563699,133
563703,72
563705,98
563706,118
563707,16
563708,60
563709,288
563710,5
563711,29
563712,85
563714,124
563717,15
563718,54
563719,9
563720,205
563721,52
563722,87
563723,64
563726,35
563727,8
563728,53
563729,21
563730,120
563731,67
563732,34
563733,117
563734,117
563735,99
563736,15
563737,90
563738,53
563739,99
563740,6
563741,64
563742,4
563743,52
563744,57
563745,242
563746,75
563747,22
563748,97
563749,112
563750,84
563753,139
563754,66
563755,102
563756,152
563764,127
563771,112
563776,31
563808,98
563812,18
563818,17
563819,27
563820,4
563821,43
563822,41
563830,42
563831,11
563832,18
563833,61
563834,56
563835,33
563836,24
563837,69
563839,27
563840,31
563841,30
563842,92
563843,49
563844,84
563845,89
563846,15
563847,43
563848,200
563849,43
563850,13
563851,4
563852,19
563853,3
563854,137
563855,64
563857,33
563858,71
563890,49
563891,5
563892,23
563893,22
563895,51
563896,39
563897,33
563898,12
563900,5
563901,8
563902,0
563903,95
563904,6
563905,48
563906,105
563907,28
563908,67
563909,459
563910,16
563911,72
563912,154
563913,74
563914,67
563915,61
563916,20
563917,215
563919,14
563920,130
563921,9
563922,185
563923,30
563924,436
563925,126
563926,92
563927,58
563928,502
563929,67
563930,21
563931,157
563932,1
563933,214
563934,0
563935,289
563936,37
563937,180
563938,9
563939,22
563940,155
563941,31
563942,38
563943,67
563944,212
563945,12
563946,78
563947,24
563949,20
563950,85
563951,36
563952,162
563953,62
563954,137
563955,14
563956,25
563981,5
563982,27
564016,50
564017,30
564018,13
564019,29
564020,95
564021,13
564022,51
564023,24
564034,68
564037,73
564038,34
564039,93
564040,7
564041,9
564042,90
564043,59
564044,62
564045,11
564046,1
564047,5
564048,1
564049,305
564050,188
564051,68
564052,146
564053,34
564054,18
564055,46
564056,146
564057,139
564058,49
564059,53
564060,231
564061,487
564062,63
564065,448
564066,69
564067,11
564075,29
564076,3
564077,52
564078,72
564079,129
564082,3
564083,53
564085,4
564086,3
564087,189
564088,52
564089,12
564090,120
564091,101
564092,54
564093,208
564095,36
564096,7
564109,3
564132,16
564133,31
564135,201
564136,75
564137,57
564139,170
564140,113
564141,334
564143,34
564144,102
564145,99
564146,22
564147,80
564148,21
564149,11
564150,237
564158,33
564159,13
564160,1
564161,51
564162,79
564163,4
564164,4
564165,152
564166,117
564167,170
564168,154
564169,11
564170,65
564171,7
564172,305
564173,156
564174,73
564181,68
564182,47
564184,150
564185,12
564186,118
564187,212
564188,47
564189,103
564190,84
564191,224
564192,73
564195,40
564196,3
564197,96
564198,64
564199,284
564200,94
564201,76
564202,7
564203,18
564205,5
564216,98
564219,32
564221,787
564222,12
564223,49
564224,102
564225,8
564226,45
564227,70
564228,18
564230,312
564231,31
564246,65
564248,23
564256,330
564268,75
564272,3
564300,151
564301,241
564302,72
564303,99
564304,55
564305,163
564306,68
564307,52
564308,95
564309,15
564310,26
564311,15
564312,18
564313,33
564314,58
564315,106
564316,90
564317,102
564318,12
564319,112
564321,61
564322,89
564323,37
564324,110
564325,14
564326,18
564327,31
564328,77
564329,18
564330,45
564332,17
564333,14
564334,15
564335,391
564336,108
564337,56
564338,5
564339,12
564342,444
564346,258
564350,58
564351,59
564352,94
564353,339
564354,4
564355,118
564356,331
564357,29
564358,31
564359,189
564360,89
564361,6
564363,86
564364,8
564365,49
564366,78
564367,40
564369,13
564370,13
564371,75
564372,267
564373,47
564374,25
564375,93
564376,17
564377,44
564378,145
564379,68
564380,37
564381,5
564382,4
564383,15
564398,11
564419,3
564428,19
564429,28
564430,45
564431,5
564432,148
564433,64
564434,68
564436,196
564437,117
564438,81
564439,40
564440,31
564471,36
564473,53
564474,23
564475,19
564476,62
564477,15
564479,75
564480,63
564481,12
564482,68
564483,157
564484,62
564485,9
564489,144
564495,66
564496,61
564503,73
564507,43
564510,167
564516,270
564526,118
564529,3
564530,4
564531,80
564532,38
564534,73
564535,99
564536,178
564537,81
564538,25
564539,82
564540,40
564541,87
564542,29
564543,33
564544,44
564551,37
564552,174
564553,120
564554,75
564555,34
564556,42
564557,33
564558,85
564559,139
564560,15
564561,28
564562,85
564563,19
564564,3
564565,168
564572,89
564573,118
564574,4
564583,2
564614,12
564626,60
564627,97
564628,1
564629,12
564630,180
564631,96
564632,111
564634,63
564635,109
564636,12
564637,49
564638,73
564639,80
564640,103
564641,14
564642,137
564643,173
564646,206
564647,132
564648,164
564649,3
564650,164
564652,2
564653,31
564654,91
564656,78
564657,64
564660,183
564661,143
564665,3
564666,35
564668,38
564669,6
564670,207
564709,7
564710,50
564712,37
564713,75
564714,4
564715,62
564716,161
564717,13
564718,63
564719,190
564720,5
564721,38
564722,59
564723,13
564724,232
564725,303
564726,116
564727,425
564728,2
564729,243
564731,80
564732,64
564733,346
564734,481
564735,185
564736,37
564737,36
564738,16
564739,111
564740,239
564741,25
564742,119
564743,96
564744,44
564745,162
564746,56
564747,189
564749,71
564750,129
564752,146
564753,131
564754,1127
564755,717
564756,704
564757,718
564758,827
564760,770
564764,28
564785,16
564800,73
564803,63
564811,6
564814,2
564815,50
564816,36
564817,789
564818,840
564819,5
564820,576
564821,61
564825,632
564835,752
564836,5
564837,885
564838,764
564839,27
564840,852
564841,265
564842,57
564843,143
564844,3
564846,109
564847,18
564848,51
564849,153
564850,88
564851,95
564852,26
564853,61
564855,57
564856,338
564857,598
564858,3
564859,2
564860,73
564861,3
564862,3
564863,69
564866,60
564868,61
564871,4
564872,51
564895,10
564896,90
564897,39
564898,6
564901,33
564902,32
564904,75
564906,5
564910,5
564912,70
564943,64
564950,107
564951,2
564953,41
564954,2
564957,41
564958,111
564959,21
564961,44
564962,258
564963,54
564965,92
564966,6
564967,19
564972,204
564974,957
564975,49
564976,106
564995,168
565014,51
565056,109
565067,277
565076,3
565080,6
565082,17
565083,50
565084,23
565086,7
565087,17
565088,94
565090,6
565091,77
565092,73
565093,30
565114,110
565115,77
565116,131
565117,292
565118,171
565119,92
565120,13
565121,26
565122,138
565123,4
565124,62
565125,28
565126,27
565127,2
565128,33
565129,341
565133,58
565139,14
565141,297
565142,10
565143,7
565144,40
565145,36
565146,2
565147,54
565149,47
565150,739
565151,190
565152,234
565153,33
565154,14
565155,36
565156,75
565157,2
565158,6
565181,24
565186,50
565192,5
565197,44
565198,86
565199,30
565200,81
565201,155
565202,20
565204,98
565205,6
565206,10
565207,177
565208,47
565209,134
565210,63
565211,32
565212,14
565213,29
565214,52
565216,5
565217,3
565218,156
565219,104
565220,37
565221,27
565222,14
565223,61
565224,116
565225,7
565226,70
565228,4
565230,119
565231,653
565232,811
565233,820
565234,918
565235,110
565236,100
565238,49
565239,78
565240,8
565241,9
565242,32
565243,143
565244,33
565245,53
565246,61
565247,20
565248,123
565249,81
565250,33
565251,20
565261,101
565285,10
565286,179
565287,58
565289,113
565291,20
565292,71
565293,12
565295,82
565303,231
565309,27
565311,6
565312,92
565315,73
565316,65
565317,52
565318,87
565320,65
565321,40
565322,18
565324,154
565325,34
565326,138
565327,75
565328,33
565329,142
565330,2
565331,114
565332,59
565333,51
565338,18
565346,10
565350,67
565366,156
565367,6
565372,5
565377,4
565378,282
565380,11
565381,93
565383,82
565384,95
565386,155
565387,1
565388,252
565396,854
565397,248
565398,53
565399,15
565400,4
565401,197
565404,25
565405,51
565406,44
565407,192
565408,100
565409,52
565410,105
565411,253
565412,19
565413,83
565414,29
565415,90
565416,110
565417,43
565418,20
565419,124
565420,118
565421,166
565423,23
565424,73
565426,169
565427,100
565429,51
565430,156
565431,282
565432,267
565433,6
565434,353
565435,4
565436,77
565437,121
565438,41
565439,113
565440,82
565441,61
565442,140
565443,202
565444,71
565445,220
565446,80
565447,112
565448,18
565449,7
565450,77
565451,151
565452,33
565453,93
565454,26
565455,85
565456,197
565457,56
565458,44
565459,22
565460,205
565461,80
565462,44
565463,62
565464,4
565465,95
565466,29
565467,81
565468,14
565469,1
565470,72
565471,155
565472,160
565473,96
565474,4
565475,197
565476,22
565478,174
565479,55
565480,3
565481,102
565488,49
565491,55
565492,5
565513,50
565515,55
565519,162
565541,517
565542,102
565563,47
565565,73
565569,7
565577,7
565579,172
565580,43
565583,54
565584,63
565585,81
565586,8
565587,29
565588,140
565589,13
565590,4
565591,5
565592,9
565593,85
565594,95
565595,121
565596,96
565598,55
565610,78
565611,59
565612,83
565613,74
565614,44
565616,103
565617,733
565618,106
565631,44
565643,29
565644,11
565648,259
565649,206
565664,160
565665,110
565667,42
565668,24
565669,16
565670,109
565672,128
565673,32
565674,54
565675,140
565676,18
565677,42
565678,2
565679,20
565680,1
565682,207
565684,63
565685,31
565723,14
565724,29
565725,153
565726,275
565727,87
565728,66
565729,5
565730,97
565731,41
565732,47
565733,16
565734,168
565735,0
565736,3
565737,132
565738,88
565740,19
565741,15
565747,33
565748,235
565749,22
565750,33
565751,91
565753,4
565754,20
565755,5
565756,43
565757,22
565758,64
565759,84
565760,3
565763,51
565764,17
565765,116
565766,481
565767,278
565768,24
565769,62
565776,74
565777,26
565778,20
565779,135
565780,5
565781,83
565782,61
565783,4
565784,75
565785,3
565788,96
565790,63
565791,9
565792,26
565793,4
565794,9
565795,62
565796,59
565800,161
565801,79
565802,46
565803,155
565805,42
565806,122
565807,78
565808,5
565835,105
565836,148
565838,66
565839,44
565840,1005
565841,731
565842,29
565844,80
565845,54
565846,133
565847,706
565849,56
565850,186
565851,133
565852,23
565853,54
565854,149
565855,106
565856,53
565857,344
565858,7
565859,91
565860,10
565861,11
565862,68
565863,78
565865,261
565870,3
565877,21
565901,37
565914,7
565915,251
565916,118
565917,844
565918,78
565919,1019
565920,121
565921,69
565922,72
565923,51
565924,49
565926,64
565927,243
565928,188
565929,9
565930,235
565931,94
565932,126
565933,3
565934,77
565936,6
565937,30
565967,198
565971,201
565975,0
565990,60
565993,40
565994,103
565995,134
566001,17
566005,89
566006,79
566008,162
566009,3
566010,224
566013,87
566014,43
566015,24
566016,122
566017,97
566018,303
566019,92
566020,28
566021,53
566022,8
566023,62
566024,121
566025,150
566026,15
566027,34
566028,3
566033,233
566035,104
566037,6
566038,38
566039,78
566040,96
566041,96
566042,127
566043,55
566044,4
566045,5
566046,11
566047,32
566048,80
566049,74
566050,19
566051,20
566052,9
566053,145
566054,34
566055,149
566056,11
566057,123
566058,18
566059,12
566060,923
566061,62
566062,34
566063,40
566072,21
566073,106
566074,78
566075,61
566076,170
566077,50
566079,164
566080,3
566081,52
566082,16
566083,16
566085,190
566086,16
566087,107
566089,28
566091,113
566092,113
566094,157
566108,0
566115,98
566117,4
566123,124
566124,101
566162,89
566163,261
566164,264
566169,49
566170,17
566171,159
566172,41
566173,34
566175,47
566178,20
566179,105
566184,3
566186,97
566188,40
566189,56
566190,153
566191,108
566192,21
566193,212
566194,186
566195,345
566196,15
566198,105
566199,61
566200,207
566201,1
566202,81
566203,130
566204,50
566206,19
566207,29
566208,10
566213,280
566214,2
566215,23
566217,131
566218,7
566219,241
566220,108
566221,709
566224,5
566225,42
566226,46
566227,68
566228,23
566229,14
566230,98
566231,68
566232,25
566233,264
566234,93
566235,71
566236,40
566237,27
566238,76
566239,85
566240,84
566241,9
566242,35
566243,3
566244,24
566245,40
566246,24
566247,8
566248,43
566249,179
566250,6
566251,85
566253,4
566254,42
566255,65
566256,29
566257,36
566258,315
566259,25
566260,33
566261,93
566262,88
566264,77
566265,24
566266,106
566267,84
566268,56
566269,131
566270,130
566271,308
566272,163
566273,45
566274,135
566275,257
566276,92
566277,63
566278,72
566279,189
566281,560
566282,82
566283,90
566284,16
566285,137
566286,51
566287,99
566288,90
566289,68
566290,733
566291,465
566292,104
566293,52
566294,140
566295,172
566296,174
566297,119
566298,84
566299,55
566300,41
566301,89
566302,3
566303,64
566304,94
566305,79
566306,42
566307,127
566308,55
566309,6
566310,70
566311,11
566312,85
566314,120
566315,91
566317,141
566318,12
566319,158
566320,59
566321,7
566322,21
566326,96
566328,19
566329,71
566334,20
566345,200
566361,10
566364,91
566393,68
566394,67
566395,49
566396,54
566397,128
566398,21
566399,112
566400,373
566402,49
566403,28
566405,104
566408,482
566420,126
566421,62
566422,65
566424,92
566425,37
566426,65
566427,203
566428,66
566429,8
566430,6
566431,74
566432,26
566433,70
566434,147
566435,17
566438,80
566439,11
566440,91
566441,71
566442,83
566443,69
566444,84
566446,732
566447,8
566448,23
566450,150
566451,495
566452,46
566453,13
566455,4
566465,8
566477,100
566479,20
566480,54
566481,16
566482,276
566483,60
566484,48
566485,42
566486,48
566487,25
566488,58
566489,87
566491,60
566492,6
566494,51
566495,538
566518,94
566520,81
566534,21
A563185,1
