StockCode,order_frequency,total_quantity,avg_quantity_per_order,related_product_count,cluster_name,recommended_zone,distance_from_packing,picking_priority,current_distance,distance_saved
85099B,2089,48371,22.93551446183025,3513,High-Volume Products,Zone A,10.0,101047019,60,50.0
85123A,2198,37641,16.70705725699068,3562,High-Volume Products,Zone A,10.0,82734918,60,50.0
22197,1392,56898,40.12552891396333,3545,High-Volume Products,Zone A,10.0,79202016,60,50.0
84879,1455,36362,24.63550135501355,3351,High-Volume Products,Zone A,10.0,52906710,60,50.0
21212,1320,36396,26.920118343195266,3438,High-Volume Products,Zone A,10.0,48042720,60,50.0
47566,1685,18283,10.761035903472632,3480,High-Volume Products,Zone A,10.0,30806855,60,50.0
23084,994,30739,30.225172074729596,3122,High-Volume Products,Zone A,10.0,30554566,60,50.0
20725,1565,19432,12.283185840707965,3469,High-Volume Products,Zone A,10.0,30411080,60,50.0
84077,535,54951,102.5205223880597,3125,High-Volume Products,Zone A,10.0,29398785,60,50.0
22423,1988,13851,6.901345291479821,3537,High-Volume Products,Zone A,10.0,27535788,60,50.0
22386,1218,21448,17.40909090909091,3354,High-Volume Products,Zone A,10.0,26123664,60,50.0
23203,1231,20485,16.493558776167472,3110,High-Volume Products,Zone A,10.0,25217035,60,50.0
22178,1037,24275,23.318924111431315,3451,High-Volume Products,Zone A,10.0,25173175,60,50.0
22086,1160,19329,16.32516891891892,3372,High-Volume Products,Zone A,10.0,22421640,60,50.0
22469,1201,17963,14.735849056603774,3522,High-Volume Products,Zone A,10.0,21573563,60,50.0
21977,869,24820,28.204545454545453,3415,High-Volume Products,Zone A,10.0,21568580,60,50.0
23166,247,78033,312.132,2784,High-Volume Products,Zone A,10.0,19274151,60,50.0
22961,1162,16396,14.085910652920962,3475,High-Volume Products,Zone A,10.0,19052152,60,50.0
20724,1032,17761,17.012452107279692,3390,High-Volume Products,Zone A,10.0,18329352,60,50.0
84946,905,19209,21.0625,3395,High-Volume Products,Zone A,10.0,17384145,60,50.0
21931,1184,13651,11.432998324958124,3472,High-Volume Products,Zone A,10.0,16162784,60,50.0
22383,1285,12518,9.584992343032159,3452,High-Volume Products,Zone A,10.0,16085630,60,50.0
22355,882,18124,20.364044943820225,3378,High-Volume Products,Zone A,10.0,15985368,60,50.0
20727,1273,12195,9.373558800922368,3438,High-Volume Products,Zone A,10.0,15524235,60,50.0
84991,828,18189,21.55094786729858,3369,High-Volume Products,Zone A,10.0,15060492,60,50.0
22411,1175,12574,10.655932203389831,3428,High-Volume Products,Zone A,10.0,14774450,60,50.0
23199,978,14908,15.119675456389452,3185,High-Volume Products,Zone A,10.0,14580024,60,50.0
21915,661,21903,32.98644578313253,3214,High-Volume Products,Zone A,10.0,14477883,60,50.0
23209,1098,13170,11.82226211849192,3054,High-Volume Products,Zone A,10.0,14460660,60,50.0
85099F,812,17237,21.123774509803923,3267,High-Volume Products,Zone A,10.0,13996444,60,50.0
22993,1073,12649,11.604587155963303,3337,High-Volume Products,Zone A,10.0,13572377,60,50.0
20728,1150,11786,10.142857142857142,3329,High-Volume Products,Zone A,10.0,13553900,60,50.0
21790,926,14521,15.53048128342246,3399,High-Volume Products,Zone A,10.0,13446446,60,50.0
22616,512,26119,49.94072657743786,3319,High-Volume Products,Zone A,10.0,13372928,60,50.0
21080,986,13202,13.136318407960198,3372,High-Volume Products,Zone A,10.0,13017172,60,50.0
85099C,933,13900,14.74019088016967,3361,High-Volume Products,Zone A,10.0,12968700,60,50.0
22629,900,14249,15.744751381215469,3353,High-Volume Products,Zone A,10.0,12824100,60,50.0
23206,1036,12147,11.535612535612536,3104,High-Volume Products,Zone A,10.0,12584292,60,50.0
15036,518,23826,45.907514450867055,3267,High-Volume Products,Zone A,10.0,12341868,60,50.0
23201,906,13366,14.67178924259056,3135,High-Volume Products,Zone A,10.0,12109596,60,50.0
22382,1157,10427,8.957903780068728,3339,High-Volume Products,Zone A,10.0,12064039,60,50.0
21731,849,14001,16.37543859649123,3396,High-Volume Products,Zone A,10.0,11886849,60,50.0
22384,1090,10487,9.524977293369664,3337,High-Volume Products,Zone A,10.0,11430830,60,50.0
22457,1249,9119,7.266135458167331,3508,High-Volume Products,Zone A,10.0,11389631,60,50.0
20719,833,13290,15.821428571428571,3318,High-Volume Products,Zone A,10.0,11070570,60,50.0
22699,1065,9864,9.19291705498602,3438,High-Volume Products,Zone A,10.0,10505160,60,50.0
21181,845,12274,14.322053675612603,3362,High-Volume Products,Zone A,10.0,10371530,60,50.0
22720,1385,7483,5.375718390804598,3432,High-Volume Products,Zone A,10.0,10363955,60,50.0
84755,621,16401,26.368167202572348,3191,High-Volume Products,Zone A,10.0,10185021,60,50.0
22492,380,26633,70.08684210526316,2917,High-Volume Products,Zone A,10.0,10120540,60,50.0
20726,1017,9909,9.620388349514563,3339,High-Volume Products,Zone A,10.0,10077453,60,50.0
21213,663,15169,22.60655737704918,3267,High-Volume Products,Zone A,10.0,10057047,60,50.0
22630,850,11780,13.72960372960373,3385,High-Volume Products,Zone A,10.0,10013000,60,50.0
22952,619,16056,25.364928909952607,3257,High-Volume Products,Zone A,10.0,9938664,60,50.0
82482,1100,8986,8.124773960216999,3417,High-Volume Products,Zone A,10.0,9884600,60,50.0
21175,809,12207,15.033251231527094,3396,High-Volume Products,Zone A,10.0,9875463,60,50.0
22960,1132,8695,7.6743159752868495,3433,High-Volume Products,Zone A,10.0,9842740,60,50.0
21232,831,11842,14.165071770334928,3436,High-Volume Products,Zone A,10.0,9840702,60,50.0
23298,1146,8466,7.291989664082688,3132,High-Volume Products,Zone A,10.0,9702036,60,50.0
23202,879,10941,12.348758465011286,3030,High-Volume Products,Zone A,10.0,9617139,60,50.0
21929,865,11006,12.621559633027523,3363,High-Volume Products,Zone A,10.0,9520190,60,50.0
22666,1111,8269,7.389633601429848,3501,High-Volume Products,Zone A,10.0,9186859,60,50.0
22470,925,9887,10.563034188034187,3395,High-Volume Products,Zone A,10.0,9145475,60,50.0
84978,728,12493,17.043656207366986,3280,High-Volume Products,Zone A,10.0,9094904,60,50.0
22077,955,9172,9.455670103092784,3433,High-Volume Products,Zone A,10.0,8759260,60,50.0
22910,820,10594,12.748495788206979,3232,High-Volume Products,Zone A,10.0,8687080,60,50.0
21928,806,10468,12.939431396786155,3311,High-Volume Products,Zone A,10.0,8437208,60,50.0
20712,863,9773,11.24626006904488,3327,High-Volume Products,Zone A,10.0,8434099,60,50.0
22727,1051,7800,7.351555136663525,3320,High-Volume Products,Zone A,10.0,8197800,60,50.0
84992,615,13319,21.141269841269843,3340,High-Volume Products,Zone A,10.0,8191185,60,50.0
22659,707,11504,15.933518005540167,3365,High-Volume Products,Zone A,10.0,8133328,60,50.0
22969,646,12520,19.38080495356037,3305,High-Volume Products,Zone A,10.0,8087920,60,50.0
23301,913,8807,9.572826086956521,3183,High-Volume Products,Zone A,10.0,8040791,60,50.0
23307,629,12049,18.797191887675506,3013,High-Volume Products,Zone A,10.0,7578821,60,50.0
20713,657,11429,17.264350453172206,3276,High-Volume Products,Zone A,10.0,7508853,60,50.0
21166,723,10324,14.18131868131868,3344,High-Volume Products,Zone A,10.0,7464252,60,50.0
21975,601,12312,20.01951219512195,3228,High-Volume Products,Zone A,10.0,7399512,60,50.0
22697,1013,7278,7.12133072407045,3469,High-Volume Products,Zone A,10.0,7372614,60,50.0
23344,716,10285,14.245152354570637,2962,High-Volume Products,Zone A,10.0,7364060,60,50.0
22356,742,9716,12.86887417218543,3340,High-Volume Products,Zone A,10.0,7209272,60,50.0
20723,722,9793,13.488980716253444,3320,High-Volume Products,Zone A,10.0,7070546,60,50.0
79321,661,10302,15.44527736131934,3313,High-Volume Products,Zone A,10.0,6809622,60,50.0
22558,772,8676,11.19483870967742,3348,High-Volume Products,Zone A,10.0,6697872,60,50.0
22998,534,12366,22.985130111524164,3189,High-Volume Products,Zone A,10.0,6603444,60,50.0
22726,980,6419,6.490394337714863,3341,High-Volume Products,Zone A,10.0,6290620,60,50.0
22326,732,8535,11.643929058663028,3201,High-Volume Products,Zone A,10.0,6247620,60,50.0
82494L,910,6735,7.344601962922574,3301,High-Volume Products,Zone A,10.0,6128850,60,50.0
22090,798,7562,9.428927680798004,3312,High-Volume Products,Zone A,10.0,6034476,60,50.0
71459,440,13605,30.85034013605442,3061,High-Volume Products,Zone A,10.0,5986200,60,50.0
22385,686,8666,12.523121387283236,3218,High-Volume Products,Zone A,10.0,5944876,60,50.0
21733,741,7872,10.45418326693227,3275,High-Volume Products,Zone A,10.0,5833152,60,50.0
23207,740,7830,10.357142857142858,2989,High-Volume Products,Zone A,10.0,5794200,60,50.0
20971,522,10993,20.899239543726235,3200,High-Volume Products,Zone A,10.0,5738346,60,50.0
22577,538,10608,19.14801444043321,3172,High-Volume Products,Zone A,10.0,5707104,60,50.0
20914,880,6361,7.123180291153416,3333,High-Volume Products,Zone A,10.0,5597680,60,50.0
85152,677,8246,12.144329896907216,3270,High-Volume Products,Zone A,10.0,5582542,60,50.0
23245,873,6345,7.243150684931507,3084,High-Volume Products,Zone A,10.0,5539185,60,50.0
22865,654,8439,12.67117117117117,3189,High-Volume Products,Zone A,10.0,5519106,60,50.0
17003,239,23020,95.51867219917013,3023,High-Volume Products,Zone A,10.0,5501780,60,50.0
22554,704,7803,10.928571428571429,3291,High-Volume Products,Zone A,10.0,5493312,60,50.0
22909,610,8976,14.384615384615385,3227,High-Volume Products,Zone A,10.0,5475360,60,50.0
22551,673,8074,11.856093979441997,3256,High-Volume Products,Zone A,10.0,5433802,60,50.0
22467,681,7926,11.503628447024674,3367,High-Volume Products,Zone A,10.0,5397606,60,50.0
22578,512,10460,19.735849056603772,3075,High-Volume Products,Zone A,10.0,5355520,60,50.0
22112,858,6017,6.900229357798165,3249,High-Volume Products,Zone A,10.0,5162586,60,50.0
23300,758,6809,8.889033942558747,3151,High-Volume Products,Zone A,10.0,5161222,60,50.0
22379,748,6896,9.194666666666667,3345,High-Volume Products,Zone A,10.0,5158208,60,50.0
22151,332,15126,44.61946902654867,2975,High-Volume Products,Zone A,10.0,5021832,60,50.0
22966,670,7440,10.909090909090908,3343,High-Volume Products,Zone A,10.0,4984800,60,50.0
22722,834,5966,7.043683589138134,3324,High-Volume Products,Zone A,10.0,4975644,60,50.0
22693,305,16244,53.25901639344262,2915,High-Volume Products,Zone A,10.0,4954420,60,50.0
21791,607,7864,12.870703764320785,3309,High-Volume Products,Zone A,10.0,4773448,60,50.0
84970S,537,8879,16.534450651769088,3270,High-Volume Products,Zone A,10.0,4768023,60,50.0
21914,603,7876,12.911475409836065,3196,High-Volume Products,Zone A,10.0,4749228,60,50.0
23293,552,8471,15.290613718411553,2926,High-Volume Products,Zone A,10.0,4675992,60,50.0
23204,583,7976,13.610921501706486,2974,High-Volume Products,Zone A,10.0,4650008,60,50.0
21094,527,8758,16.462406015037594,3168,High-Volume Products,Zone A,10.0,4615466,60,50.0
22138,934,4937,5.2633262260127935,3218,High-Volume Products,Zone A,10.0,4611158,60,50.0
84692,583,7903,13.394915254237288,3356,High-Volume Products,Zone A,10.0,4607449,60,50.0
22662,682,6706,9.718840579710145,3218,High-Volume Products,Zone A,10.0,4573492,60,50.0
23355,782,5816,7.306532663316583,2830,High-Volume Products,Zone A,10.0,4548112,60,50.0
21930,705,6438,9.016806722689076,3272,High-Volume Products,Zone A,10.0,4538790,60,50.0
20972,616,7337,11.795819935691318,3227,High-Volume Products,Zone A,10.0,4519592,60,50.0
22698,765,5788,7.536458333333333,3242,High-Volume Products,Zone A,10.0,4427820,60,50.0
82583,609,7258,11.687600644122384,3285,High-Volume Products,Zone A,10.0,4420122,60,50.0
22907,670,6573,9.498554913294798,3304,High-Volume Products,Zone A,10.0,4403910,60,50.0
22417,520,8420,15.977229601518026,3156,High-Volume Products,Zone A,10.0,4378400,60,50.0
21137,375,11651,30.986702127659573,3006,High-Volume Products,Zone A,10.0,4369125,60,50.0
22139,962,4518,4.686721991701245,3268,High-Volume Products,Zone A,10.0,4346316,60,50.0
22189,524,8284,15.749049429657795,3213,High-Volume Products,Zone A,10.0,4340816,60,50.0
84378,685,6332,9.15028901734104,3409,High-Volume Products,Zone A,10.0,4337420,60,50.0
22489,443,9719,21.791479820627803,3209,High-Volume Products,Zone A,10.0,4305517,60,50.0
22029,527,8161,15.456439393939394,3246,High-Volume Products,Zone A,10.0,4300847,60,50.0
84347,449,9461,20.39008620689655,3261,High-Volume Products,Zone A,10.0,4247989,60,50.0
23208,668,6308,9.317577548005909,2923,High-Volume Products,Zone A,10.0,4213744,60,50.0
23200,595,7067,11.81772575250836,3004,High-Volume Products,Zone A,10.0,4204865,60,50.0
22728,783,5356,6.77117572692794,3314,High-Volume Products,Zone A,10.0,4193748,60,50.0
82484,685,6012,8.776642335766423,3213,High-Volume Products,Zone A,10.0,4118220,60,50.0
23284,728,5487,7.495901639344262,3007,High-Volume Products,Zone A,10.0,3994536,60,50.0
84380,688,5799,8.355907780979827,3356,High-Volume Products,Zone A,10.0,3989712,60,50.0
22328,581,6835,11.683760683760683,3133,High-Volume Products,Zone A,10.0,3971135,60,50.0
22988,418,9073,21.5,3235,High-Volume Products,Zone A,10.0,3792514,60,50.0
21889,587,6390,10.667779632721203,3317,High-Volume Products,Zone A,10.0,3750930,60,50.0
21985,427,8775,20.454545454545453,3207,High-Volume Products,Zone A,10.0,3746925,60,50.0
22621,609,6148,9.932148626817447,3282,High-Volume Products,Zone A,10.0,3744132,60,50.0
82580,631,5881,9.27602523659306,3428,High-Volume Products,Zone A,10.0,3710911,60,50.0
22114,643,5740,8.885448916408668,3173,High-Volume Products,Zone A,10.0,3690820,60,50.0
84945,347,10545,29.957386363636363,3032,High-Volume Products,Zone A,10.0,3659115,60,50.0
22866,548,6611,11.763345195729537,3167,High-Volume Products,Zone A,10.0,3622828,60,50.0
22111,771,4655,5.960307298335468,3276,High-Volume Products,Zone A,10.0,3589005,60,50.0
21326,340,10535,30.447976878612717,3028,High-Volume Products,Zone A,10.0,3581900,60,50.0
23077,344,10395,30.218023255813954,2816,High-Volume Products,Zone A,10.0,3575880,60,50.0
22867,554,6433,11.467023172905526,3240,High-Volume Products,Zone A,10.0,3563882,60,50.0
POST,1126,3150,2.797513321492007,2166,High-Volume Products,Zone A,10.0,3546900,60,50.0
21498,336,10526,31.327380952380953,2278,High-Volume Products,Zone A,10.0,3536736,60,50.0
22556,571,6113,10.594454072790295,3106,High-Volume Products,Zone A,10.0,3490523,60,50.0
21891,425,8130,18.819444444444443,3192,High-Volume Products,Zone A,10.0,3455250,60,50.0
23309,407,8275,19.60900473933649,2973,High-Volume Products,Zone A,10.0,3367925,60,50.0
22149,547,6070,10.976491862567812,3157,High-Volume Products,Zone A,10.0,3320290,60,50.0
82600,545,6013,10.952641165755919,3195,High-Volume Products,Zone A,10.0,3277085,60,50.0
22951,437,7481,16.925339366515836,3251,High-Volume Products,Zone A,10.0,3269197,60,50.0
84836,535,5937,10.893577981651376,3187,High-Volume Products,Zone A,10.0,3176295,60,50.0
22595,467,6788,14.320675105485233,3224,High-Volume Products,Zone A,10.0,3169996,60,50.0
22560,389,8144,20.93573264781491,3110,Active/Regular Products,Zone B,25.0,3168016,60,35.0
22555,515,6010,11.469465648854962,3104,High-Volume Products,Zone A,10.0,3095150,60,50.0
21231,509,6054,11.847358121330725,3252,High-Volume Products,Zone A,10.0,3081486,60,50.0
23170,445,6857,15.408988764044944,2949,Active/Regular Products,Zone B,25.0,3051365,60,35.0
21086,428,7121,16.370114942528737,3042,Active/Regular Products,Zone B,25.0,3047788,60,35.0
84947,347,8652,24.579545454545453,3099,Active/Regular Products,Zone B,25.0,3002244,60,35.0
22147,481,6226,12.577777777777778,3128,Active/Regular Products,Zone B,25.0,2994706,60,35.0
23321,629,4716,7.3229813664596275,2918,High-Volume Products,Zone A,10.0,2966364,60,50.0
23310,245,12050,48.983739837398375,2676,High-Volume Products,Zone A,10.0,2952250,60,50.0
23343,476,6078,12.506172839506172,2890,Active/Regular Products,Zone B,25.0,2893128,60,35.0
22771,441,6539,14.628635346756152,3200,Active/Regular Products,Zone B,25.0,2883699,60,35.0
20685,696,4088,5.865136298421808,3254,High-Volume Products,Zone A,10.0,2845248,60,50.0
22083,610,4616,7.554828150572831,3316,High-Volume Products,Zone A,10.0,2815760,60,50.0
84970L,457,6064,13.240174672489083,3214,Active/Regular Products,Zone B,25.0,2771248,60,35.0
20668,215,12883,59.096330275229356,2935,High-Volume Products,Zone A,10.0,2769845,60,50.0
21703,294,9390,31.51006711409396,3054,Active/Regular Products,Zone B,25.0,2760660,60,35.0
22791,345,7955,22.991329479768787,3136,Active/Regular Products,Zone B,25.0,2744475,60,35.0
20718,575,4769,8.250865051903114,3293,High-Volume Products,Zone A,10.0,2742175,60,50.0
23205,467,5857,12.461702127659574,2911,Active/Regular Products,Zone B,25.0,2735219,60,35.0
23295,444,6134,13.63111111111111,2899,Active/Regular Products,Zone B,25.0,2723496,60,35.0
21108,262,10241,38.93916349809886,3091,Active/Regular Products,Zone B,25.0,2683142,60,35.0
22557,566,4712,8.180555555555555,3296,High-Volume Products,Zone A,10.0,2666992,60,50.0
21918,369,7199,19.352150537634408,3250,Active/Regular Products,Zone B,25.0,2656431,60,35.0
21210,453,5808,12.821192052980132,3173,Active/Regular Products,Zone B,25.0,2631024,60,35.0
84596B,522,5023,9.495274102079396,3319,Active/Regular Products,Zone B,25.0,2622006,60,35.0
22900,533,4907,9.03683241252302,3257,Active/Regular Products,Zone B,25.0,2615431,60,35.0
20711,522,5007,9.555343511450381,3169,Active/Regular Products,Zone B,25.0,2613654,60,35.0
21982,359,7173,19.598360655737704,3273,Active/Regular Products,Zone B,25.0,2575107,60,35.0
22561,433,5883,13.309954751131222,2969,Active/Regular Products,Zone B,25.0,2547339,60,35.0
21121,379,6606,17.24804177545692,2940,Active/Regular Products,Zone B,25.0,2503674,60,35.0
20974,355,6976,19.21763085399449,3009,Active/Regular Products,Zone B,25.0,2476480,60,35.0
22585,395,6221,15.285012285012286,3169,Active/Regular Products,Zone B,25.0,2457295,60,35.0
84997D,473,5103,10.720588235294118,3004,Active/Regular Products,Zone B,25.0,2413719,60,35.0
20975,362,6633,18.12295081967213,3055,Active/Regular Products,Zone B,25.0,2401146,60,35.0
21668,437,5494,12.458049886621316,3028,Active/Regular Products,Zone B,25.0,2400878,60,35.0
23171,381,6247,16.31070496083551,2947,Active/Regular Products,Zone B,25.0,2380107,60,35.0
22652,467,5091,10.831914893617022,2956,Active/Regular Products,Zone B,25.0,2377497,60,35.0
22553,560,4242,7.442105263157894,3312,Active/Regular Products,Zone B,25.0,2375520,60,35.0
22620,483,4889,9.977551020408164,3266,Active/Regular Products,Zone B,25.0,2361387,60,35.0
23308,382,6139,15.781491002570695,2923,Active/Regular Products,Zone B,25.0,2345098,60,35.0
22983,443,5290,11.941309255079007,3209,Active/Regular Products,Zone B,25.0,2343470,60,35.0
22633,479,4851,9.839756592292089,2960,Active/Regular Products,Zone B,25.0,2323629,60,35.0
48138,616,3751,6.06957928802589,3070,High-Volume Products,Zone A,10.0,2310616,60,50.0
35970,456,5050,10.86021505376344,2834,Active/Regular Products,Zone B,25.0,2302800,60,35.0
21314,541,4246,7.833948339483395,3285,Active/Regular Products,Zone B,25.0,2297086,60,35.0
22759,422,5435,12.63953488372093,3224,Active/Regular Products,Zone B,25.0,2293570,60,35.0
48187,600,3807,6.323920265780731,3060,Active/Regular Products,Zone B,25.0,2284200,60,35.0
22835,657,3441,5.197885196374623,3287,High-Volume Products,Zone A,10.0,2260737,60,50.0
22084,436,5181,11.695259593679458,2686,Active/Regular Products,Zone B,25.0,2258916,60,35.0
23243,470,4800,10.19108280254777,2915,Active/Regular Products,Zone B,25.0,2256000,60,35.0
21559,573,3933,6.769363166953529,3277,Active/Regular Products,Zone B,25.0,2253609,60,35.0
20676,448,5023,11.137472283813747,3144,Active/Regular Products,Zone B,25.0,2250304,60,35.0
22219,544,4133,7.47377938517179,3407,Active/Regular Products,Zone B,25.0,2248352,60,35.0
21174,538,4175,7.674632352941177,3360,Active/Regular Products,Zone B,25.0,2246150,60,35.0
23240,536,4177,7.6501831501831505,2851,Active/Regular Products,Zone B,25.0,2238872,60,35.0
23076,277,8076,29.15523465703971,2670,Active/Regular Products,Zone B,25.0,2237052,60,35.0
21669,425,5252,12.101382488479263,3005,Active/Regular Products,Zone B,25.0,2232100,60,35.0
84375,517,4311,8.27447216890595,3311,Active/Regular Products,Zone B,25.0,2228787,60,35.0
22144,544,4073,7.365280289330922,3238,Active/Regular Products,Zone B,25.0,2215712,60,35.0
84988,510,4311,8.436399217221135,3301,Active/Regular Products,Zone B,25.0,2198610,60,35.0
21485,623,3524,5.50625,3246,High-Volume Products,Zone A,10.0,2195452,60,50.0
21787,243,8875,35.78629032258065,3068,Active/Regular Products,Zone B,25.0,2156625,60,35.0
22661,415,5194,12.39618138424821,3082,Active/Regular Products,Zone B,25.0,2155510,60,35.0
21754,777,2759,3.532650448143406,3296,High-Volume Products,Zone A,10.0,2143743,60,50.0
71477,316,6748,21.153605015673982,3071,Active/Regular Products,Zone B,25.0,2132368,60,35.0
21936,531,3985,7.4906015037593985,3160,Active/Regular Products,Zone B,25.0,2116035,60,35.0
22418,318,6564,20.57680250783699,3038,Active/Regular Products,Zone B,25.0,2087352,60,35.0
22610,216,9572,44.11059907834101,2777,Active/Regular Products,Zone B,25.0,2067552,60,35.0
22367,550,3749,6.779385171790235,3202,Active/Regular Products,Zone B,25.0,2061950,60,35.0
21976,393,5199,13.06281407035176,3177,Active/Regular Products,Zone B,25.0,2043207,60,35.0
21672,409,4992,12.028915662650602,3001,Active/Regular Products,Zone B,25.0,2041728,60,35.0
84029E,429,4734,10.808219178082192,3004,Active/Regular Products,Zone B,25.0,2030886,60,35.0
23232,238,8526,35.67364016736402,2090,Active/Regular Products,Zone B,25.0,2029188,60,35.0
48194,592,3416,5.760539629005059,3162,Active/Regular Products,Zone B,25.0,2022272,60,35.0
M,289,6984,22.10126582278481,2478,Active/Regular Products,Zone B,25.0,2018376,60,35.0
22741,233,8547,36.52564102564103,3037,Active/Regular Products,Zone B,25.0,1991451,60,35.0
21169,450,4413,9.677631578947368,3145,Active/Regular Products,Zone B,25.0,1985850,60,35.0
21980,297,6685,22.43288590604027,3043,Active/Regular Products,Zone B,25.0,1985445,60,35.0
21497,230,8550,37.17391304347826,2034,Active/Regular Products,Zone B,25.0,1966500,60,35.0
22996,408,4801,11.568674698795181,3154,Active/Regular Products,Zone B,25.0,1958808,60,35.0
21479,499,3915,7.676470588235294,3257,Active/Regular Products,Zone B,25.0,1953585,60,35.0
21871,357,5453,15.105263157894736,3236,Active/Regular Products,Zone B,25.0,1946721,60,35.0
85150,478,4037,8.427974947807932,3250,Active/Regular Products,Zone B,25.0,1929686,60,35.0
82582,437,4365,9.943052391799544,3189,Active/Regular Products,Zone B,25.0,1907505,60,35.0
23231,260,7277,27.98846153846154,1973,Active/Regular Products,Zone B,25.0,1892020,60,35.0
21877,349,5411,15.46,3153,Active/Regular Products,Zone B,25.0,1888439,60,35.0
23296,378,4979,13.034031413612565,2728,Active/Regular Products,Zone B,25.0,1882062,60,35.0
23230,235,7976,33.94042553191489,1950,Active/Regular Products,Zone B,25.0,1874360,60,35.0
21165,449,4154,9.12967032967033,3309,Active/Regular Products,Zone B,25.0,1865146,60,35.0
21122,344,5325,15.214285714285714,3010,Active/Regular Products,Zone B,25.0,1831800,60,35.0
84568,147,12442,84.63945578231292,2959,Active/Regular Products,Zone B,25.0,1828974,60,35.0
22992,348,5233,14.69943820224719,2924,Active/Regular Products,Zone B,25.0,1821084,60,35.0
21154,451,4034,8.807860262008735,3302,Active/Regular Products,Zone B,25.0,1819334,60,35.0
22834,368,4941,13.246648793565683,3162,Active/Regular Products,Zone B,25.0,1818288,60,35.0
22113,561,3220,5.5326460481099655,3115,Active/Regular Products,Zone B,25.0,1806420,60,35.0
15056N,456,3950,8.624454148471616,3161,Active/Regular Products,Zone B,25.0,1801200,60,35.0
21935,530,3393,6.389830508474576,3354,Active/Regular Products,Zone B,25.0,1798290,60,35.0
16161P,248,7201,29.036290322580644,2069,Active/Regular Products,Zone B,25.0,1785848,60,35.0
21908,468,3771,7.972515856236787,3313,Active/Regular Products,Zone B,25.0,1764828,60,35.0
23078,257,6831,26.579766536964982,2742,Active/Regular Products,Zone B,25.0,1755567,60,35.0
22632,392,4468,11.197994987468672,2907,Active/Regular Products,Zone B,25.0,1751456,60,35.0
22579,338,5167,14.805157593123209,2987,Active/Regular Products,Zone B,25.0,1746446,60,35.0
72741,292,5958,20.33447098976109,3013,Active/Regular Products,Zone B,25.0,1739736,60,35.0
21136,370,4687,12.465425531914894,2837,Active/Regular Products,Zone B,25.0,1734190,60,35.0
22161,340,5083,14.238095238095237,3258,Active/Regular Products,Zone B,25.0,1728220,60,35.0
23322,562,3069,5.365384615384615,2886,Active/Regular Products,Zone B,25.0,1724778,60,35.0
23263,445,3863,8.149789029535865,2905,Active/Regular Products,Zone B,25.0,1719035,60,35.0
23581,338,5020,14.55072463768116,2541,Active/Regular Products,Zone B,25.0,1696760,60,35.0
21916,359,4599,12.6,3193,Active/Regular Products,Zone B,25.0,1651041,60,35.0
22766,504,3267,6.431102362204724,3168,Active/Regular Products,Zone B,25.0,1646568,60,35.0
23493,415,3964,9.349056603773585,2767,Active/Regular Products,Zone B,25.0,1645060,60,35.0
22730,570,2885,5.043706293706293,3122,Active/Regular Products,Zone B,25.0,1644450,60,35.0
22908,375,4380,11.43603133159269,3068,Active/Regular Products,Zone B,25.0,1642500,60,35.0
21034,871,1878,2.066006600660066,3050,High-Volume Products,Zone A,10.0,1635738,60,50.0
22294,299,5457,17.775244299674267,3172,Active/Regular Products,Zone B,25.0,1631643,60,35.0
21523,502,3245,6.464143426294821,3180,Active/Regular Products,Zone B,25.0,1628990,60,35.0
21172,467,3485,7.352320675105485,3081,Active/Regular Products,Zone B,25.0,1627495,60,35.0
21671,369,4402,11.897297297297298,2987,Active/Regular Products,Zone B,25.0,1624338,60,35.0
84596F,435,3732,8.405405405405405,3254,Active/Regular Products,Zone B,25.0,1623420,60,35.0
22646,390,4160,10.585241730279899,3119,Active/Regular Products,Zone B,25.0,1622400,60,35.0
22065,241,6729,26.808764940239044,3062,Active/Regular Products,Zone B,25.0,1621689,60,35.0
21481,490,3307,6.614,3246,Active/Regular Products,Zone B,25.0,1620430,60,35.0
23182,433,3741,8.560640732265446,3148,Active/Regular Products,Zone B,25.0,1619853,60,35.0
21670,374,4328,11.541333333333334,2902,Active/Regular Products,Zone B,25.0,1618672,60,35.0
22381,469,3439,7.2706131078224105,3118,Active/Regular Products,Zone B,25.0,1612891,60,35.0
20973,355,4497,12.32054794520548,3175,Active/Regular Products,Zone B,25.0,1596435,60,35.0
21673,365,4372,11.848238482384824,2987,Active/Regular Products,Zone B,25.0,1595780,60,35.0
21506,323,4922,15.238390092879257,3101,Active/Regular Products,Zone B,25.0,1589806,60,35.0
23198,475,3342,6.8907216494845365,2983,Active/Regular Products,Zone B,25.0,1587450,60,35.0
22568,470,3373,7.13107822410148,3099,Active/Regular Products,Zone B,25.0,1585310,60,35.0
23439,397,3986,9.674757281553399,2642,Active/Regular Products,Zone B,25.0,1582442,60,35.0
22027,362,4368,12.0,3113,Active/Regular Products,Zone B,25.0,1581216,60,35.0
22041,361,4374,11.983561643835616,3020,Active/Regular Products,Zone B,25.0,1579014,60,35.0
22297,378,4164,10.872062663185378,3229,Active/Regular Products,Zone B,25.0,1573992,60,35.0
82581,405,3883,9.564039408866995,3142,Active/Regular Products,Zone B,25.0,1572615,60,35.0
84997B,370,4214,11.267379679144385,2985,Active/Regular Products,Zone B,25.0,1559180,60,35.0
22979,381,4090,10.678851174934726,3046,Active/Regular Products,Zone B,25.0,1558290,60,35.0
22413,412,3774,9.072115384615385,3111,Active/Regular Products,Zone B,25.0,1554888,60,35.0
23294,354,4392,12.268156424581006,2835,Active/Regular Products,Zone B,25.0,1554768,60,35.0
22663,450,3419,7.580931263858093,3148,Active/Regular Products,Zone B,25.0,1538550,60,35.0
21238,387,3969,10.15089514066496,2895,Active/Regular Products,Zone B,25.0,1536003,60,35.0
21155,485,3155,6.425661914460285,3005,Active/Regular Products,Zone B,25.0,1530175,60,35.0
84029G,459,3319,7.122317596566524,3217,Active/Regular Products,Zone B,25.0,1523421,60,35.0
22030,274,5527,20.098181818181818,2758,Active/Regular Products,Zone B,25.0,1514398,60,35.0
21499,217,6927,31.921658986175114,2034,Active/Regular Products,Zone B,25.0,1503159,60,35.0
23319,403,3720,9.05109489051095,2639,Active/Regular Products,Zone B,25.0,1499160,60,35.0
22273,331,4509,13.54054054054054,3030,Active/Regular Products,Zone B,25.0,1492479,60,35.0
22352,482,3088,6.380165289256198,3223,Active/Regular Products,Zone B,25.0,1488416,60,35.0
23103,365,4072,10.829787234042554,2916,Active/Regular Products,Zone B,25.0,1486280,60,35.0
22804,474,3131,6.522916666666666,3218,Active/Regular Products,Zone B,25.0,1484094,60,35.0
21981,271,5468,20.02930402930403,3158,Active/Regular Products,Zone B,25.0,1481828,60,35.0
21810,252,5840,22.20532319391635,2999,Active/Regular Products,Zone B,25.0,1471680,60,35.0
22348,358,4084,11.313019390581717,3183,Active/Regular Products,Zone B,25.0,1462072,60,35.0
22631,396,3677,9.14676616915423,3096,Active/Regular Products,Zone B,25.0,1456092,60,35.0
75049L,205,7102,33.98086124401914,2799,Active/Regular Products,Zone B,25.0,1455910,60,35.0
16237,290,4991,16.976190476190474,3208,Active/Regular Products,Zone B,25.0,1447390,60,35.0
21430,477,3034,6.334029227557411,3066,Active/Regular Products,Zone B,25.0,1447218,60,35.0
23318,376,3809,9.971204188481675,2756,Active/Regular Products,Zone B,25.0,1432184,60,35.0
22333,317,4492,14.0375,2852,Active/Regular Products,Zone B,25.0,1423964,60,35.0
22150,468,3021,6.40042372881356,3190,Active/Regular Products,Zone B,25.0,1413828,60,35.0
47591D,439,3207,7.305239179954442,3080,Active/Regular Products,Zone B,25.0,1407873,60,35.0
23144,274,5089,18.505454545454544,2698,Active/Regular Products,Zone B,25.0,1394386,60,35.0
22037,354,3929,11.067605633802817,3119,Active/Regular Products,Zone B,25.0,1390866,60,35.0
84949,290,4789,16.40068493150685,2893,Active/Regular Products,Zone B,25.0,1388810,60,35.0
22712,312,4435,14.169329073482428,3072,Active/Regular Products,Zone B,25.0,1383720,60,35.0
22734,422,3261,7.548611111111111,2895,Active/Regular Products,Zone B,25.0,1376142,60,35.0
22970,317,4334,13.586206896551724,2830,Active/Regular Products,Zone B,25.0,1373878,60,35.0
22507,459,2960,6.44880174291939,3167,Active/Regular Products,Zone B,25.0,1358640,60,35.0
22045,208,6527,31.379807692307693,1846,Active/Regular Products,Zone B,25.0,1357616,60,35.0
21500,213,6350,29.812206572769952,2082,Active/Regular Products,Zone B,25.0,1352550,60,35.0
23167,231,5847,24.567226890756302,2776,Active/Regular Products,Zone B,25.0,1350657,60,35.0
22196,472,2847,5.943632567849686,3332,Active/Regular Products,Zone B,25.0,1343784,60,35.0
22624,711,1883,2.648382559774965,3250,High-Volume Products,Zone A,10.0,1338813,60,50.0
22667,464,2882,6.118895966029724,2859,Active/Regular Products,Zone B,25.0,1337248,60,35.0
22962,342,3896,11.391812865497077,3132,Active/Regular Products,Zone B,25.0,1332432,60,35.0
22087,326,4082,12.332326283987916,2816,Active/Regular Products,Zone B,25.0,1330732,60,35.0
22488,415,3195,7.661870503597123,3156,Active/Regular Products,Zone B,25.0,1325925,60,35.0
21621,475,2787,5.74639175257732,3002,Active/Regular Products,Zone B,25.0,1323825,60,35.0
48185,365,3615,9.87704918032787,2942,Active/Regular Products,Zone B,25.0,1319475,60,35.0
21892,412,3192,7.636363636363637,3256,Active/Regular Products,Zone B,25.0,1315104,60,35.0
23353,327,4007,12.105740181268882,2737,Active/Regular Products,Zone B,25.0,1310289,60,35.0
82483,543,2386,4.3699633699633695,3045,Active/Regular Products,Zone B,25.0,1295598,60,35.0
82486,605,2136,3.5073891625615765,3057,Active/Regular Products,Zone B,25.0,1292280,60,35.0
21704,248,5144,20.65863453815261,3014,Active/Regular Products,Zone B,25.0,1275712,60,35.0
22141,457,2791,6.015086206896552,3186,Active/Regular Products,Zone B,25.0,1275487,60,35.0
84997C,335,3783,11.292537313432836,2731,Active/Regular Products,Zone B,25.0,1267305,60,35.0
21755,629,2011,3.17192429022082,3202,Active/Regular Products,Zone B,25.0,1264919,60,35.0
21876,333,3789,11.344311377245509,3198,Active/Regular Products,Zone B,25.0,1261737,60,35.0
23351,354,3535,9.874301675977653,2734,Active/Regular Products,Zone B,25.0,1251390,60,35.0
23582,259,4802,18.328244274809162,2404,Active/Regular Products,Zone B,25.0,1243718,60,35.0
21385,317,3883,11.911042944785276,3174,Active/Regular Products,Zone B,25.0,1230911,60,35.0
20992,277,4425,15.206185567010309,2906,Active/Regular Products,Zone B,25.0,1225725,60,35.0
22142,377,3247,8.411917098445596,3024,Active/Regular Products,Zone B,25.0,1224119,60,35.0
20677,333,3674,10.90207715133531,2944,Active/Regular Products,Zone B,25.0,1223442,60,35.0
21967,232,5271,22.429787234042553,3072,Active/Regular Products,Zone B,25.0,1222872,60,35.0
23503,335,3643,10.652046783625732,2253,Active/Regular Products,Zone B,25.0,1220405,60,35.0
20979,325,3734,11.489230769230769,3011,Active/Regular Products,Zone B,25.0,1213550,60,35.0
21932,446,2720,6.044444444444444,3108,Active/Regular Products,Zone B,25.0,1213120,60,35.0
23192,345,3516,10.017094017094017,2688,Active/Regular Products,Zone B,25.0,1213020,60,35.0
23275,325,3720,11.137724550898204,2867,Active/Regular Products,Zone B,25.0,1209000,60,35.0
22173,493,2444,4.907630522088353,3310,Active/Regular Products,Zone B,25.0,1204892,60,35.0
23354,322,3740,11.333333333333334,2713,Active/Regular Products,Zone B,25.0,1204280,60,35.0
21900,372,3228,8.654155495978552,3202,Active/Regular Products,Zone B,25.0,1200816,60,35.0
23313,401,2990,7.328431372549019,2711,Active/Regular Products,Zone B,25.0,1198990,60,35.0
21829,177,6765,38.00561797752809,2807,Active/Regular Products,Zone B,25.0,1197405,60,35.0
22464,351,3402,9.637393767705383,3145,Active/Regular Products,Zone B,25.0,1194102,60,35.0
22570,386,3086,7.933161953727506,2964,Active/Regular Products,Zone B,25.0,1191196,60,35.0
21811,245,4850,19.1699604743083,3025,Active/Regular Products,Zone B,25.0,1188250,60,35.0
23172,305,3861,12.659016393442624,2858,Active/Regular Products,Zone B,25.0,1177605,60,35.0
20717,412,2855,6.84652278177458,3248,Active/Regular Products,Zone B,25.0,1176260,60,35.0
22534,261,4496,16.902255639097746,3022,Active/Regular Products,Zone B,25.0,1173456,60,35.0
85049E,409,2860,6.891566265060241,3249,Active/Regular Products,Zone B,25.0,1169740,60,35.0
22740,170,6842,40.247058823529414,2665,Active/Regular Products,Zone B,25.0,1163140,60,35.0
21240,325,3570,10.917431192660551,2788,Active/Regular Products,Zone B,25.0,1160250,60,35.0
23188,333,3471,10.299703264094955,2828,Active/Regular Products,Zone B,25.0,1155843,60,35.0
23173,416,2766,6.5700712589073635,2863,Active/Regular Products,Zone B,25.0,1150656,60,35.0
23328,405,2841,6.946210268948655,2881,Active/Regular Products,Zone B,25.0,1150605,60,35.0
84212,111,10315,92.92792792792793,1992,Active/Regular Products,Zone B,25.0,1144965,60,35.0
23005,241,4733,19.397540983606557,2783,Active/Regular Products,Zone B,25.0,1140653,60,35.0
22549,356,3188,8.806629834254144,3195,Active/Regular Products,Zone B,25.0,1134928,60,35.0
21156,358,3170,8.805555555555555,2934,Active/Regular Products,Zone B,25.0,1134860,60,35.0
23356,476,2359,4.8539094650205765,2673,Active/Regular Products,Zone B,25.0,1122884,60,35.0
23286,222,5048,22.73873873873874,2745,Active/Regular Products,Zone B,25.0,1120656,60,35.0
23168,337,3291,9.62280701754386,2888,Active/Regular Products,Zone B,25.0,1109067,60,35.0
23583,325,3385,10.19578313253012,2550,Active/Regular Products,Zone B,25.0,1100125,60,35.0
22619,443,2480,5.560538116591928,3252,Active/Regular Products,Zone B,25.0,1098640,60,35.0
82552,364,3012,8.184782608695652,3161,Active/Regular Products,Zone B,25.0,1096368,60,35.0
22082,409,2680,6.457831325301205,3164,Active/Regular Products,Zone B,25.0,1096120,60,35.0
21933,410,2672,6.407673860911271,3130,Active/Regular Products,Zone B,25.0,1095520,60,35.0
23349,337,3221,9.39067055393586,2731,Active/Regular Products,Zone B,25.0,1085477,60,35.0
21843,539,2012,3.7190388170055453,3111,Active/Regular Products,Zone B,25.0,1084468,60,35.0
84536A,341,3138,9.095652173913043,3241,Active/Regular Products,Zone B,25.0,1070058,60,35.0
22427,506,2106,4.137524557956778,2949,Active/Regular Products,Zone B,25.0,1065636,60,35.0
22991,274,3887,13.931899641577061,2760,Active/Regular Products,Zone B,25.0,1065038,60,35.0
22816,266,3987,14.876865671641792,3094,Active/Regular Products,Zone B,25.0,1060542,60,35.0
22749,449,2362,5.1798245614035086,3105,Active/Regular Products,Zone B,25.0,1060538,60,35.0
22989,372,2811,7.436507936507937,3031,Active/Regular Products,Zone B,25.0,1045692,60,35.0
23175,329,3160,9.546827794561933,2823,Active/Regular Products,Zone B,25.0,1039640,60,35.0
22158,303,3413,11.117263843648209,3034,Active/Regular Products,Zone B,25.0,1034139,60,35.0
22729,445,2323,5.139380530973451,2903,Active/Regular Products,Zone B,25.0,1033735,60,35.0
22174,321,3218,9.901538461538461,3247,Active/Regular Products,Zone B,25.0,1032978,60,35.0
21242,304,3373,11.095394736842104,2813,Active/Regular Products,Zone B,25.0,1025392,60,35.0
21509,274,3741,13.653284671532846,3026,Active/Regular Products,Zone B,25.0,1025034,60,35.0
22617,464,2209,4.730192719486081,2946,Active/Regular Products,Zone B,25.0,1024976,60,35.0
82551,351,2918,8.266288951841359,3242,Active/Regular Products,Zone B,25.0,1024218,60,35.0
21035,394,2599,6.5465994962216625,3200,Active/Regular Products,Zone B,25.0,1024006,60,35.0
84987,334,3051,9.134730538922156,3049,Active/Regular Products,Zone B,25.0,1019034,60,35.0
22963,307,3290,10.647249190938512,3147,Active/Regular Products,Zone B,25.0,1010030,60,35.0
20675,322,3120,9.62962962962963,2882,Active/Regular Products,Zone B,25.0,1004640,60,35.0
22296,318,3140,9.602446483180428,3033,Active/Regular Products,Zone B,25.0,998520,60,35.0
21934,411,2421,5.87621359223301,3267,Active/Regular Products,Zone B,25.0,995031,60,35.0
22964,378,2624,6.8871391076115485,3133,Active/Regular Products,Zone B,25.0,991872,60,35.0
23174,322,3055,9.429012345679013,2764,Active/Regular Products,Zone B,25.0,983710,60,35.0
85049A,323,3001,9.149390243902438,3128,Active/Regular Products,Zone B,25.0,969323,60,35.0
16156S,167,5800,34.73053892215569,1786,Active/Regular Products,Zone B,25.0,968600,60,35.0
22950,185,5209,28.156756756756756,2228,Active/Regular Products,Zone B,25.0,963665,60,35.0
22772,254,3793,14.81640625,2876,Active/Regular Products,Zone B,25.0,963422,60,35.0
21124,240,4011,16.574380165289256,2579,Active/Regular Products,Zone B,25.0,962640,60,35.0
22569,348,2759,7.882857142857143,2911,Active/Regular Products,Zone B,25.0,960132,60,35.0
22851,350,2741,7.742937853107344,3092,Active/Regular Products,Zone B,25.0,959350,60,35.0
21218,394,2433,6.113065326633166,3032,Active/Regular Products,Zone B,25.0,958602,60,35.0
21495,165,5800,35.15151515151515,1793,Active/Regular Products,Zone B,25.0,957000,60,35.0
21917,225,4151,18.448888888888888,2889,Active/Regular Products,Zone B,25.0,933975,60,35.0
21239,307,3016,9.729032258064516,2858,Active/Regular Products,Zone B,25.0,925912,60,35.0
85066,519,1784,3.404580152671756,3144,Active/Regular Products,Zone B,25.0,925896,60,35.0
22440,154,6010,38.28025477707006,2408,Active/Regular Products,Zone B,25.0,925540,60,35.0
23367,282,3278,11.501754385964912,2672,Active/Regular Products,Zone B,25.0,924396,60,35.0
22748,436,2117,4.8223234624145785,3172,Active/Regular Products,Zone B,25.0,923012,60,35.0
21098,248,3719,14.303846153846154,3130,Active/Regular Products,Zone B,25.0,922312,60,35.0
22716,288,3201,11.114583333333334,3047,Active/Regular Products,Zone B,25.0,921888,60,35.0
22188,189,4870,25.767195767195766,2754,Active/Regular Products,Zone B,25.0,920430,60,35.0
51014A,239,3842,16.07531380753138,3080,Active/Regular Products,Zone B,25.0,918238,60,35.0
23285,191,4807,25.036458333333332,2724,Active/Regular Products,Zone B,25.0,918137,60,35.0
21216,430,2128,4.903225806451613,3137,Active/Regular Products,Zone B,25.0,915040,60,35.0
22704,174,5253,30.189655172413794,1704,Active/Regular Products,Zone B,25.0,914022,60,35.0
47590B,393,2323,5.895939086294416,2822,Active/Regular Products,Zone B,25.0,912939,60,35.0
15056BL,321,2844,8.85981308411215,2929,Active/Regular Products,Zone B,25.0,912924,60,35.0
22596,262,3476,13.116981132075471,2636,Active/Regular Products,Zone B,25.0,910712,60,35.0
22609,155,5874,37.65384615384615,2769,Active/Regular Products,Zone B,25.0,910470,60,35.0
15034,138,6591,47.76086956521739,2868,Active/Regular Products,Zone B,25.0,909558,60,35.0
22637,329,2760,8.389057750759878,3016,Active/Regular Products,Zone B,25.0,908040,60,35.0
22419,272,3338,12.050541516245488,3169,Active/Regular Products,Zone B,25.0,907936,60,35.0
22502,463,1937,4.156652360515022,2973,Active/Regular Products,Zone B,25.0,896831,60,35.0
22818,244,3633,14.889344262295081,3034,Active/Regular Products,Zone B,25.0,886452,60,35.0
23320,333,2661,7.872781065088757,2536,Active/Regular Products,Zone B,25.0,886113,60,35.0
22625,546,1620,2.967032967032967,3237,Active/Regular Products,Zone B,25.0,884520,60,35.0
22898,365,2414,6.577656675749319,2942,Active/Regular Products,Zone B,25.0,881110,60,35.0
23000,278,3169,11.3584229390681,2988,Active/Regular Products,Zone B,25.0,880982,60,35.0
21558,412,2131,5.122596153846154,3172,Active/Regular Products,Zone B,25.0,877972,60,35.0
21874,295,2974,10.08135593220339,3195,Active/Regular Products,Zone B,25.0,877330,60,35.0
23165,280,3114,11.003533568904594,2814,Active/Regular Products,Zone B,25.0,871920,60,35.0
21907,367,2371,6.442934782608695,2978,Active/Regular Products,Zone B,25.0,870157,60,35.0
21507,262,3320,12.67175572519084,3077,Active/Regular Products,Zone B,25.0,869840,60,35.0
47566B,365,2379,6.5,2857,Active/Regular Products,Zone B,25.0,868335,60,35.0
21078,313,2769,8.790476190476191,2921,Active/Regular Products,Zone B,25.0,866697,60,35.0
22491,219,3947,17.85972850678733,2600,Active/Regular Products,Zone B,25.0,864393,60,35.0
23288,185,4625,24.865591397849464,2700,Active/Regular Products,Zone B,25.0,855625,60,35.0
22745,423,2021,4.7552941176470584,3195,Active/Regular Products,Zone B,25.0,854883,60,35.0
21535,343,2487,7.187861271676301,2720,Active/Regular Products,Zone B,25.0,853041,60,35.0
22499,407,2091,5.1,2964,Active/Regular Products,Zone B,25.0,851037,60,35.0
22725,428,1980,4.56221198156682,3071,Active/Regular Products,Zone B,25.0,847440,60,35.0
22530,233,3628,15.438297872340426,2948,Active/Regular Products,Zone B,25.0,845324,60,35.0
22338,180,4679,25.155913978494624,2885,Active/Regular Products,Zone B,25.0,842220,60,35.0
21524,480,1752,3.6424116424116426,3116,Active/Regular Products,Zone B,25.0,840960,60,35.0
21992,436,1901,4.300904977375565,3283,Active/Regular Products,Zone B,25.0,828836,60,35.0
22920,242,3423,14.028688524590164,2982,Active/Regular Products,Zone B,25.0,828366,60,35.0
48184,407,2035,5.0,2941,Active/Regular Products,Zone B,25.0,828245,60,35.0
21390,212,3903,17.82191780821918,2844,Active/Regular Products,Zone B,25.0,827436,60,35.0
23350,305,2712,8.720257234726688,2694,Active/Regular Products,Zone B,25.0,827160,60,35.0
84050,256,3229,12.467181467181467,3010,Active/Regular Products,Zone B,25.0,826624,60,35.0
22750,413,2001,4.810096153846154,3055,Active/Regular Products,Zone B,25.0,826413,60,35.0
22645,351,2354,6.630985915492958,3148,Active/Regular Products,Zone B,25.0,826254,60,35.0
23108,372,2219,5.949061662198392,2658,Active/Regular Products,Zone B,25.0,825468,60,35.0
21993,425,1937,4.5362997658079625,3298,Active/Regular Products,Zone B,25.0,823225,60,35.0
23311,344,2390,6.887608069164265,2685,Active/Regular Products,Zone B,25.0,822160,60,35.0
22456,476,1727,3.620545073375262,3126,Active/Regular Products,Zone B,25.0,822052,60,35.0
23233,158,5175,32.54716981132076,1736,Active/Regular Products,Zone B,25.0,817650,60,35.0
23236,327,2493,7.554545454545455,2754,Active/Regular Products,Zone B,25.0,815211,60,35.0
21519,246,3299,13.410569105691057,2862,Active/Regular Products,Zone B,25.0,811554,60,35.0
21989,335,2409,7.106194690265487,2828,Active/Regular Products,Zone B,25.0,807015,60,35.0
21974,360,2219,6.163888888888889,3147,Active/Regular Products,Zone B,25.0,798840,60,35.0
22028,262,3042,11.566539923954373,3063,Active/Regular Products,Zone B,25.0,797004,60,35.0
22563,281,2823,9.940140845070422,2830,Active/Regular Products,Zone B,25.0,793263,60,35.0
22544,175,4518,25.670454545454547,2993,Active/Regular Products,Zone B,25.0,790650,60,35.0
84832,268,2933,10.822878228782288,3152,Active/Regular Products,Zone B,25.0,786044,60,35.0
23241,363,2165,5.915300546448087,2931,Active/Regular Products,Zone B,25.0,785895,60,35.0
22714,225,3487,15.497777777777777,2996,Active/Regular Products,Zone B,25.0,784575,60,35.0
23306,277,2808,10.064516129032258,2794,Active/Regular Products,Zone B,25.0,777816,60,35.0
23256,368,2113,5.68010752688172,2726,Active/Regular Products,Zone B,25.0,777584,60,35.0
47590A,390,1990,5.102564102564102,2865,Active/Regular Products,Zone B,25.0,776100,60,35.0
21986,189,4067,21.293193717277486,2923,Active/Regular Products,Zone B,25.0,768663,60,35.0
22817,290,2639,9.1,3173,Active/Regular Products,Zone B,25.0,765310,60,35.0
23570,276,2772,9.692307692307692,2621,Active/Regular Products,Zone B,25.0,765072,60,35.0
85175,143,5321,37.20979020979021,2266,Active/Regular Products,Zone B,25.0,760903,60,35.0
21484,402,1871,4.5634146341463415,3103,Active/Regular Products,Zone B,25.0,752142,60,35.0
22668,345,2179,6.315942028985507,3066,Active/Regular Products,Zone B,25.0,751755,60,35.0
22608,144,5211,36.1875,2833,Active/Regular Products,Zone B,25.0,750384,60,35.0
23215,210,3564,16.732394366197184,2368,Active/Regular Products,Zone B,25.0,748440,60,35.0
21868,302,2477,8.148026315789474,3122,Active/Regular Products,Zone B,25.0,748054,60,35.0
22713,217,3441,15.784403669724771,3024,Active/Regular Products,Zone B,25.0,746697,60,35.0
22694,405,1842,4.481751824817518,3234,Active/Regular Products,Zone B,25.0,746010,60,35.0
21899,278,2679,9.533807829181494,3106,Active/Regular Products,Zone B,25.0,744762,60,35.0
22536,156,4752,30.26751592356688,2572,Active/Regular Products,Zone B,25.0,741312,60,35.0
22195,373,1976,5.227513227513228,3264,Active/Regular Products,Zone B,25.0,737048,60,35.0
22775,237,3105,12.830578512396695,2917,Active/Regular Products,Zone B,25.0,735885,60,35.0
22303,261,2816,10.748091603053435,2654,Active/Regular Products,Zone B,25.0,734976,60,35.0
20983,268,2737,9.88086642599278,2741,Active/Regular Products,Zone B,25.0,733516,60,35.0
22435,266,2757,10.287313432835822,2968,Active/Regular Products,Zone B,25.0,733362,60,35.0
21984,212,3458,16.1588785046729,3066,Active/Regular Products,Zone B,25.0,733096,60,35.0
23571,257,2841,10.84351145038168,2602,Active/Regular Products,Zone B,25.0,730137,60,35.0
35961,244,2986,12.040322580645162,3156,Active/Regular Products,Zone B,25.0,728584,60,35.0
21623,221,3269,14.79185520361991,2605,Active/Regular Products,Zone B,25.0,722449,60,35.0
16014,54,13328,246.8148148148148,1000,Slow-Moving Products,Zone D,60.0,719712,60,0.0
20996,225,3191,14.119469026548673,2930,Active/Regular Products,Zone B,25.0,717975,60,35.0
22501,445,1602,3.6,2980,Active/Regular Products,Zone B,25.0,712890,60,35.0
21313,214,3321,15.518691588785046,3072,Active/Regular Products,Zone B,25.0,710694,60,35.0
21912,396,1786,4.51010101010101,3214,Active/Regular Products,Zone B,25.0,707256,60,35.0
22815,268,2628,9.805970149253731,3126,Active/Regular Products,Zone B,25.0,704304,60,35.0
22819,270,2608,9.65925925925926,3090,Active/Regular Products,Zone B,25.0,704160,60,35.0
23378,176,3997,21.84153005464481,2506,Active/Regular Products,Zone B,25.0,703472,60,35.0
22295,250,2789,10.98031496062992,3020,Active/Regular Products,Zone B,25.0,697250,60,35.0
22959,142,4901,34.514084507042256,1704,Active/Regular Products,Zone B,25.0,695942,60,35.0
21746,226,3075,13.486842105263158,2732,Active/Regular Products,Zone B,25.0,694950,60,35.0
85199S,261,2660,9.925373134328359,3154,Active/Regular Products,Zone B,25.0,694260,60,35.0
23297,161,4303,26.39877300613497,2021,Active/Regular Products,Zone B,25.0,692783,60,35.0
23082,297,2328,7.683168316831683,2755,Active/Regular Products,Zone B,25.0,691416,60,35.0
22980,291,2363,8.037414965986395,2915,Active/Regular Products,Zone B,25.0,687633,60,35.0
22431,334,2058,6.125,2960,Active/Regular Products,Zone B,25.0,687372,60,35.0
22171,382,1794,4.696335078534031,3069,Active/Regular Products,Zone B,25.0,685308,60,35.0
16169E,149,4563,30.42,1727,Active/Regular Products,Zone B,25.0,679887,60,35.0
22752,380,1787,4.678010471204188,3179,Active/Regular Products,Zone B,25.0,679060,60,35.0
23247,309,2194,7.100323624595469,2627,Active/Regular Products,Zone B,25.0,677946,60,35.0
22227,289,2341,7.777408637873754,3148,Active/Regular Products,Zone B,25.0,676549,60,35.0
22531,200,3382,16.82587064676617,2825,Active/Regular Products,Zone B,25.0,676400,60,35.0
23177,267,2532,9.377777777777778,2950,Active/Regular Products,Zone B,25.0,676044,60,35.0
20749,383,1762,4.576623376623377,2721,Active/Regular Products,Zone B,25.0,674846,60,35.0
22692,443,1522,3.435665914221219,3082,Active/Regular Products,Zone B,25.0,674246,60,35.0
20750,385,1747,4.525906735751295,2649,Active/Regular Products,Zone B,25.0,672595,60,35.0
23158,255,2633,10.325490196078432,2904,Active/Regular Products,Zone B,25.0,671415,60,35.0
84997A,260,2573,9.896153846153846,2792,Active/Regular Products,Zone B,25.0,668980,60,35.0
22378,293,2283,7.76530612244898,3165,Active/Regular Products,Zone B,25.0,668919,60,35.0
85014B,350,1910,5.457142857142857,3123,Active/Regular Products,Zone B,25.0,668500,60,35.0
22776,536,1244,2.3165735567970205,3068,Active/Regular Products,Zone B,25.0,666784,60,35.0
22614,219,3032,13.657657657657658,2973,Active/Regular Products,Zone B,25.0,664008,60,35.0
22971,272,2431,8.872262773722628,2824,Active/Regular Products,Zone B,25.0,661232,60,35.0
23266,319,2053,6.091988130563799,2824,Active/Regular Products,Zone B,25.0,654907,60,35.0
22899,313,2069,6.568253968253968,3023,Active/Regular Products,Zone B,25.0,647597,60,35.0
71053,333,1944,5.7176470588235295,3061,Active/Regular Products,Zone B,25.0,647352,60,35.0
22193,460,1400,3.0434782608695654,2880,Active/Regular Products,Zone B,25.0,644000,60,35.0
20984,170,3785,21.505681818181817,2021,Active/Regular Products,Zone B,25.0,643450,60,35.0
22999,222,2894,12.862222222222222,2809,Active/Regular Products,Zone B,25.0,642468,60,35.0
22212,399,1609,3.982673267326733,3306,Active/Regular Products,Zone B,25.0,641991,60,35.0
22466,209,3069,14.545023696682465,2937,Active/Regular Products,Zone B,25.0,641421,60,35.0
23109,268,2386,8.772058823529411,2786,Active/Regular Products,Zone B,25.0,639448,60,35.0
22437,226,2828,12.458149779735683,2891,Active/Regular Products,Zone B,25.0,639128,60,35.0
22398,248,2575,10.218253968253968,2709,Active/Regular Products,Zone B,25.0,638600,60,35.0
21888,378,1688,4.465608465608466,3151,Active/Regular Products,Zone B,25.0,638064,60,35.0
22986,155,4105,26.483870967741936,1922,Active/Regular Products,Zone B,25.0,636275,60,35.0
21770,388,1638,4.210796915167095,2772,Active/Regular Products,Zone B,25.0,635544,60,35.0
23154,235,2701,11.254166666666666,2613,Active/Regular Products,Zone B,25.0,634735,60,35.0
22995,266,2381,8.884328358208956,3042,Active/Regular Products,Zone B,25.0,633346,60,35.0
21380,290,2165,7.4655172413793105,2877,Active/Regular Products,Zone B,25.0,627850,60,35.0
82578,305,2058,6.703583061889251,3210,Active/Regular Products,Zone B,25.0,627690,60,35.0
22855,237,2642,11.100840336134453,2689,Active/Regular Products,Zone B,25.0,626154,60,35.0
23191,281,2201,7.668989547038327,2738,Active/Regular Products,Zone B,25.0,618481,60,35.0
22571,254,2434,9.434108527131784,3076,Active/Regular Products,Zone B,25.0,618236,60,35.0
22940,321,1915,5.856269113149847,2912,Active/Regular Products,Zone B,25.0,614715,60,35.0
22079,323,1897,5.819018404907975,3046,Active/Regular Products,Zone B,25.0,612731,60,35.0
21990,366,1672,4.531165311653116,3267,Active/Regular Products,Zone B,25.0,611952,60,35.0
22644,276,2214,8.021739130434783,3015,Active/Regular Products,Zone B,25.0,611064,60,35.0
22154,162,3745,22.56024096385542,2955,Active/Regular Products,Zone B,25.0,606690,60,35.0
16045,68,8900,128.9855072463768,1328,Active/Regular Products,Zone B,25.0,605200,60,35.0
22602,273,2215,7.910714285714286,3137,Active/Regular Products,Zone B,25.0,604695,60,35.0
21494,313,1928,6.10126582278481,3200,Active/Regular Products,Zone B,25.0,603464,60,35.0
22191,415,1445,3.4569377990430623,2767,Active/Regular Products,Zone B,25.0,599675,60,35.0
20969,305,1960,6.405228758169935,2998,Active/Regular Products,Zone B,25.0,597800,60,35.0
22738,275,2173,7.844765342960288,3058,Active/Regular Products,Zone B,25.0,597575,60,35.0
47559B,287,2077,7.186851211072664,3027,Active/Regular Products,Zone B,25.0,596099,60,35.0
22573,221,2684,12.09009009009009,3036,Active/Regular Products,Zone B,25.0,593164,60,35.0
48188,287,2064,7.191637630662021,2917,Active/Regular Products,Zone B,25.0,592368,60,35.0
22131,291,2031,6.861486486486487,3075,Active/Regular Products,Zone B,25.0,591021,60,35.0
23332,287,2059,6.956081081081081,2540,Active/Regular Products,Zone B,25.0,590933,60,35.0
23264,299,1963,6.251592356687898,2843,Active/Regular Products,Zone B,25.0,586937,60,35.0
22978,238,2464,10.352941176470589,2742,Active/Regular Products,Zone B,25.0,586432,60,35.0
22895,284,2058,7.195804195804196,3020,Active/Regular Products,Zone B,25.0,584472,60,35.0
22915,184,3152,17.037837837837838,2964,Active/Regular Products,Zone B,25.0,579968,60,35.0
21033,300,1932,6.44,2863,Active/Regular Products,Zone B,25.0,579600,60,35.0
22739,318,1818,5.663551401869159,3174,Active/Regular Products,Zone B,25.0,578124,60,35.0
22792,206,2785,13.519417475728156,3087,Active/Regular Products,Zone B,25.0,573710,60,35.0
84406B,284,2015,7.045454545454546,2955,Active/Regular Products,Zone B,25.0,572260,60,35.0
22670,301,1882,6.211221122112211,3095,Active/Regular Products,Zone B,25.0,566482,60,35.0
21878,224,2523,11.06578947368421,2941,Active/Regular Products,Zone B,25.0,565152,60,35.0
22997,222,2545,11.41255605381166,2859,Active/Regular Products,Zone B,25.0,564990,60,35.0
21901,308,1828,5.803174603174603,3139,Active/Regular Products,Zone B,25.0,563024,60,35.0
22156,256,2196,8.413793103448276,3197,Active/Regular Products,Zone B,25.0,562176,60,35.0
10133,196,2856,14.571428571428571,2732,Active/Regular Products,Zone B,25.0,559776,60,35.0
23196,298,1872,6.157894736842105,2836,Active/Regular Products,Zone B,25.0,557856,60,35.0
20679,326,1710,5.229357798165138,2924,Active/Regular Products,Zone B,25.0,557460,60,35.0
23100,257,2166,8.23574144486692,2731,Active/Regular Products,Zone B,25.0,556662,60,35.0
22301,252,2205,8.75,3044,Active/Regular Products,Zone B,25.0,555660,60,35.0
22421,213,2597,12.07906976744186,3084,Active/Regular Products,Zone B,25.0,553161,60,35.0
23368,232,2379,10.080508474576272,2665,Active/Regular Products,Zone B,25.0,551928,60,35.0
20982,256,2151,8.305019305019306,2804,Active/Regular Products,Zone B,25.0,550656,60,35.0
23210,192,2849,14.103960396039604,2661,Active/Regular Products,Zone B,25.0,547008,60,35.0
16161U,134,4075,30.41044776119403,1717,Active/Regular Products,Zone B,25.0,546050,60,35.0
22567,222,2448,10.928571428571429,3012,Active/Regular Products,Zone B,25.0,543456,60,35.0
22493,220,2461,11.085585585585585,2836,Active/Regular Products,Zone B,25.0,541420,60,35.0
22665,356,1516,4.258426966292135,3076,Active/Regular Products,Zone B,25.0,539696,60,35.0
40016,97,5556,57.27835051546392,2251,Active/Regular Products,Zone B,25.0,538932,60,35.0
22460,211,2546,12.066350710900474,2958,Active/Regular Products,Zone B,25.0,537206,60,35.0
85053,317,1693,5.25776397515528,3100,Active/Regular Products,Zone B,25.0,536681,60,35.0
22335,225,2380,10.347826086956522,3107,Active/Regular Products,Zone B,25.0,535500,60,35.0
23089,225,2354,10.324561403508772,2882,Active/Regular Products,Zone B,25.0,529650,60,35.0
23148,247,2139,8.421259842519685,2460,Active/Regular Products,Zone B,25.0,528333,60,35.0
21508,213,2478,11.633802816901408,2960,Active/Regular Products,Zone B,25.0,527814,60,35.0
22597,186,2821,14.847368421052632,2989,Active/Regular Products,Zone B,25.0,524706,60,35.0
21090,217,2413,11.068807339449542,2962,Active/Regular Products,Zone B,25.0,523621,60,35.0
79000,125,4162,33.296,2366,Active/Regular Products,Zone B,25.0,520250,60,35.0
23290,214,2430,11.355140186915888,2644,Active/Regular Products,Zone B,25.0,520020,60,35.0
22941,311,1670,5.369774919614148,2994,Active/Regular Products,Zone B,25.0,519370,60,35.0
22754,266,1951,7.279850746268656,3170,Active/Regular Products,Zone B,25.0,518966,60,35.0
23265,293,1769,5.8,2798,Active/Regular Products,Zone B,25.0,518317,60,35.0
22574,222,2333,10.415178571428571,3028,Active/Regular Products,Zone B,25.0,517926,60,35.0
22813,218,2372,10.880733944954128,3003,Active/Regular Products,Zone B,25.0,517096,60,35.0
21179,266,1940,7.132352941176471,2864,Active/Regular Products,Zone B,25.0,516040,60,35.0
16235,168,3068,18.261904761904763,3062,Active/Regular Products,Zone B,25.0,515424,60,35.0
22945,172,2991,17.091428571428573,2864,Active/Regular Products,Zone B,25.0,514452,60,35.0
22024,213,2406,11.295774647887324,3094,Active/Regular Products,Zone B,25.0,512478,60,35.0
22271,301,1701,5.6138613861386135,2940,Active/Regular Products,Zone B,25.0,512001,60,35.0
23159,223,2293,10.236607142857142,2689,Active/Regular Products,Zone B,25.0,511339,60,35.0
23254,299,1703,5.657807308970099,2382,Active/Regular Products,Zone B,25.0,509197,60,35.0
21135,177,2869,15.763736263736265,2608,Active/Regular Products,Zone B,25.0,507813,60,35.0
23238,274,1849,6.651079136690647,2720,Active/Regular Products,Zone B,25.0,506626,60,35.0
21394,131,3865,29.50381679389313,2190,Active/Regular Products,Zone B,25.0,506315,60,35.0
22564,186,2697,14.5,2654,Active/Regular Products,Zone B,25.0,501642,60,35.0
22814,235,2129,9.059574468085106,3087,Active/Regular Products,Zone B,25.0,500315,60,35.0
84030E,334,1497,4.455357142857143,3121,Active/Regular Products,Zone B,25.0,499998,60,35.0
23497,195,2558,12.79,2334,Active/Regular Products,Zone B,25.0,498810,60,35.0
DOT,706,706,1.0,3274,Active/Regular Products,Zone B,25.0,498436,60,35.0
21164,282,1766,6.21830985915493,3073,Active/Regular Products,Zone B,25.0,498012,60,35.0
21429,286,1740,5.979381443298969,3165,Active/Regular Products,Zone B,25.0,497640,60,35.0
22904,271,1834,6.693430656934306,2992,Active/Regular Products,Zone B,25.0,497014,60,35.0
22601,200,2479,12.272277227722773,3000,Active/Regular Products,Zone B,25.0,495800,60,35.0
22302,212,2329,10.934272300469484,2476,Active/Regular Products,Zone B,25.0,493748,60,35.0
22892,199,2472,12.422110552763819,2002,Active/Regular Products,Zone B,25.0,491928,60,35.0
20981,249,1974,7.896,2762,Active/Regular Products,Zone B,25.0,491526,60,35.0
23176,226,2165,9.537444933920705,2876,Active/Regular Products,Zone B,25.0,489290,60,35.0
23169,314,1556,4.93968253968254,2798,Active/Regular Products,Zone B,25.0,488584,60,35.0
23147,261,1868,7.049056603773585,2388,Active/Regular Products,Zone B,25.0,487548,60,35.0
47593B,245,1987,8.044534412955466,3186,Active/Regular Products,Zone B,25.0,486815,60,35.0
23333,233,2089,8.59670781893004,2328,Active/Regular Products,Zone B,25.0,486737,60,35.0
22109,296,1640,5.48494983277592,3211,Active/Regular Products,Zone B,25.0,485440,60,35.0
23292,222,2181,9.780269058295964,2733,Active/Regular Products,Zone B,25.0,484182,60,35.0
23346,184,2628,14.129032258064516,2650,Active/Regular Products,Zone B,25.0,483552,60,35.0
22798,267,1798,6.734082397003745,3076,Active/Regular Products,Zone B,25.0,480066,60,35.0
21243,210,2285,10.829383886255924,2515,Active/Regular Products,Zone B,25.0,479850,60,35.0
23229,256,1869,7.30078125,2605,Active/Regular Products,Zone B,25.0,478464,60,35.0
22994,218,2194,10.018264840182649,2934,Active/Regular Products,Zone B,25.0,478292,60,35.0
23234,277,1722,6.194244604316546,2682,Active/Regular Products,Zone B,25.0,476994,60,35.0
22432,277,1716,6.150537634408602,2771,Active/Regular Products,Zone B,25.0,475332,60,35.0
23083,246,1932,7.759036144578313,2644,Active/Regular Products,Zone B,25.0,475272,60,35.0
22607,358,1327,3.6963788300835656,2933,Active/Regular Products,Zone B,25.0,475066,60,35.0
22746,328,1447,4.398176291793313,3094,Active/Regular Products,Zone B,25.0,474616,60,35.0
22429,376,1262,3.3386243386243386,3125,Active/Regular Products,Zone B,25.0,474512,60,35.0
21084,181,2610,14.184782608695652,2786,Active/Regular Products,Zone B,25.0,472410,60,35.0
20978,263,1795,6.7481203007518795,3029,Active/Regular Products,Zone B,25.0,472085,60,35.0
22508,296,1594,5.385135135135135,3046,Active/Regular Products,Zone B,25.0,471824,60,35.0
23376,155,3039,19.11320754716981,2484,Active/Regular Products,Zone B,25.0,471045,60,35.0
35953,131,3581,26.723880597014926,2583,Active/Regular Products,Zone B,25.0,469111,60,35.0
22653,250,1876,7.41501976284585,3062,Active/Regular Products,Zone B,25.0,469000,60,35.0
22710,104,4501,43.27884615384615,1468,Active/Regular Products,Zone B,25.0,468104,60,35.0
51014C,174,2687,15.354285714285714,2927,Active/Regular Products,Zone B,25.0,467538,60,35.0
22241,239,1952,8.099585062240664,2710,Active/Regular Products,Zone B,25.0,466528,60,35.0
21803,198,2353,11.883838383838384,3142,Active/Regular Products,Zone B,25.0,465894,60,35.0
22917,240,1937,8.037344398340249,3018,Active/Regular Products,Zone B,25.0,464880,60,35.0
21592,216,2149,9.63677130044843,2365,Active/Regular Products,Zone B,25.0,464184,60,35.0
23032,199,2328,11.467980295566502,2305,Active/Regular Products,Zone B,25.0,463272,60,35.0
22654,328,1411,4.275757575757575,3171,Active/Regular Products,Zone B,25.0,462808,60,35.0
21328,346,1337,3.8419540229885056,3254,Active/Regular Products,Zone B,25.0,462602,60,35.0
22690,285,1619,5.660839160839161,2632,Active/Regular Products,Zone B,25.0,461415,60,35.0
21533,339,1351,3.973529411764706,2753,Active/Regular Products,Zone B,25.0,457989,60,35.0
21833,168,2726,16.226190476190474,2911,Active/Regular Products,Zone B,25.0,457968,60,35.0
21880,240,1903,7.8962655601659755,3022,Active/Regular Products,Zone B,25.0,456720,60,35.0
22584,196,2330,11.82741116751269,2919,Active/Regular Products,Zone B,25.0,456680,60,35.0
22896,288,1584,5.462068965517242,2905,Active/Regular Products,Zone B,25.0,456192,60,35.0
84596G,245,1855,7.510121457489879,3113,Active/Regular Products,Zone B,25.0,454475,60,35.0
22751,290,1563,5.352739726027397,2978,Active/Regular Products,Zone B,25.0,453270,60,35.0
22505,311,1457,4.654952076677317,3074,Active/Regular Products,Zone B,25.0,453127,60,35.0
22916,237,1905,7.871900826446281,3010,Active/Regular Products,Zone B,25.0,451485,60,35.0
22088,238,1893,7.8875,2556,Active/Regular Products,Zone B,25.0,450534,60,35.0
22593,198,2263,11.315,2975,Active/Regular Products,Zone B,25.0,448074,60,35.0
21988,193,2321,11.902564102564103,2406,Active/Regular Products,Zone B,25.0,447953,60,35.0
21244,196,2282,11.583756345177665,2201,Active/Regular Products,Zone B,25.0,447272,60,35.0
21818,163,2737,15.376404494382022,2588,Active/Regular Products,Zone B,25.0,446131,60,35.0
22795,368,1211,3.2641509433962264,3162,Active/Regular Products,Zone B,25.0,445648,60,35.0
47503A,163,2734,16.273809523809526,2188,Active/Regular Products,Zone B,25.0,445642,60,35.0
22169,372,1197,3.217741935483871,3100,Active/Regular Products,Zone B,25.0,445284,60,35.0
22918,238,1869,7.755186721991701,3009,Active/Regular Products,Zone B,25.0,444822,60,35.0
20754,304,1457,4.745928338762215,3081,Active/Regular Products,Zone B,25.0,442928,60,35.0
23004,221,2002,8.9375,2978,Active/Regular Products,Zone B,25.0,442442,60,35.0
22938,186,2367,12.590425531914894,2502,Active/Regular Products,Zone B,25.0,440262,60,35.0
22984,163,2693,16.521472392638035,2724,Active/Regular Products,Zone B,25.0,438959,60,35.0
23366,195,2249,11.358585858585858,2652,Active/Regular Products,Zone B,25.0,438555,60,35.0
21786,226,1937,8.385281385281385,3124,Active/Regular Products,Zone B,25.0,437762,60,35.0
22906,251,1733,6.717054263565892,3079,Active/Regular Products,Zone B,25.0,434983,60,35.0
84950,120,3619,29.90909090909091,2794,Active/Regular Products,Zone B,25.0,434280,60,35.0
22094,200,2166,10.669950738916256,2795,Active/Regular Products,Zone B,25.0,433200,60,35.0
23101,213,2031,9.490654205607477,2546,Active/Regular Products,Zone B,25.0,432603,60,35.0
23323,294,1469,4.864238410596027,2677,Active/Regular Products,Zone B,25.0,431886,60,35.0
23399,225,1914,8.179487179487179,2619,Active/Regular Products,Zone B,25.0,430650,60,35.0
21937,251,1707,6.773809523809524,2483,Active/Regular Products,Zone B,25.0,428457,60,35.0
47504K,212,2018,9.342592592592593,2826,Active/Regular Products,Zone B,25.0,427816,60,35.0
23212,186,2296,12.020942408376964,2664,Active/Regular Products,Zone B,25.0,427056,60,35.0
23345,174,2451,13.926136363636363,2585,Active/Regular Products,Zone B,25.0,426474,60,35.0
22371,392,1086,2.749367088607595,3328,Active/Regular Products,Zone B,25.0,425712,60,35.0
22755,251,1687,6.66798418972332,3110,Active/Regular Products,Zone B,25.0,423437,60,35.0
22208,280,1509,5.276223776223776,3135,Active/Regular Products,Zone B,25.0,422520,60,35.0
22919,240,1753,7.2139917695473255,2987,Active/Regular Products,Zone B,25.0,420720,60,35.0
23035,191,2191,11.411458333333334,2501,Active/Regular Products,Zone B,25.0,418481,60,35.0
22844,416,1003,2.3995215311004783,3029,Active/Regular Products,Zone B,25.0,417248,60,35.0
23434,199,2095,10.475,2585,Active/Regular Products,Zone B,25.0,416905,60,35.0
23157,163,2557,15.1301775147929,2532,Active/Regular Products,Zone B,25.0,416791,60,35.0
22064,241,1728,6.995951417004049,3125,Active/Regular Products,Zone B,25.0,416448,60,35.0
85049G,258,1608,6.0,2972,Active/Regular Products,Zone B,25.0,414864,60,35.0
22548,209,1975,9.316037735849056,2896,Active/Regular Products,Zone B,25.0,412775,60,35.0
23382,220,1875,8.484162895927602,2553,Active/Regular Products,Zone B,25.0,412500,60,35.0
35471D,223,1848,8.0,3118,Active/Regular Products,Zone B,25.0,412104,60,35.0
21902,210,1962,9.211267605633802,2983,Active/Regular Products,Zone B,25.0,412020,60,35.0
23329,233,1767,7.068,2384,Active/Regular Products,Zone B,25.0,411711,60,35.0
22972,229,1795,7.804347826086956,3014,Active/Regular Products,Zone B,25.0,411055,60,35.0
37370,159,2567,15.845679012345679,2640,Active/Regular Products,Zone B,25.0,408153,60,35.0
23002,192,2119,10.922680412371134,2869,Active/Regular Products,Zone B,25.0,406848,60,35.0
22465,198,2053,10.265,2885,Active/Regular Products,Zone B,25.0,406494,60,35.0
22956,198,2050,10.199004975124378,2871,Active/Regular Products,Zone B,25.0,405900,60,35.0
22243,131,3098,23.293233082706767,2334,Active/Regular Products,Zone B,25.0,405838,60,35.0
21381,224,1811,8.013274336283185,2999,Active/Regular Products,Zone B,25.0,405664,60,35.0
47599A,165,2456,14.706586826347305,2395,Active/Regular Products,Zone B,25.0,405240,60,35.0
23504,208,1927,8.880184331797235,2291,Active/Regular Products,Zone B,25.0,400816,60,35.0
23506,146,2723,18.033112582781456,2371,Active/Regular Products,Zone B,25.0,397558,60,35.0
22539,136,2918,21.144927536231883,2951,Active/Regular Products,Zone B,25.0,396848,60,35.0
22424,454,873,1.922907488986784,3143,Active/Regular Products,Zone B,25.0,396342,60,35.0
22773,191,2075,10.64102564102564,2832,Active/Regular Products,Zone B,25.0,396325,60,35.0
22594,196,2006,10.182741116751268,3024,Active/Regular Products,Zone B,25.0,393176,60,35.0
23194,214,1835,8.456221198156681,2895,Active/Regular Products,Zone B,25.0,392690,60,35.0
10135,175,2229,12.59322033898305,2893,Active/Regular Products,Zone B,25.0,390075,60,35.0
23546,120,3250,27.083333333333332,1731,Active/Regular Products,Zone B,25.0,390000,60,35.0
72351B,186,2096,11.20855614973262,2863,Active/Regular Products,Zone B,25.0,389856,60,35.0
23330,216,1794,8.044843049327355,2411,Active/Regular Products,Zone B,25.0,387504,60,35.0
22089,272,1423,5.193430656934306,2738,Active/Regular Products,Zone B,25.0,387056,60,35.0
23480,215,1798,8.247706422018348,2501,Active/Regular Products,Zone B,25.0,386570,60,35.0
23163,209,1832,8.76555023923445,2705,Active/Regular Products,Zone B,25.0,382888,60,35.0
21802,180,2122,11.659340659340659,3073,Active/Regular Products,Zone B,25.0,381960,60,35.0
23352,212,1800,8.450704225352112,2434,Active/Regular Products,Zone B,25.0,381600,60,35.0
22329,238,1603,6.707112970711297,3060,Active/Regular Products,Zone B,25.0,381514,60,35.0
22784,299,1272,4.198019801980198,2961,Active/Regular Products,Zone B,25.0,380328,60,35.0
22957,214,1775,8.217592592592593,1983,Active/Regular Products,Zone B,25.0,379850,60,35.0
23340,151,2500,16.44736842105263,2449,Active/Regular Products,Zone B,25.0,377500,60,35.0
22944,111,3375,29.605263157894736,2697,Active/Regular Products,Zone B,25.0,374625,60,35.0
22985,99,3782,38.2020202020202,1386,Slow-Moving Products,Zone D,60.0,374418,60,0.0
21217,344,1088,3.1627906976744184,3003,Active/Regular Products,Zone B,25.0,374272,60,35.0
84536B,178,2102,11.743016759776536,3078,Active/Regular Products,Zone B,25.0,374156,60,35.0
22380,285,1312,4.5874125874125875,3059,Active/Regular Products,Zone B,25.0,373920,60,35.0
22439,197,1898,9.442786069651742,2908,Active/Regular Products,Zone B,25.0,373906,60,35.0
21531,246,1516,6.112903225806452,2676,Active/Regular Products,Zone B,25.0,372936,60,35.0
23211,160,2329,14.376543209876543,2688,Active/Regular Products,Zone B,25.0,372640,60,35.0
23287,198,1879,9.395,2709,Active/Regular Products,Zone B,25.0,372042,60,35.0
21714,225,1651,7.273127753303965,2791,Active/Regular Products,Zone B,25.0,371475,60,35.0
22805,195,1890,9.692307692307692,2883,Active/Regular Products,Zone B,25.0,368550,60,35.0
22651,170,2166,12.741176470588234,3090,Active/Regular Products,Zone B,25.0,368220,60,35.0
23197,249,1478,5.912,2846,Active/Regular Products,Zone B,25.0,368022,60,35.0
21987,171,2113,12.005681818181818,2321,Active/Regular Products,Zone B,25.0,361323,60,35.0
23534,260,1387,5.314176245210728,2636,Active/Regular Products,Zone B,25.0,360620,60,35.0
22148,186,1933,10.227513227513228,2369,Active/Regular Products,Zone B,25.0,359538,60,35.0
22737,259,1388,5.2180451127819545,2991,Active/Regular Products,Zone B,25.0,359492,60,35.0
22921,209,1716,8.17142857142857,2925,Active/Regular Products,Zone B,25.0,358644,60,35.0
22622,267,1342,5.02621722846442,2753,Active/Regular Products,Zone B,25.0,358314,60,35.0
22274,267,1340,5.0187265917602994,2929,Active/Regular Products,Zone B,25.0,357780,60,35.0
22047,106,3375,31.839622641509433,1719,Active/Regular Products,Zone B,25.0,357750,60,35.0
21983,155,2301,14.845161290322581,2870,Active/Regular Products,Zone B,25.0,356655,60,35.0
85048,261,1359,5.167300380228137,2866,Active/Regular Products,Zone B,25.0,354699,60,35.0
22075,200,1773,8.777227722772277,2912,Active/Regular Products,Zone B,25.0,354600,60,35.0
23302,230,1536,6.592274678111588,2850,Active/Regular Products,Zone B,25.0,353280,60,35.0
22115,228,1549,6.734782608695652,2995,Active/Regular Products,Zone B,25.0,353172,60,35.0
85178,140,2518,17.858156028368793,2801,Active/Regular Products,Zone B,25.0,352520,60,35.0
23145,169,2084,12.258823529411766,2367,Active/Regular Products,Zone B,25.0,352196,60,35.0
22192,365,954,2.6136986301369864,2842,Active/Regular Products,Zone B,25.0,348210,60,35.0
22155,142,2452,16.456375838926174,2936,Active/Regular Products,Zone B,25.0,348184,60,35.0
22436,163,2134,12.855421686746988,2413,Active/Regular Products,Zone B,25.0,347842,60,35.0
21716,244,1425,5.840163934426229,3034,Active/Regular Products,Zone B,25.0,347700,60,35.0
85061W,162,2146,12.698224852071005,2907,Active/Regular Products,Zone B,25.0,347652,60,35.0
23119,151,2282,15.112582781456954,2574,Active/Regular Products,Zone B,25.0,344582,60,35.0
23190,202,1702,8.38423645320197,2390,Active/Regular Products,Zone B,25.0,343804,60,35.0
37340,135,2544,18.705882352941178,2517,Active/Regular Products,Zone B,25.0,343440,60,35.0
22723,295,1164,3.9060402684563758,3039,Active/Regular Products,Zone B,25.0,343380,60,35.0
21544,174,1972,11.268571428571429,2947,Active/Regular Products,Zone B,25.0,343128,60,35.0
23507,119,2882,22.69291338582677,2244,Active/Regular Products,Zone B,25.0,342958,60,35.0
22098,172,1992,11.191011235955056,2852,Active/Regular Products,Zone B,25.0,342624,60,35.0
21718,229,1493,6.491304347826087,3005,Active/Regular Products,Zone B,25.0,341897,60,35.0
21700,198,1726,8.63,2481,Active/Regular Products,Zone B,25.0,341748,60,35.0
23156,205,1665,8.043478260869565,2592,Active/Regular Products,Zone B,25.0,341325,60,35.0
22847,376,905,2.4069148936170213,2787,Active/Regular Products,Zone B,25.0,340280,60,35.0
22153,131,2593,19.066176470588236,2875,Active/Regular Products,Zone B,25.0,339683,60,35.0
48173C,188,1799,9.569148936170214,2459,Active/Regular Products,Zone B,25.0,338212,60,35.0
22331,183,1840,10.05464480874317,2783,Active/Regular Products,Zone B,25.0,336720,60,35.0
21650,132,2550,18.345323741007196,2968,Active/Regular Products,Zone B,25.0,336600,60,35.0
23193,175,1922,10.982857142857142,2826,Active/Regular Products,Zone B,25.0,336350,60,35.0
22487,429,784,1.8275058275058276,3051,Active/Regular Products,Zone B,25.0,336336,60,35.0
21259,285,1179,4.136842105263158,2863,Active/Regular Products,Zone B,25.0,336015,60,35.0
22327,287,1167,4.024137931034483,3019,Active/Regular Products,Zone B,25.0,334929,60,35.0
23090,149,2237,14.717105263157896,2605,Active/Regular Products,Zone B,25.0,333313,60,35.0
22091,167,1983,11.874251497005988,2938,Active/Regular Products,Zone B,25.0,331161,60,35.0
22537,171,1929,11.15028901734104,2698,Active/Regular Products,Zone B,25.0,329859,60,35.0
85227,223,1477,6.449781659388647,3109,Active/Regular Products,Zone B,25.0,329371,60,35.0
22600,193,1698,8.66326530612245,3011,Active/Regular Products,Zone B,25.0,327714,60,35.0
22110,279,1172,4.069444444444445,3050,Active/Regular Products,Zone B,25.0,326988,60,35.0
22974,204,1598,7.795121951219512,2979,Active/Regular Products,Zone B,25.0,325992,60,35.0
21068,198,1638,8.231155778894472,2941,Active/Regular Products,Zone B,25.0,324324,60,35.0
70006,120,2702,22.147540983606557,2789,Active/Regular Products,Zone B,25.0,324240,60,35.0
22965,236,1371,5.784810126582278,2847,Active/Regular Products,Zone B,25.0,323556,60,35.0
85014A,278,1163,4.183453237410072,2895,Active/Regular Products,Zone B,25.0,323314,60,35.0
22672,219,1476,6.678733031674208,2923,Active/Regular Products,Zone B,25.0,323244,60,35.0
23126,291,1109,3.7849829351535837,2717,Active/Regular Products,Zone B,25.0,322719,60,35.0
22580,246,1311,5.329268292682927,2909,Active/Regular Products,Zone B,25.0,322506,60,35.0
23374,131,2456,18.748091603053435,2030,Active/Regular Products,Zone B,25.0,321736,60,35.0
20977,185,1739,9.349462365591398,2579,Active/Regular Products,Zone B,25.0,321715,60,35.0
85132C,211,1520,7.169811320754717,2781,Active/Regular Products,Zone B,25.0,320720,60,35.0
20674,205,1563,7.587378640776699,2769,Active/Regular Products,Zone B,25.0,320415,60,35.0
22812,185,1725,9.078947368421053,2930,Active/Regular Products,Zone B,25.0,319125,60,35.0
85184C,193,1652,8.515463917525773,2948,Active/Regular Products,Zone B,25.0,318836,60,35.0
23291,195,1634,8.33673469387755,2668,Active/Regular Products,Zone B,25.0,318630,60,35.0
23280,157,2023,12.80379746835443,2513,Active/Regular Products,Zone B,25.0,317611,60,35.0
22268,158,2009,12.401234567901234,2659,Active/Regular Products,Zone B,25.0,317422,60,35.0
22433,227,1394,6.0873362445414845,2704,Active/Regular Products,Zone B,25.0,316438,60,35.0
21428,262,1207,4.606870229007634,2911,Active/Regular Products,Zone B,25.0,316234,60,35.0
22774,140,2254,15.98581560283688,2768,Active/Regular Products,Zone B,25.0,315560,60,35.0
23371,185,1705,9.166666666666666,2555,Active/Regular Products,Zone B,25.0,315425,60,35.0
23508,120,2627,20.5234375,2284,Active/Regular Products,Zone B,25.0,315240,60,35.0
23242,214,1470,6.774193548387097,2616,Active/Regular Products,Zone B,25.0,314580,60,35.0
84032A,313,1003,3.194267515923567,3261,Active/Regular Products,Zone B,25.0,313939,60,35.0
23365,169,1857,10.734104046242775,2559,Active/Regular Products,Zone B,25.0,313833,60,35.0
22733,197,1583,7.875621890547263,2721,Active/Regular Products,Zone B,25.0,311851,60,35.0
85015,143,2180,15.244755244755245,2762,Active/Regular Products,Zone B,25.0,311740,60,35.0
23289,191,1622,8.447916666666666,2628,Active/Regular Products,Zone B,25.0,309802,60,35.0
22732,188,1645,8.657894736842104,2834,Active/Regular Products,Zone B,25.0,309260,60,35.0
22059,173,1780,10.056497175141242,2551,Active/Regular Products,Zone B,25.0,307940,60,35.0
21715,231,1330,5.732758620689655,2970,Active/Regular Products,Zone B,25.0,307230,60,35.0
51014L,149,2059,13.726666666666667,2851,Active/Regular Products,Zone B,25.0,306791,60,35.0
21819,124,2470,18.571428571428573,2418,Active/Regular Products,Zone B,25.0,306280,60,35.0
20963,229,1336,5.758620689655173,3151,Active/Regular Products,Zone B,25.0,305944,60,35.0
16219,100,3048,30.48,2763,Active/Regular Products,Zone B,25.0,304800,60,35.0
23312,214,1423,6.527522935779817,2393,Active/Regular Products,Zone B,25.0,304522,60,35.0
22627,357,852,2.3865546218487395,3040,Active/Regular Products,Zone B,25.0,304164,60,35.0
21875,148,2055,13.791946308724832,2970,Active/Regular Products,Zone B,25.0,304140,60,35.0
23006,173,1758,10.16184971098266,2754,Active/Regular Products,Zone B,25.0,304134,60,35.0
15039,145,2090,14.413793103448276,2953,Active/Regular Products,Zone B,25.0,303050,60,35.0
22721,297,1020,3.422818791946309,2978,Active/Regular Products,Zone B,25.0,302940,60,35.0
84971S,172,1761,10.179190751445086,2989,Active/Regular Products,Zone B,25.0,302892,60,35.0
23510,120,2521,20.168,2321,Active/Regular Products,Zone B,25.0,302520,60,35.0
22055,220,1375,6.138392857142857,2556,Active/Regular Products,Zone B,25.0,302500,60,35.0
22066,135,2239,16.107913669064747,2240,Active/Regular Products,Zone B,25.0,302265,60,35.0
23155,135,2221,16.451851851851853,2437,Active/Regular Products,Zone B,25.0,299835,60,35.0
48116,201,1491,7.417910447761194,2336,Active/Regular Products,Zone B,25.0,299691,60,35.0
22300,196,1528,7.795918367346939,2932,Active/Regular Products,Zone B,25.0,299488,60,35.0
23122,133,2251,16.551470588235293,2589,Active/Regular Products,Zone B,25.0,299383,60,35.0
22711,103,2902,28.174757281553397,1428,Slow-Moving Products,Zone D,60.0,298906,60,0.0
22562,211,1413,6.696682464454977,2748,Active/Regular Products,Zone B,25.0,298143,60,35.0
23334,130,2271,16.698529411764707,2476,Active/Regular Products,Zone B,25.0,295230,60,35.0
22093,160,1830,11.296296296296296,2499,Active/Regular Products,Zone B,25.0,292800,60,35.0
20682,237,1235,5.189075630252101,2996,Active/Regular Products,Zone B,25.0,292695,60,35.0
20970,262,1116,4.243346007604563,2807,Active/Regular Products,Zone B,25.0,292392,60,35.0
21844,156,1847,11.764331210191083,2690,Active/Regular Products,Zone B,25.0,288132,60,35.0
46000S,185,1556,8.41081081081081,1877,Active/Regular Products,Zone B,25.0,287860,60,35.0
84510A,239,1196,4.962655601659751,3103,Active/Regular Products,Zone B,25.0,285844,60,35.0
22897,211,1350,6.367924528301887,2854,Active/Regular Products,Zone B,25.0,284850,60,35.0
23535,215,1324,6.12962962962963,2580,Active/Regular Products,Zone B,25.0,284660,60,35.0
23380,121,2344,19.056910569105693,2395,Active/Regular Products,Zone B,25.0,283624,60,35.0
22076,225,1259,5.570796460176991,2989,Active/Regular Products,Zone B,25.0,283275,60,35.0
22943,209,1355,6.483253588516747,2884,Active/Regular Products,Zone B,25.0,283195,60,35.0
22170,265,1068,4.030188679245283,2961,Active/Regular Products,Zone B,25.0,283020,60,35.0
21340,290,975,3.350515463917526,2773,Active/Regular Products,Zone B,25.0,282750,60,35.0
20961,228,1232,5.379912663755459,3133,Active/Regular Products,Zone B,25.0,280896,60,35.0
22708,100,2800,28.0,1568,Active/Regular Products,Zone B,25.0,280000,60,35.0
22179,289,966,3.308219178082192,3042,Active/Regular Products,Zone B,25.0,279174,60,35.0
22074,199,1402,7.01,3003,Active/Regular Products,Zone B,25.0,278998,60,35.0
22581,177,1569,8.62087912087912,2920,Active/Regular Products,Zone B,25.0,277713,60,35.0
23121,111,2501,21.560344827586206,2423,Active/Regular Products,Zone B,25.0,277611,60,35.0
22207,208,1333,6.408653846153846,3037,Active/Regular Products,Zone B,25.0,277264,60,35.0
23080,257,1074,4.114942528735632,2577,Active/Regular Products,Zone B,25.0,276018,60,35.0
22377,207,1330,6.42512077294686,2943,Active/Regular Products,Zone B,25.0,275310,60,35.0
21749,140,1963,14.021428571428572,2548,Active/Regular Products,Zone B,25.0,274820,60,35.0
22718,168,1633,9.720238095238095,2854,Active/Regular Products,Zone B,25.0,274344,60,35.0
48111,233,1172,5.0085470085470085,2963,Active/Regular Products,Zone B,25.0,273076,60,35.0
21561,213,1281,5.985981308411215,2945,Active/Regular Products,Zone B,25.0,272853,60,35.0
22736,223,1222,5.383259911894273,2941,Active/Regular Products,Zone B,25.0,272506,60,35.0
85049C,224,1215,5.3056768558951966,2911,Active/Regular Products,Zone B,25.0,272160,60,35.0
20828,241,1128,4.548387096774194,2954,Active/Regular Products,Zone B,25.0,271848,60,35.0
37448,187,1451,7.636842105263158,2675,Active/Regular Products,Zone B,25.0,271337,60,35.0
22244,159,1703,10.64375,2761,Active/Regular Products,Zone B,25.0,270777,60,35.0
21329,287,941,3.267361111111111,3074,Active/Regular Products,Zone B,25.0,270067,60,35.0
23445,101,2668,26.15686274509804,1659,Active/Regular Products,Zone B,25.0,269468,60,35.0
62018,61,4415,72.37704918032787,1240,Slow-Moving Products,Zone D,60.0,269315,60,0.0
22494,245,1088,4.440816326530612,3141,Active/Regular Products,Zone B,25.0,266560,60,35.0
22576,173,1538,8.689265536723164,2906,Active/Regular Products,Zone B,25.0,266074,60,35.0
22893,142,1872,13.090909090909092,2956,Active/Regular Products,Zone B,25.0,265824,60,35.0
21890,231,1147,4.901709401709402,2956,Active/Regular Products,Zone B,25.0,264957,60,35.0
23389,237,1115,4.665271966527197,2481,Active/Regular Products,Zone B,25.0,264255,60,35.0
22669,234,1128,4.82051282051282,3033,Active/Regular Products,Zone B,25.0,263952,60,35.0
23012,246,1071,4.318548387096774,2758,Active/Regular Products,Zone B,25.0,263466,60,35.0
22026,160,1644,10.275,2900,Active/Regular Products,Zone B,25.0,263040,60,35.0
22078,192,1369,6.949238578680203,2909,Active/Regular Products,Zone B,25.0,262848,60,35.0
23426,206,1275,6.1298076923076925,2603,Active/Regular Products,Zone B,25.0,262650,60,35.0
23326,76,3442,45.28947368421053,2171,Active/Regular Products,Zone B,25.0,261592,60,35.0
22422,205,1273,6.1201923076923075,3168,Active/Regular Products,Zone B,25.0,260965,60,35.0
22402,151,1719,11.30921052631579,2374,Active/Regular Products,Zone B,25.0,259569,60,35.0
21830,99,2621,25.95049504950495,2345,Active/Regular Products,Zone B,25.0,259479,60,35.0
23213,152,1682,10.851612903225806,2518,Active/Regular Products,Zone B,25.0,255664,60,35.0
21395,90,2838,31.533333333333335,1812,Active/Regular Products,Zone B,25.0,255420,60,35.0
20829,194,1314,6.603015075376884,2804,Active/Regular Products,Zone B,25.0,254916,60,35.0
23437,131,1939,14.801526717557252,2255,Active/Regular Products,Zone B,25.0,254009,60,35.0
22845,316,802,2.529968454258675,2973,Active/Regular Products,Zone B,25.0,253432,60,35.0
20733,205,1234,5.990291262135922,3134,Active/Regular Products,Zone B,25.0,252970,60,35.0
21955,206,1228,5.903846153846154,2561,Active/Regular Products,Zone B,25.0,252968,60,35.0
22809,204,1240,6.019417475728155,2787,Active/Regular Products,Zone B,25.0,252960,60,35.0
22152,105,2407,22.08256880733945,2519,Active/Regular Products,Zone B,25.0,252735,60,35.0
22550,217,1162,5.354838709677419,3035,Active/Regular Products,Zone B,25.0,252154,60,35.0
22674,187,1346,7.08421052631579,2838,Active/Regular Products,Zone B,25.0,251702,60,35.0
22130,110,2277,20.150442477876105,2548,Active/Regular Products,Zone B,25.0,250470,60,35.0
23551,136,1840,13.333333333333334,2603,Active/Regular Products,Zone B,25.0,250240,60,35.0
21158,170,1469,8.394285714285715,2888,Active/Regular Products,Zone B,25.0,249730,60,35.0
21642,101,2471,23.990291262135923,2407,Active/Regular Products,Zone B,25.0,249571,60,35.0
23162,176,1412,8.022727272727273,2629,Active/Regular Products,Zone B,25.0,248512,60,35.0
37446,183,1354,7.202127659574468,2640,Active/Regular Products,Zone B,25.0,247782,60,35.0
22840,271,913,3.3690036900369003,2756,Active/Regular Products,Zone B,25.0,247423,60,35.0
22572,179,1380,7.582417582417582,2960,Active/Regular Products,Zone B,25.0,247020,60,35.0
22982,212,1154,5.443396226415095,2919,Active/Regular Products,Zone B,25.0,244648,60,35.0
16218,64,3821,59.703125,2274,Active/Regular Products,Zone B,25.0,244544,60,35.0
22187,192,1266,6.525773195876289,2831,Active/Regular Products,Zone B,25.0,243072,60,35.0
22599,123,1953,15.75,2645,Active/Regular Products,Zone B,25.0,240219,60,35.0
85078,124,1932,15.580645161290322,2694,Active/Regular Products,Zone B,25.0,239568,60,35.0
84032B,255,936,3.642023346303502,3223,Active/Regular Products,Zone B,25.0,238680,60,35.0
22025,130,1835,14.007633587786259,2779,Active/Regular Products,Zone B,25.0,238550,60,35.0
22185,162,1472,8.975609756097562,2786,Active/Regular Products,Zone B,25.0,238464,60,35.0
22603,171,1387,7.880681818181818,3008,Active/Regular Products,Zone B,25.0,237177,60,35.0
21162,162,1462,8.914634146341463,2796,Active/Regular Products,Zone B,25.0,236844,60,35.0
22535,134,1763,13.156716417910447,2687,Active/Regular Products,Zone B,25.0,236242,60,35.0
22095,143,1643,10.953333333333333,2916,Active/Regular Products,Zone B,25.0,234949,60,35.0
22222,222,1057,4.761261261261262,2963,Active/Regular Products,Zone B,25.0,234654,60,35.0
23370,151,1550,10.130718954248366,2493,Active/Regular Products,Zone B,25.0,234050,60,35.0
22605,299,782,2.6066666666666665,2982,Active/Regular Products,Zone B,25.0,233818,60,35.0
21041,255,914,3.556420233463035,2852,Active/Regular Products,Zone B,25.0,233070,60,35.0
21012,199,1169,5.8159203980099505,3092,Active/Regular Products,Zone B,25.0,232631,60,35.0
85062,159,1462,9.1375,2725,Active/Regular Products,Zone B,25.0,232458,60,35.0
23283,233,994,4.266094420600858,2567,Active/Regular Products,Zone B,25.0,231602,60,35.0
22097,145,1596,10.431372549019608,2609,Active/Regular Products,Zone B,25.0,231420,60,35.0
23184,264,874,3.2857142857142856,2992,Active/Regular Products,Zone B,25.0,230736,60,35.0
21539,238,969,4.0375,2593,Active/Regular Products,Zone B,25.0,230622,60,35.0
22676,199,1155,5.775,2837,Active/Regular Products,Zone B,25.0,229845,60,35.0
21809,117,1964,16.231404958677686,2695,Active/Regular Products,Zone B,25.0,229788,60,35.0
21870,163,1407,8.527272727272727,2386,Active/Regular Products,Zone B,25.0,229341,60,35.0
22441,219,1047,4.737556561085973,3063,Active/Regular Products,Zone B,25.0,229293,60,35.0
22540,91,2519,27.380434782608695,2503,Active/Regular Products,Zone B,25.0,229229,60,35.0
22779,149,1537,10.178807947019868,1786,Active/Regular Products,Zone B,25.0,229013,60,35.0
22801,220,1027,4.584821428571429,3023,Active/Regular Products,Zone B,25.0,225940,60,35.0
23436,114,1979,17.359649122807017,2179,Active/Regular Products,Zone B,25.0,225606,60,35.0
22768,260,867,3.32183908045977,2895,Active/Regular Products,Zone B,25.0,225420,60,35.0
21824,117,1916,15.966666666666667,2587,Active/Regular Products,Zone B,25.0,224172,60,35.0
22975,186,1204,6.404255319148936,2915,Active/Regular Products,Zone B,25.0,223944,60,35.0
22613,145,1538,10.462585034013605,2634,Active/Regular Products,Zone B,25.0,223010,60,35.0
23221,145,1536,10.308724832214764,2589,Active/Regular Products,Zone B,25.0,222720,60,35.0
21563,159,1395,8.773584905660377,2736,Active/Regular Products,Zone B,25.0,221805,60,35.0
22099,153,1440,9.113924050632912,2870,Active/Regular Products,Zone B,25.0,220320,60,35.0
22623,235,937,3.9872340425531916,2754,Active/Regular Products,Zone B,25.0,220195,60,35.0
21883,133,1653,12.428571428571429,2623,Active/Regular Products,Zone B,25.0,219849,60,35.0
22753,217,1010,4.6118721461187215,3075,Active/Regular Products,Zone B,25.0,219170,60,35.0
21756,270,809,2.985239852398524,2796,Active/Regular Products,Zone B,25.0,218430,60,35.0
21327,252,864,3.375,3030,Active/Regular Products,Zone B,25.0,217728,60,35.0
21504,115,1891,16.443478260869565,2591,Active/Regular Products,Zone B,25.0,217465,60,35.0
22948,136,1599,11.26056338028169,2948,Active/Regular Products,Zone B,25.0,217464,60,35.0
22747,227,954,4.165938864628821,2868,Active/Regular Products,Zone B,25.0,216558,60,35.0
22360,214,1010,4.6976744186046515,2999,Active/Regular Products,Zone B,25.0,216140,60,35.0
23552,116,1863,15.146341463414634,2093,Active/Regular Products,Zone B,25.0,216108,60,35.0
84596L,172,1254,7.290697674418604,2705,Active/Regular Products,Zone B,25.0,215688,60,35.0
72232,65,3317,50.25757575757576,1539,Slow-Moving Products,Zone D,60.0,215605,60,0.0
22478,140,1537,10.978571428571428,2916,Active/Regular Products,Zone B,25.0,215180,60,35.0
85204,104,2050,19.523809523809526,2694,Active/Regular Products,Zone B,25.0,213200,60,35.0
22758,178,1195,6.675977653631285,3014,Active/Regular Products,Zone B,25.0,212710,60,35.0
22615,102,2073,20.323529411764707,2708,Active/Regular Products,Zone B,25.0,211446,60,35.0
23029,156,1352,8.666666666666666,2262,Active/Regular Products,Zone B,25.0,210912,60,35.0
21015,142,1483,10.37062937062937,2978,Active/Regular Products,Zone B,25.0,210586,60,35.0
23118,258,813,3.1511627906976742,2700,Active/Regular Products,Zone B,25.0,209754,60,35.0
22930,189,1108,5.801047120418848,2844,Active/Regular Products,Zone B,25.0,209412,60,35.0
22400,150,1393,9.164473684210526,2380,Active/Regular Products,Zone B,25.0,208950,60,35.0
21903,180,1160,6.444444444444445,2835,Active/Regular Products,Zone B,25.0,208800,60,35.0
22837,178,1173,6.306451612903226,2572,Active/Regular Products,Zone B,25.0,208794,60,35.0
23545,84,2480,29.176470588235293,1130,Slow-Moving Products,Zone D,60.0,208320,60,0.0
23681,132,1576,11.849624060150376,2101,Active/Regular Products,Zone B,25.0,208032,60,35.0
82567,291,711,2.443298969072165,3207,Active/Regular Products,Zone B,25.0,206901,60,35.0
84535B,155,1332,8.538461538461538,2904,Active/Regular Products,Zone B,25.0,206460,60,35.0
84509A,230,896,3.8956521739130436,3120,Active/Regular Products,Zone B,25.0,206080,60,35.0
23013,223,924,4.125,2709,Active/Regular Products,Zone B,25.0,206052,60,35.0
21705,141,1459,10.202797202797203,2822,Active/Regular Products,Zone B,25.0,205719,60,35.0
23251,120,1712,14.266666666666667,2044,Active/Regular Products,Zone B,25.0,205440,60,35.0
22339,83,2468,28.045454545454547,2548,Active/Regular Products,Zone B,25.0,204844,60,35.0
23372,147,1389,9.198675496688741,2499,Active/Regular Products,Zone B,25.0,204183,60,35.0
23501,112,1821,15.973684210526315,2311,Active/Regular Products,Zone B,25.0,203952,60,35.0
21774,186,1095,5.855614973262032,3135,Active/Regular Products,Zone B,25.0,203670,60,35.0
22675,164,1240,7.469879518072289,2815,Active/Regular Products,Zone B,25.0,203360,60,35.0
16008,70,2892,41.31428571428572,1437,Slow-Moving Products,Zone D,60.0,202440,60,0.0
82001S,127,1582,12.359375,2656,Active/Regular Products,Zone B,25.0,200914,60,35.0
84792,241,833,3.42798353909465,2964,Active/Regular Products,Zone B,25.0,200753,60,35.0
21591,146,1374,8.980392156862745,2077,Active/Regular Products,Zone B,25.0,200604,60,35.0
22715,130,1543,11.86923076923077,2502,Active/Regular Products,Zone B,25.0,200590,60,35.0
21745,214,935,4.348837209302325,2477,Active/Regular Products,Zone B,25.0,200090,60,35.0
23102,157,1274,8.0125786163522,2448,Active/Regular Products,Zone B,25.0,200018,60,35.0
84828,182,1099,5.9728260869565215,3055,Active/Regular Products,Zone B,25.0,200018,60,35.0
22035,137,1452,10.598540145985401,2811,Active/Regular Products,Zone B,25.0,198924,60,35.0
23031,155,1278,8.245161290322581,2366,Active/Regular Products,Zone B,25.0,198090,60,35.0
17091J,95,2084,21.050505050505052,2148,Active/Regular Products,Zone B,25.0,197980,60,35.0
22211,196,1008,5.014925373134329,3023,Active/Regular Products,Zone B,25.0,197568,60,35.0
21588,132,1494,11.066666666666666,1817,Active/Regular Products,Zone B,25.0,197208,60,35.0
23438,109,1809,16.59633027522936,2145,Active/Regular Products,Zone B,25.0,197181,60,35.0
21403,106,1857,17.5188679245283,2748,Active/Regular Products,Zone B,25.0,196842,60,35.0
16236,136,1438,10.573529411764707,2977,Active/Regular Products,Zone B,25.0,195568,60,35.0
84598,99,1975,19.949494949494948,2837,Active/Regular Products,Zone B,25.0,195525,60,35.0
72817,161,1212,7.435582822085889,2961,Active/Regular Products,Zone B,25.0,195132,60,35.0
22361,268,727,2.7026022304832713,3211,Active/Regular Products,Zone B,25.0,194836,60,35.0
85212,79,2451,31.025316455696203,2139,Active/Regular Products,Zone B,25.0,193629,60,35.0
72351A,153,1264,8.102564102564102,2717,Active/Regular Products,Zone B,25.0,193392,60,35.0
21260,166,1161,6.910714285714286,2582,Active/Regular Products,Zone B,25.0,192726,60,35.0
20751,198,971,4.783251231527093,2893,Active/Regular Products,Zone B,25.0,192258,60,35.0
23227,117,1642,14.034188034188034,2487,Active/Regular Products,Zone B,25.0,192114,60,35.0
22743,206,930,4.492753623188406,3042,Active/Regular Products,Zone B,25.0,191580,60,35.0
21773,163,1170,7.134146341463414,3035,Active/Regular Products,Zone B,25.0,190710,60,35.0
22210,187,1017,5.269430051813472,2894,Active/Regular Products,Zone B,25.0,190179,60,35.0
22859,158,1203,7.51875,2313,Active/Regular Products,Zone B,25.0,190074,60,35.0
21411,241,785,3.230452674897119,2771,Active/Regular Products,Zone B,25.0,189185,60,35.0
21832,198,954,4.793969849246231,3074,Active/Regular Products,Zone B,25.0,188892,60,35.0
22677,188,1001,5.296296296296297,2735,Active/Regular Products,Zone B,25.0,188188,60,35.0
22336,79,2381,29.036585365853657,2553,Active/Regular Products,Zone B,25.0,188099,60,35.0
21873,116,1618,13.948275862068966,2729,Active/Regular Products,Zone B,25.0,187688,60,35.0
23028,137,1369,9.920289855072463,2172,Active/Regular Products,Zone B,25.0,187553,60,35.0
16238,134,1396,10.417910447761194,3007,Active/Regular Products,Zone B,25.0,187064,60,35.0
22080,155,1206,7.681528662420382,2585,Active/Regular Products,Zone B,25.0,186930,60,35.0
21922,208,898,4.29665071770335,2713,Active/Regular Products,Zone B,25.0,186784,60,35.0
23228,125,1492,11.841269841269842,2614,Active/Regular Products,Zone B,25.0,186500,60,35.0
23237,177,1053,5.9491525423728815,2079,Active/Regular Products,Zone B,25.0,186381,60,35.0
21658,212,878,4.122065727699531,2643,Active/Regular Products,Zone B,25.0,186136,60,35.0
21439,130,1430,10.916030534351146,2898,Active/Regular Products,Zone B,25.0,185900,60,35.0
22343,94,1974,21.0,2508,Active/Regular Products,Zone B,25.0,185556,60,35.0
48129,205,904,4.388349514563107,2765,Active/Regular Products,Zone B,25.0,185320,60,35.0
21114,138,1341,9.647482014388489,2455,Active/Regular Products,Zone B,25.0,185058,60,35.0
22846,278,665,2.3920863309352516,2703,Active/Regular Products,Zone B,25.0,184870,60,35.0
21872,142,1292,9.034965034965035,2756,Active/Regular Products,Zone B,25.0,183464,60,35.0
23393,229,801,3.4675324675324677,2478,Active/Regular Products,Zone B,25.0,183429,60,35.0
22628,190,965,5.052356020942408,2903,Active/Regular Products,Zone B,25.0,183350,60,35.0
23569,192,954,4.86734693877551,2337,Active/Regular Products,Zone B,25.0,183168,60,35.0
11001,113,1615,14.043478260869565,2803,Active/Regular Products,Zone B,25.0,182495,60,35.0
23052,278,654,2.352517985611511,2755,Active/Regular Products,Zone B,25.0,181812,60,35.0
23146,227,798,3.4545454545454546,2375,Active/Regular Products,Zone B,25.0,181146,60,35.0
22546,86,2103,24.453488372093023,2672,Active/Regular Products,Zone B,25.0,180858,60,35.0
22973,144,1255,8.655172413793103,2773,Active/Regular Products,Zone B,25.0,180720,60,35.0
23271,104,1731,16.330188679245282,2429,Active/Regular Products,Zone B,25.0,180024,60,35.0
23377,133,1351,10.082089552238806,2560,Active/Regular Products,Zone B,25.0,179683,60,35.0
21257,261,688,2.6259541984732824,2989,Active/Regular Products,Zone B,25.0,179568,60,35.0
22349,131,1366,10.348484848484848,2550,Active/Regular Products,Zone B,25.0,178946,60,35.0
22340,128,1398,10.921875,2760,Active/Regular Products,Zone B,25.0,178944,60,35.0
23014,209,856,4.056872037914692,2727,Active/Regular Products,Zone B,25.0,178904,60,35.0
22757,163,1096,6.723926380368098,3053,Active/Regular Products,Zone B,25.0,178648,60,35.0
23110,255,700,2.734375,2593,Active/Regular Products,Zone B,25.0,178500,60,35.0
85034C,158,1129,6.842424242424243,2747,Active/Regular Products,Zone B,25.0,178382,60,35.0
22358,255,698,2.7265625,3104,Active/Regular Products,Zone B,25.0,177990,60,35.0
22780,132,1346,10.044776119402986,1724,Active/Regular Products,Zone B,25.0,177672,60,35.0
23130,184,962,5.228260869565218,2463,Active/Regular Products,Zone B,25.0,177008,60,35.0
22800,203,870,4.285714285714286,3009,Active/Regular Products,Zone B,25.0,176610,60,35.0
18007,30,5884,189.80645161290323,1917,Active/Regular Products,Zone B,25.0,176520,60,35.0
23189,141,1249,8.795774647887324,2461,Active/Regular Products,Zone B,25.0,176109,60,35.0
22023,146,1206,8.204081632653061,2898,Active/Regular Products,Zone B,25.0,176076,60,35.0
21123,154,1143,7.280254777070064,2824,Active/Regular Products,Zone B,25.0,176022,60,35.0
22366,220,800,3.6363636363636362,2842,Active/Regular Products,Zone B,25.0,176000,60,35.0
21071,177,991,5.5363128491620115,2954,Active/Regular Products,Zone B,25.0,175407,60,35.0
22902,136,1288,9.470588235294118,2772,Active/Regular Products,Zone B,25.0,175168,60,35.0
85131D,206,850,4.12621359223301,3054,Active/Regular Products,Zone B,25.0,175100,60,35.0
47599B,118,1480,12.542372881355933,1886,Active/Regular Products,Zone B,25.0,174640,60,35.0
21116,251,695,2.757936507936508,3058,Active/Regular Products,Zone B,25.0,174445,60,35.0
23331,109,1596,14.0,2410,Active/Regular Products,Zone B,25.0,173964,60,35.0
22266,92,1887,19.060606060606062,2229,Active/Regular Products,Zone B,25.0,173604,60,35.0
22477,127,1364,10.740157480314961,2882,Active/Regular Products,Zone B,25.0,173228,60,35.0
23187,74,2338,31.173333333333332,1471,Slow-Moving Products,Zone D,60.0,173012,60,0.0
21088,103,1678,16.29126213592233,2414,Active/Regular Products,Zone B,25.0,172834,60,35.0
37342,109,1570,14.272727272727273,2435,Active/Regular Products,Zone B,25.0,171130,60,35.0
23404,169,1011,5.982248520710059,2457,Active/Regular Products,Zone B,25.0,170859,60,35.0
85017B,158,1077,6.773584905660377,3026,Active/Regular Products,Zone B,25.0,170166,60,35.0
22634,222,763,3.40625,2580,Active/Regular Products,Zone B,25.0,169386,60,35.0
22350,120,1410,11.652892561983471,2694,Active/Regular Products,Zone B,25.0,169200,60,35.0
22046,75,2250,30.0,1299,Slow-Moving Products,Zone D,60.0,168750,60,0.0
22767,218,774,3.55045871559633,2514,Active/Regular Products,Zone B,25.0,168732,60,35.0
23120,100,1685,16.047619047619047,2316,Active/Regular Products,Zone B,25.0,168500,60,35.0
23161,98,1715,17.5,2448,Active/Regular Products,Zone B,25.0,168070,60,35.0
22420,126,1333,10.4140625,2869,Active/Regular Products,Zone B,25.0,167958,60,35.0
21069,86,1949,22.662790697674417,2369,Active/Regular Products,Zone B,25.0,167614,60,35.0
22731,143,1172,8.13888888888889,2618,Active/Regular Products,Zone B,25.0,167596,60,35.0
23494,205,809,3.9271844660194173,2518,Active/Regular Products,Zone B,25.0,165845,60,35.0
21383,167,991,5.863905325443787,2988,Active/Regular Products,Zone B,25.0,165497,60,35.0
22403,125,1322,10.576,2767,Active/Regular Products,Zone B,25.0,165250,60,35.0
21014,119,1385,11.260162601626016,2831,Active/Regular Products,Zone B,25.0,164815,60,35.0
22209,173,945,5.431034482758621,2899,Active/Regular Products,Zone B,25.0,163485,60,35.0
23129,172,950,5.523255813953488,2283,Active/Regular Products,Zone B,25.0,163400,60,35.0
22821,139,1171,8.424460431654676,2929,Active/Regular Products,Zone B,25.0,162769,60,35.0
23498,99,1640,16.07843137254902,2045,Active/Regular Products,Zone B,25.0,162360,60,35.0
22922,102,1587,15.558823529411764,2392,Active/Regular Products,Zone B,25.0,161874,60,35.0
22967,138,1171,8.485507246376812,1556,Slow-Moving Products,Zone D,60.0,161598,60,0.0
85071B,125,1290,10.15748031496063,2666,Active/Regular Products,Zone B,25.0,161250,60,35.0
22717,131,1229,9.381679389312977,2793,Active/Regular Products,Zone B,25.0,160999,60,35.0
23373,100,1608,16.08,2128,Active/Regular Products,Zone B,25.0,160800,60,35.0
22311,142,1132,7.861111111111111,2912,Active/Regular Products,Zone B,25.0,160744,60,35.0
23255,158,1014,6.417721518987341,2179,Active/Regular Products,Zone B,25.0,160212,60,35.0
22132,154,1038,6.740259740259741,2994,Active/Regular Products,Zone B,25.0,159852,60,35.0
22096,117,1366,11.289256198347108,2374,Active/Regular Products,Zone B,25.0,159822,60,35.0
21619,164,974,5.903030303030303,2951,Active/Regular Products,Zone B,25.0,159736,60,35.0
22807,195,818,4.152284263959391,3046,Active/Regular Products,Zone B,25.0,159510,60,35.0
23500,98,1626,15.941176470588236,2146,Active/Regular Products,Zone B,25.0,159348,60,35.0
22649,200,795,3.8970588235294117,2722,Active/Regular Products,Zone B,25.0,159000,60,35.0
85176,172,918,5.337209302325581,3113,Active/Regular Products,Zone B,25.0,157896,60,35.0
22315,172,916,5.294797687861272,2944,Active/Regular Products,Zone B,25.0,157552,60,35.0
21679,138,1140,8.26086956521739,2826,Active/Regular Products,Zone B,25.0,157320,60,35.0
23395,210,748,3.5450236966824646,2578,Active/Regular Products,Zone B,25.0,157080,60,35.0
22396,128,1226,9.578125,2746,Active/Regular Products,Zone B,25.0,156928,60,35.0
22686,158,993,6.284810126582278,2771,Active/Regular Products,Zone B,25.0,156894,60,35.0
22533,88,1782,20.25,2370,Active/Regular Products,Zone B,25.0,156816,60,35.0
84929,65,2412,37.10769230769231,1444,Slow-Moving Products,Zone D,60.0,156780,60,0.0
22604,125,1251,9.69767441860465,2508,Active/Regular Products,Zone B,25.0,156375,60,35.0
21801,125,1251,10.008,2858,Active/Regular Products,Zone B,25.0,156375,60,35.0
21845,82,1906,23.24390243902439,1465,Slow-Moving Products,Zone D,60.0,156292,60,0.0
85049H,184,848,4.53475935828877,2989,Active/Regular Products,Zone B,25.0,156032,60,35.0
22810,165,944,5.686746987951807,2810,Active/Regular Products,Zone B,25.0,155760,60,35.0
22937,160,972,5.926829268292683,2729,Active/Regular Products,Zone B,25.0,155520,60,35.0
23132,152,1020,6.7105263157894735,2476,Active/Regular Products,Zone B,25.0,155040,60,35.0
22291,120,1289,10.565573770491802,2366,Active/Regular Products,Zone B,25.0,154680,60,35.0
21584,146,1059,6.876623376623376,1965,Active/Regular Products,Zone B,25.0,154614,60,35.0
20985,131,1179,8.669117647058824,2922,Active/Regular Products,Zone B,25.0,154449,60,35.0
22426,208,742,3.550239234449761,2606,Active/Regular Products,Zone B,25.0,154336,60,35.0
22858,136,1126,8.218978102189782,1994,Active/Regular Products,Zone B,25.0,153136,60,35.0
22332,148,1032,6.926174496644295,2237,Active/Regular Products,Zone B,25.0,152736,60,35.0
22976,143,1066,7.402777777777778,2825,Active/Regular Products,Zone B,25.0,152438,60,35.0
21864,184,828,4.451612903225806,2729,Active/Regular Products,Zone B,25.0,152352,60,35.0
21163,127,1196,9.129770992366412,2596,Active/Regular Products,Zone B,25.0,151892,60,35.0
23096,146,1033,7.075342465753424,2587,Active/Regular Products,Zone B,25.0,150818,60,35.0
21224,165,914,5.473053892215569,2996,Active/Regular Products,Zone B,25.0,150810,60,35.0
85038,142,1061,7.267123287671233,2784,Active/Regular Products,Zone B,25.0,150662,60,35.0
21452,184,817,4.39247311827957,2812,Active/Regular Products,Zone B,25.0,150328,60,35.0
22968,189,794,4.201058201058201,2937,Active/Regular Products,Zone B,25.0,150066,60,35.0
16216,45,3333,74.06666666666666,1772,Active/Regular Products,Zone B,25.0,149985,60,35.0
22175,171,877,5.128654970760234,2782,Active/Regular Products,Zone B,25.0,149967,60,35.0
23239,178,842,4.651933701657459,2586,Active/Regular Products,Zone B,25.0,149876,60,35.0
22264,96,1561,15.928571428571429,2536,Active/Regular Products,Zone B,25.0,149856,60,35.0
22744,172,867,4.982758620689655,2843,Active/Regular Products,Zone B,25.0,149124,60,35.0
21110,134,1105,8.185185185185185,2674,Active/Regular Products,Zone B,25.0,148070,60,35.0
85035C,130,1137,8.485074626865671,2616,Active/Regular Products,Zone B,25.0,147810,60,35.0
22587,161,918,5.666666666666667,2875,Active/Regular Products,Zone B,25.0,147798,60,35.0
23299,146,1012,6.931506849315069,2476,Active/Regular Products,Zone B,25.0,147752,60,35.0
22228,147,1000,6.802721088435374,2642,Active/Regular Products,Zone B,25.0,147000,60,35.0
23270,125,1174,9.171875,2352,Active/Regular Products,Zone B,25.0,146750,60,35.0
72802C,105,1395,13.037383177570094,2224,Active/Regular Products,Zone B,25.0,146475,60,35.0
21382,128,1143,8.86046511627907,2578,Active/Regular Products,Zone B,25.0,146304,60,35.0
22706,71,2057,28.971830985915492,1232,Slow-Moving Products,Zone D,60.0,146047,60,0.0
21399,71,2054,28.929577464788732,1564,Slow-Moving Products,Zone D,60.0,145834,60,0.0
85040A,164,888,5.254437869822485,2946,Active/Regular Products,Zone B,25.0,145632,60,35.0
84012,115,1265,10.905172413793103,2506,Active/Regular Products,Zone B,25.0,145475,60,35.0
21620,165,881,5.275449101796407,2968,Active/Regular Products,Zone B,25.0,145365,60,35.0
23489,159,913,5.533333333333333,2368,Active/Regular Products,Zone B,25.0,145167,60,35.0
22705,77,1883,24.454545454545453,1404,Slow-Moving Products,Zone D,60.0,144991,60,0.0
23526,143,1012,7.027777777777778,2507,Active/Regular Products,Zone B,25.0,144716,60,35.0
23499,110,1312,11.610619469026549,2250,Active/Regular Products,Zone B,25.0,144320,60,35.0
21866,193,747,3.850515463917526,2941,Active/Regular Products,Zone B,25.0,144171,60,35.0
22781,232,621,2.6767241379310347,3042,Active/Regular Products,Zone B,25.0,144072,60,35.0
22134,162,889,5.45398773006135,3029,Active/Regular Products,Zone B,25.0,144018,60,35.0
22231,144,998,6.789115646258503,2719,Active/Regular Products,Zone B,25.0,143712,60,35.0
21447,148,969,6.503355704697986,2647,Active/Regular Products,Zone B,25.0,143412,60,35.0
23127,194,736,3.7551020408163267,2344,Active/Regular Products,Zone B,25.0,142784,60,35.0
21389,128,1113,8.305970149253731,2606,Active/Regular Products,Zone B,25.0,142464,60,35.0
22365,179,789,4.407821229050279,2771,Active/Regular Products,Zone B,25.0,141231,60,35.0
84818,99,1423,14.373737373737374,1645,Active/Regular Products,Zone B,25.0,140877,60,35.0
21207,132,1067,8.022556390977444,2736,Active/Regular Products,Zone B,25.0,140844,60,35.0
21058,122,1154,9.306451612903226,2703,Active/Regular Products,Zone B,25.0,140788,60,35.0
21206,109,1290,11.621621621621621,2479,Active/Regular Products,Zone B,25.0,140610,60,35.0
23274,119,1180,9.833333333333334,2372,Active/Regular Products,Zone B,25.0,140420,60,35.0
72818,76,1845,23.653846153846153,2260,Active/Regular Products,Zone B,25.0,140220,60,35.0
22262,137,1023,7.204225352112676,2885,Active/Regular Products,Zone B,25.0,140151,60,35.0
46000M,137,1021,7.398550724637682,1724,Active/Regular Products,Zone B,25.0,139877,60,35.0
21159,124,1126,9.080645161290322,2574,Active/Regular Products,Zone B,25.0,139624,60,35.0
22955,134,1040,7.647058823529412,2759,Active/Regular Products,Zone B,25.0,139360,60,35.0
23369,126,1105,8.565891472868216,2386,Active/Regular Products,Zone B,25.0,139230,60,35.0
23186,70,1982,27.91549295774648,1552,Slow-Moving Products,Zone D,60.0,138740,60,0.0
85039B,172,806,4.658959537572255,3045,Active/Regular Products,Zone B,25.0,138632,60,35.0
22671,144,962,6.680555555555555,2794,Active/Regular Products,Zone B,25.0,138528,60,35.0
23375,103,1342,13.029126213592233,2228,Active/Regular Products,Zone B,25.0,138226,60,35.0
22565,148,933,6.261744966442953,2856,Active/Regular Products,Zone B,25.0,138084,60,35.0
23505,115,1200,10.256410256410257,2081,Active/Regular Products,Zone B,25.0,138000,60,35.0
22586,161,856,5.283950617283951,2912,Active/Regular Products,Zone B,25.0,137816,60,35.0
21245,128,1075,8.333333333333334,2371,Active/Regular Products,Zone B,25.0,137600,60,35.0
22072,162,848,5.108433734939759,2346,Active/Regular Products,Zone B,25.0,137376,60,35.0
22224,164,834,5.054545454545455,2954,Active/Regular Products,Zone B,25.0,136776,60,35.0
22796,232,582,2.4871794871794872,2758,Active/Regular Products,Zone B,25.0,135024,60,35.0
22678,160,843,5.26875,2859,Active/Regular Products,Zone B,25.0,134880,60,35.0
21215,124,1087,8.626984126984127,2602,Active/Regular Products,Zone B,25.0,134788,60,35.0
23360,114,1182,10.189655172413794,2002,Active/Regular Products,Zone B,25.0,134748,60,35.0
22249,145,928,6.27027027027027,2776,Active/Regular Products,Zone B,25.0,134560,60,35.0
21991,211,635,2.9952830188679247,3119,Active/Regular Products,Zone B,25.0,133985,60,35.0
22412,147,911,6.155405405405405,2559,Active/Regular Products,Zone B,25.0,133917,60,35.0
22128,76,1762,23.18421052631579,1448,Slow-Moving Products,Zone D,60.0,133912,60,0.0
23093,142,939,6.612676056338028,2357,Active/Regular Products,Zone B,25.0,133338,60,35.0
21823,97,1372,13.192307692307692,2572,Active/Regular Products,Zone B,25.0,133084,60,35.0
23541,152,872,5.7368421052631575,2368,Active/Regular Products,Zone B,25.0,132544,60,35.0
21096,105,1259,11.99047619047619,2517,Active/Regular Products,Zone B,25.0,132195,60,35.0
22635,194,681,3.4923076923076923,2509,Active/Regular Products,Zone B,25.0,132114,60,35.0
23112,241,546,2.2655601659751037,2811,Active/Regular Products,Zone B,25.0,131586,60,35.0
85231B,151,868,5.636363636363637,2976,Active/Regular Products,Zone B,25.0,131068,60,35.0
22566,150,873,5.705882352941177,2786,Active/Regular Products,Zone B,25.0,130950,60,35.0
22483,169,770,4.556213017751479,2888,Active/Regular Products,Zone B,25.0,130130,60,35.0
23267,108,1202,10.82882882882883,2283,Active/Regular Products,Zone B,25.0,129816,60,35.0
23250,110,1179,10.718181818181819,2018,Active/Regular Products,Zone B,25.0,129690,60,35.0
23281,101,1280,12.307692307692308,2291,Active/Regular Products,Zone B,25.0,129280,60,35.0
22286,115,1123,9.765217391304347,2583,Active/Regular Products,Zone B,25.0,129145,60,35.0
22306,111,1162,10.283185840707965,2352,Active/Regular Products,Zone B,25.0,128982,60,35.0
22680,153,842,5.432258064516129,2684,Active/Regular Products,Zone B,25.0,128826,60,35.0
23268,89,1447,16.258426966292134,2079,Active/Regular Products,Zone B,25.0,128783,60,35.0
22977,135,950,6.985294117647059,2710,Active/Regular Products,Zone B,25.0,128250,60,35.0
23396,196,654,3.253731343283582,2489,Active/Regular Products,Zone B,25.0,128184,60,35.0
21564,123,1042,8.471544715447154,2430,Active/Regular Products,Zone B,25.0,128166,60,35.0
37327,81,1578,19.012048192771083,2495,Active/Regular Products,Zone B,25.0,127818,60,35.0
17084N,101,1264,12.514851485148515,2877,Active/Regular Products,Zone B,25.0,127664,60,35.0
22342,128,997,7.7890625,2903,Active/Regular Products,Zone B,25.0,127616,60,35.0
23543,103,1236,11.771428571428572,1812,Active/Regular Products,Zone B,25.0,127308,60,35.0
22292,112,1136,9.793103448275861,2436,Active/Regular Products,Zone B,25.0,127232,60,35.0
23217,97,1309,13.222222222222221,2338,Active/Regular Products,Zone B,25.0,126973,60,35.0
23388,154,821,5.3311688311688314,2336,Active/Regular Products,Zone B,25.0,126434,60,35.0
22186,149,848,5.653333333333333,2671,Active/Regular Products,Zone B,25.0,126352,60,35.0
21577,175,720,4.114285714285714,2983,Active/Regular Products,Zone B,25.0,126000,60,35.0
21402,92,1369,14.880434782608695,2628,Active/Regular Products,Zone B,25.0,125948,60,35.0
22117,95,1320,13.894736842105264,2556,Active/Regular Products,Zone B,25.0,125400,60,35.0
23348,168,746,4.3882352941176475,2596,Active/Regular Products,Zone B,25.0,125328,60,35.0
35648,128,979,7.473282442748092,2950,Active/Regular Products,Zone B,25.0,125312,60,35.0
21201,101,1240,11.923076923076923,2506,Active/Regular Products,Zone B,25.0,125240,60,35.0
22245,98,1262,12.747474747474747,2358,Active/Regular Products,Zone B,25.0,123676,60,35.0
22854,161,767,4.705521472392638,2336,Active/Regular Products,Zone B,25.0,123487,60,35.0
21713,157,786,4.943396226415095,2697,Active/Regular Products,Zone B,25.0,123402,60,35.0
21947,152,811,5.165605095541402,2950,Active/Regular Products,Zone B,25.0,123272,60,35.0
23226,98,1247,12.595959595959595,2427,Active/Regular Products,Zone B,25.0,122206,60,35.0
23390,163,747,4.5,2220,Active/Regular Products,Zone B,25.0,121761,60,35.0
22374,223,546,2.4375,3095,Active/Regular Products,Zone B,25.0,121758,60,35.0
22650,143,851,5.951048951048951,2800,Active/Regular Products,Zone B,25.0,121693,60,35.0
21905,160,760,4.75,2836,Active/Regular Products,Zone B,25.0,121600,60,35.0
22284,131,927,7.0227272727272725,2651,Active/Regular Products,Zone B,25.0,121437,60,35.0
23091,209,580,2.761904761904762,2387,Active/Regular Products,Zone B,25.0,121220,60,35.0
23133,155,782,5.04516129032258,2439,Active/Regular Products,Zone B,25.0,121210,60,35.0
22250,147,819,5.533783783783784,2876,Active/Regular Products,Zone B,25.0,120393,60,35.0
22430,195,617,3.1479591836734695,2599,Active/Regular Products,Zone B,25.0,120315,60,35.0
21615,135,891,6.456521739130435,2857,Active/Regular Products,Zone B,25.0,120285,60,35.0
22588,175,684,3.8863636363636362,2974,Active/Regular Products,Zone B,25.0,119700,60,35.0
23381,80,1496,18.469135802469136,2282,Active/Regular Products,Zone B,25.0,119680,60,35.0
23225,88,1355,15.397727272727273,2400,Active/Regular Products,Zone B,25.0,119240,60,35.0
22639,148,805,5.33112582781457,2743,Active/Regular Products,Zone B,25.0,119140,60,35.0
22522,128,930,7.153846153846154,1973,Active/Regular Products,Zone B,25.0,119040,60,35.0
22053,28,4244,151.57142857142858,669,Slow-Moving Products,Zone D,60.0,118832,60,0.0
22129,100,1188,11.88,2563,Active/Regular Products,Zone B,25.0,118800,60,35.0
23061,117,1015,8.675213675213675,2540,Active/Regular Products,Zone B,25.0,118755,60,35.0
23550,64,1855,28.984375,1152,Slow-Moving Products,Zone D,60.0,118720,60,0.0
85131A,119,996,8.369747899159664,2621,Active/Regular Products,Zone B,25.0,118524,60,35.0
21070,107,1106,10.24074074074074,2695,Active/Regular Products,Zone B,25.0,118342,60,35.0
22321,132,893,6.765151515151516,2900,Active/Regular Products,Zone B,25.0,117876,60,35.0
10125,91,1295,13.924731182795698,2373,Active/Regular Products,Zone B,25.0,117845,60,35.0
22636,198,595,3.005050505050505,2577,Active/Regular Products,Zone B,25.0,117810,60,35.0
85183B,118,996,8.369747899159664,2340,Active/Regular Products,Zone B,25.0,117528,60,35.0
84969,210,558,2.657142857142857,3058,Active/Regular Products,Zone B,25.0,117180,60,35.0
22523,135,864,6.4,2491,Active/Regular Products,Zone B,25.0,116640,60,35.0
22269,125,932,7.396825396825397,2662,Active/Regular Products,Zone B,25.0,116500,60,35.0
22789,138,844,6.071942446043166,2481,Active/Regular Products,Zone B,25.0,116472,60,35.0
22926,195,594,3.0306122448979593,2258,Active/Regular Products,Zone B,25.0,115830,60,35.0
22838,168,689,4.101190476190476,2399,Active/Regular Products,Zone B,25.0,115752,60,35.0
85071A,111,1041,9.212389380530974,2400,Active/Regular Products,Zone B,25.0,115551,60,35.0
22778,143,808,5.45945945945946,2548,Active/Regular Products,Zone B,25.0,115544,60,35.0
22664,162,713,4.401234567901234,2929,Active/Regular Products,Zone B,25.0,115506,60,35.0
47504H,118,978,8.288135593220339,2788,Active/Regular Products,Zone B,25.0,115404,60,35.0
21949,144,801,5.524137931034483,2989,Active/Regular Products,Zone B,25.0,115344,60,35.0
21294,71,1618,22.164383561643834,1908,Active/Regular Products,Zone B,25.0,114878,60,35.0
22933,122,940,7.642276422764228,2356,Active/Regular Products,Zone B,25.0,114680,60,35.0
79066K,146,783,5.363013698630137,2889,Active/Regular Products,Zone B,25.0,114318,60,35.0
85039A,162,704,4.345679012345679,3043,Active/Regular Products,Zone B,25.0,114048,60,35.0
22322,139,820,5.899280575539568,2778,Active/Regular Products,Zone B,25.0,113980,60,35.0
85203,127,895,6.78030303030303,2857,Active/Regular Products,Zone B,25.0,113665,60,35.0
21616,138,822,5.788732394366197,2829,Active/Regular Products,Zone B,25.0,113436,60,35.0
85034B,120,945,7.745901639344262,2678,Active/Regular Products,Zone B,25.0,113400,60,35.0
21391,106,1069,9.898148148148149,2491,Active/Regular Products,Zone B,25.0,113314,60,35.0
72807C,157,721,4.592356687898089,2827,Active/Regular Products,Zone B,25.0,113197,60,35.0
22399,98,1152,11.755102040816327,2146,Active/Regular Products,Zone B,25.0,112896,60,35.0
22841,213,529,2.483568075117371,2671,Active/Regular Products,Zone B,25.0,112677,60,35.0
22924,87,1295,14.885057471264368,2525,Active/Regular Products,Zone B,25.0,112665,60,35.0
22679,152,740,4.868421052631579,2695,Active/Regular Products,Zone B,25.0,112480,60,35.0
17021,47,2391,46.88235294117647,1171,Slow-Moving Products,Zone D,60.0,112377,60,0.0
23433,89,1258,14.134831460674157,1835,Active/Regular Products,Zone B,25.0,111962,60,35.0
15056P,144,776,5.388888888888889,2395,Active/Regular Products,Zone B,25.0,111744,60,35.0
22479,98,1139,11.622448979591837,2727,Active/Regular Products,Zone B,25.0,111622,60,35.0
21112,82,1359,16.573170731707318,2581,Active/Regular Products,Zone B,25.0,111438,60,35.0
21556,114,977,8.495652173913044,2439,Active/Regular Products,Zone B,25.0,111378,60,35.0
85206A,114,974,8.469565217391304,1851,Active/Regular Products,Zone B,25.0,111036,60,35.0
21879,94,1176,12.378947368421052,2533,Active/Regular Products,Zone B,25.0,110544,60,35.0
22299,80,1379,17.2375,2704,Active/Regular Products,Zone B,25.0,110320,60,35.0
23160,76,1450,19.07894736842105,2062,Active/Regular Products,Zone B,25.0,110200,60,35.0
22293,122,903,7.224,2588,Active/Regular Products,Zone B,25.0,110166,60,35.0
22696,151,729,4.673076923076923,2727,Active/Regular Products,Zone B,25.0,110079,60,35.0
23068,136,809,5.86231884057971,2290,Active/Regular Products,Zone B,25.0,110024,60,35.0
22476,125,880,7.04,2834,Active/Regular Products,Zone B,25.0,110000,60,35.0
22070,116,948,8.102564102564102,2692,Active/Regular Products,Zone B,25.0,109968,60,35.0
21788,85,1293,15.034883720930232,2298,Active/Regular Products,Zone B,25.0,109905,60,35.0
23282,135,812,5.927007299270073,2595,Active/Regular Products,Zone B,25.0,109620,60,35.0
22485,208,526,2.5288461538461537,2718,Active/Regular Products,Zone B,25.0,109408,60,35.0
23531,112,976,8.63716814159292,2085,Active/Regular Products,Zone B,25.0,109312,60,35.0
21209,89,1224,13.752808988764045,2391,Active/Regular Products,Zone B,25.0,108936,60,35.0
17084R,27,4032,149.33333333333334,971,Slow-Moving Products,Zone D,60.0,108864,60,0.0
22923,80,1360,17.0,1878,Active/Regular Products,Zone B,25.0,108800,60,35.0
23273,112,969,8.575221238938052,2313,Active/Regular Products,Zone B,25.0,108528,60,35.0
22133,133,816,6.135338345864661,2947,Active/Regular Products,Zone B,25.0,108528,60,35.0
21884,93,1166,12.53763440860215,2705,Active/Regular Products,Zone B,25.0,108438,60,35.0
23131,115,942,8.120689655172415,1927,Active/Regular Products,Zone B,25.0,108330,60,35.0
22582,102,1061,10.201923076923077,2654,Active/Regular Products,Zone B,25.0,108222,60,35.0
21896,110,980,8.82882882882883,2385,Active/Regular Products,Zone B,25.0,107800,60,35.0
85131B,172,623,3.622093023255814,3023,Active/Regular Products,Zone B,25.0,107156,60,35.0
22163,122,875,7.056451612903226,2923,Active/Regular Products,Zone B,25.0,106750,60,35.0
85032A,135,789,5.844444444444444,2721,Active/Regular Products,Zone B,25.0,106515,60,35.0
22279,128,831,6.392307692307693,2967,Active/Regular Products,Zone B,25.0,106368,60,35.0
23397,217,489,2.2534562211981566,2539,Active/Regular Products,Zone B,25.0,106113,60,35.0
22107,179,592,3.2527472527472527,3035,Active/Regular Products,Zone B,25.0,105968,60,35.0
22230,101,1047,10.16504854368932,2652,Active/Regular Products,Zone B,25.0,105747,60,35.0
22481,128,825,6.346153846153846,2789,Active/Regular Products,Zone B,25.0,105600,60,35.0
22931,129,813,6.253846153846154,2627,Active/Regular Products,Zone B,25.0,104877,60,35.0
21109,112,936,8.068965517241379,2673,Active/Regular Products,Zone B,25.0,104832,60,35.0
23244,112,936,8.357142857142858,2173,Active/Regular Products,Zone B,25.0,104832,60,35.0
16259,31,3380,109.03225806451613,696,Slow-Moving Products,Zone D,60.0,104780,60,0.0
85032B,133,786,5.909774436090226,2698,Active/Regular Products,Zone B,25.0,104538,60,35.0
22285,120,870,7.073170731707317,2542,Active/Regular Products,Zone B,25.0,104400,60,35.0
23431,72,1449,19.58108108108108,1692,Slow-Moving Products,Zone D,60.0,104328,60,0.0
21471,163,639,3.920245398773006,2893,Active/Regular Products,Zone B,25.0,104157,60,35.0
22452,144,722,4.945205479452055,2800,Active/Regular Products,Zone B,25.0,103968,60,35.0
22990,164,633,3.8132530120481927,2513,Active/Regular Products,Zone B,25.0,103812,60,35.0
22673,131,791,5.992424242424242,2576,Active/Regular Products,Zone B,25.0,103621,60,35.0
22626,199,517,2.5979899497487438,2619,Active/Regular Products,Zone B,25.0,102883,60,35.0
23220,103,993,9.548076923076923,2506,Active/Regular Products,Zone B,25.0,102279,60,35.0
22947,137,746,5.445255474452555,2348,Active/Regular Products,Zone B,25.0,102202,60,35.0
23050,205,497,2.424390243902439,2442,Active/Regular Products,Zone B,25.0,101885,60,35.0
22135,179,567,3.1675977653631286,3099,Active/Regular Products,Zone B,25.0,101493,60,35.0
21422,63,1607,25.50793650793651,2132,Active/Regular Products,Zone B,25.0,101241,60,35.0
22364,164,616,3.7333333333333334,3050,Active/Regular Products,Zone B,25.0,101024,60,35.0
22735,136,741,5.292857142857143,2726,Active/Regular Products,Zone B,25.0,100776,60,35.0
21906,173,581,3.339080459770115,2996,Active/Regular Products,Zone B,25.0,100513,60,35.0
22949,105,956,9.104761904761904,2528,Active/Regular Products,Zone B,25.0,100380,60,35.0
21677,119,835,7.016806722689076,2838,Active/Regular Products,Zone B,25.0,99365,60,35.0
22101,69,1438,20.840579710144926,2595,Active/Regular Products,Zone B,25.0,99222,60,35.0
22438,98,1009,10.09,2567,Active/Regular Products,Zone B,25.0,98882,60,35.0
21287,55,1790,32.54545454545455,1343,Slow-Moving Products,Zone D,60.0,98450,60,0.0
22434,124,793,6.395161290322581,2437,Active/Regular Products,Zone B,25.0,98332,60,35.0
22120,188,523,2.7819148936170213,2495,Active/Regular Products,Zone B,25.0,98324,60,35.0
22689,146,673,4.578231292517007,2697,Active/Regular Products,Zone B,25.0,98258,60,35.0
21948,153,640,4.129032258064516,2971,Active/Regular Products,Zone B,25.0,97920,60,35.0
16048,67,1460,21.470588235294116,2415,Active/Regular Products,Zone B,25.0,97820,60,35.0
23547,62,1575,25.403225806451612,1107,Slow-Moving Products,Zone D,60.0,97650,60,0.0
22251,137,712,5.122302158273381,2825,Active/Regular Products,Zone B,25.0,97544,60,35.0
23483,73,1328,17.945945945945947,1914,Active/Regular Products,Zone B,25.0,96944,60,35.0
21356,151,642,4.223684210526316,3033,Active/Regular Products,Zone B,25.0,96942,60,35.0
21398,63,1532,24.317460317460316,1957,Active/Regular Products,Zone B,25.0,96516,60,35.0
84006,105,918,8.742857142857142,2743,Active/Regular Products,Zone B,25.0,96390,60,35.0
85174,157,613,3.9044585987261144,3003,Active/Regular Products,Zone B,25.0,96241,60,35.0
21192,88,1092,12.0,2711,Active/Regular Products,Zone B,25.0,96096,60,35.0
21167,67,1432,21.37313432835821,2618,Active/Regular Products,Zone B,25.0,95944,60,35.0
37450,134,714,5.25,2633,Active/Regular Products,Zone B,25.0,95676,60,35.0
85032C,140,683,4.843971631205674,2853,Active/Regular Products,Zone B,25.0,95620,60,35.0
22842,162,589,3.6358024691358026,2435,Active/Regular Products,Zone B,25.0,95418,60,35.0
22811,108,881,8.082568807339449,2915,Active/Regular Products,Zone B,25.0,95148,60,35.0
21578,127,746,5.874015748031496,2519,Active/Regular Products,Zone B,25.0,94742,60,35.0
21355,120,789,6.414634146341464,2425,Active/Regular Products,Zone B,25.0,94680,60,35.0
23432,74,1276,17.243243243243242,1742,Active/Regular Products,Zone B,25.0,94424,60,35.0
37447,115,820,7.130434782608695,2691,Active/Regular Products,Zone B,25.0,94300,60,35.0
22598,95,990,10.3125,2606,Active/Regular Products,Zone B,25.0,94050,60,35.0
79030G,67,1403,20.940298507462686,1791,Active/Regular Products,Zone B,25.0,94001,60,35.0
22344,76,1225,16.11842105263158,2482,Active/Regular Products,Zone B,25.0,93100,60,35.0
85199L,95,977,10.284210526315789,2633,Active/Regular Products,Zone B,25.0,92815,60,35.0
23379,76,1220,15.844155844155845,2369,Active/Regular Products,Zone B,25.0,92720,60,35.0
35095A,100,925,9.25,2967,Active/Regular Products,Zone B,25.0,92500,60,35.0
22942,152,608,3.973856209150327,2570,Active/Regular Products,Zone B,25.0,92416,60,35.0
23530,87,1056,12.137931034482758,2093,Active/Regular Products,Zone B,25.0,91872,60,35.0
23007,184,498,2.7065217391304346,2727,Active/Regular Products,Zone B,25.0,91632,60,35.0
22695,123,741,5.928,2782,Active/Regular Products,Zone B,25.0,91143,60,35.0
21115,162,562,3.4478527607361964,2677,Active/Regular Products,Zone B,25.0,91044,60,35.0
21211,103,883,8.490384615384615,2426,Active/Regular Products,Zone B,25.0,90949,60,35.0
70007,107,841,7.787037037037037,2968,Active/Regular Products,Zone B,25.0,89987,60,35.0
22681,126,710,5.546875,2581,Active/Regular Products,Zone B,25.0,89460,60,35.0
22839,201,445,2.202970297029703,2906,Active/Regular Products,Zone B,25.0,89445,60,35.0
21680,103,868,8.427184466019417,2769,Active/Regular Products,Zone B,25.0,89404,60,35.0
21557,162,551,3.3803680981595092,2911,Active/Regular Products,Zone B,25.0,89262,60,35.0
22081,138,644,4.633093525179856,2880,Active/Regular Products,Zone B,25.0,88872,60,35.0
22592,135,658,4.874074074074074,2739,Active/Regular Products,Zone B,25.0,88830,60,35.0
23123,95,935,9.842105263157896,2491,Active/Regular Products,Zone B,25.0,88825,60,35.0
22198,86,1025,11.918604651162791,2225,Active/Regular Products,Zone B,25.0,88150,60,35.0
23152,159,554,3.4625,2106,Active/Regular Products,Zone B,25.0,88086,60,35.0
20832,82,1067,12.855421686746988,2420,Active/Regular Products,Zone B,25.0,87494,60,35.0
21107,97,901,9.193877551020408,2706,Active/Regular Products,Zone B,25.0,87397,60,35.0
21881,79,1102,13.949367088607595,2493,Active/Regular Products,Zone B,25.0,87058,60,35.0
21463,134,649,4.843283582089552,1586,Slow-Moving Products,Zone D,60.0,86966,60,0.0
21258,163,532,3.263803680981595,2968,Active/Regular Products,Zone B,25.0,86716,60,35.0
37449,154,563,3.655844155844156,1920,Active/Regular Products,Zone B,25.0,86702,60,35.0
21401,82,1052,12.674698795180722,2593,Active/Regular Products,Zone B,25.0,86264,60,35.0
85194S,72,1197,16.625,2237,Active/Regular Products,Zone B,25.0,86184,60,35.0
21249,119,724,6.084033613445378,2822,Active/Regular Products,Zone B,25.0,86156,60,35.0
23034,88,979,10.877777777777778,2067,Active/Regular Products,Zone B,25.0,86152,60,35.0
22545,75,1142,15.226666666666667,2607,Active/Regular Products,Zone B,25.0,85650,60,35.0
22831,121,706,5.739837398373984,2465,Active/Regular Products,Zone B,25.0,85426,60,35.0
22116,148,575,3.885135135135135,2941,Active/Regular Products,Zone B,25.0,85100,60,35.0
21789,92,925,9.946236559139784,2482,Active/Regular Products,Zone B,25.0,85100,60,35.0
22061,146,582,3.9863013698630136,2126,Active/Regular Products,Zone B,25.0,84972,60,35.0
23049,186,456,2.4516129032258065,2343,Active/Regular Products,Zone B,25.0,84816,60,35.0
21111,94,900,9.473684210526315,2651,Active/Regular Products,Zone B,25.0,84600,60,35.0
22312,131,645,4.849624060150376,2816,Active/Regular Products,Zone B,25.0,84495,60,35.0
35095B,98,862,8.795918367346939,2922,Active/Regular Products,Zone B,25.0,84476,60,35.0
72802B,82,1028,12.536585365853659,1715,Active/Regular Products,Zone B,25.0,84296,60,35.0
22357,180,468,2.6,3027,Active/Regular Products,Zone B,25.0,84240,60,35.0
21200,75,1119,14.92,2495,Active/Regular Products,Zone B,25.0,83925,60,35.0
23403,134,625,4.62962962962963,2417,Active/Regular Products,Zone B,25.0,83750,60,35.0
85116,89,941,10.455555555555556,2610,Active/Regular Products,Zone B,25.0,83749,60,35.0
23347,97,860,8.775510204081632,2419,Active/Regular Products,Zone B,25.0,83420,60,35.0
23252,138,603,4.369565217391305,2078,Active/Regular Products,Zone B,25.0,83214,60,35.0
72349B,114,729,6.2844827586206895,2713,Active/Regular Products,Zone B,25.0,83106,60,35.0
20956,101,822,8.058823529411764,2867,Active/Regular Products,Zone B,25.0,83022,60,35.0
16225,102,813,7.970588235294118,2771,Active/Regular Products,Zone B,25.0,82926,60,35.0
16016,65,1273,19.584615384615386,1207,Slow-Moving Products,Zone D,60.0,82745,60,0.0
20801,81,1013,12.353658536585366,2101,Active/Regular Products,Zone B,25.0,82053,60,35.0
22925,182,449,2.453551912568306,2540,Active/Regular Products,Zone B,25.0,81718,60,35.0
35923,62,1318,20.92063492063492,2262,Active/Regular Products,Zone B,25.0,81716,60,35.0
22547,101,809,7.931372549019608,2823,Active/Regular Products,Zone B,25.0,81709,60,35.0
23435,99,824,8.323232323232324,2437,Active/Regular Products,Zone B,25.0,81576,60,35.0
23214,103,789,7.586538461538462,2291,Active/Regular Products,Zone B,25.0,81267,60,35.0
22520,113,719,6.252173913043478,1750,Active/Regular Products,Zone B,25.0,81247,60,35.0
23843,1,80995,80995.0,0,Bulk/Exceptional Products,,,80995,60,
21530,104,777,7.4,2556,Active/Regular Products,Zone B,25.0,80808,60,35.0
22319,61,1322,21.672131147540984,1423,Slow-Moving Products,Zone D,60.0,80642,60,0.0
23559,124,649,5.233870967741935,2589,Active/Regular Products,Zone B,25.0,80476,60,35.0
16011,46,1749,38.02173913043478,1120,Slow-Moving Products,Zone D,60.0,80454,60,0.0
85111,57,1409,24.29310344827586,2245,Active/Regular Products,Zone B,25.0,80313,60,35.0
47567B,133,602,4.492537313432836,2537,Active/Regular Products,Zone B,25.0,80066,60,35.0
22543,55,1453,26.418181818181818,2310,Active/Regular Products,Zone B,25.0,79915,60,35.0
23461,94,847,8.47,2074,Active/Regular Products,Zone B,25.0,79618,60,35.0
22345,71,1117,15.301369863013699,2451,Active/Regular Products,Zone B,25.0,79307,60,35.0
22043,64,1238,19.34375,2428,Active/Regular Products,Zone B,25.0,79232,60,35.0
22468,153,517,3.3790849673202614,2721,Active/Regular Products,Zone B,25.0,79101,60,35.0
22863,110,719,6.536363636363636,2261,Active/Regular Products,Zone B,25.0,79090,60,35.0
21626,99,794,7.94,2353,Active/Regular Products,Zone B,25.0,78606,60,35.0
22190,116,676,5.777777777777778,2977,Active/Regular Products,Zone B,25.0,78416,60,35.0
35964,100,783,7.752475247524752,2874,Active/Regular Products,Zone B,25.0,78300,60,35.0
22532,73,1072,14.293333333333333,2167,Active/Regular Products,Zone B,25.0,78256,60,35.0
23359,79,990,12.531645569620252,1575,Slow-Moving Products,Zone D,60.0,78210,60,0.0
21208,83,940,11.19047619047619,2277,Active/Regular Products,Zone B,25.0,78020,60,35.0
22199,167,467,2.7964071856287425,2875,Active/Regular Products,Zone B,25.0,77989,60,35.0
21454,136,572,4.115107913669065,2749,Active/Regular Products,Zone B,25.0,77792,60,35.0
23235,105,736,7.0095238095238095,2024,Active/Regular Products,Zone B,25.0,77280,60,35.0
82613D,111,696,6.27027027027027,2858,Active/Regular Products,Zone B,25.0,77256,60,35.0
21894,130,592,4.519083969465649,2879,Active/Regular Products,Zone B,25.0,76960,60,35.0
22683,119,644,5.366666666666666,2571,Active/Regular Products,Zone B,25.0,76636,60,35.0
22682,113,677,5.93859649122807,2394,Active/Regular Products,Zone B,25.0,76501,60,35.0
22425,166,460,2.7710843373493974,2689,Active/Regular Products,Zone B,25.0,76360,60,35.0
21354,95,799,8.410526315789474,2432,Active/Regular Products,Zone B,25.0,75905,60,35.0
22314,133,570,4.222222222222222,2862,Active/Regular Products,Zone B,25.0,75810,60,35.0
22247,113,668,5.758620689655173,2619,Active/Regular Products,Zone B,25.0,75484,60,35.0
21199,78,966,12.227848101265822,2279,Active/Regular Products,Zone B,25.0,75348,60,35.0
22068,143,526,3.6527777777777777,2897,Active/Regular Products,Zone B,25.0,75218,60,35.0
23392,113,662,5.807017543859649,2478,Active/Regular Products,Zone B,25.0,74806,60,35.0
21126,126,592,4.661417322834645,2821,Active/Regular Products,Zone B,25.0,74592,60,35.0
20986,113,654,5.637931034482759,2763,Active/Regular Products,Zone B,25.0,73902,60,35.0
22756,123,599,4.869918699186992,2782,Active/Regular Products,Zone B,25.0,73677,60,35.0
23269,94,779,8.2,2406,Active/Regular Products,Zone B,25.0,73226,60,35.0
72800E,136,538,3.870503597122302,2847,Active/Regular Products,Zone B,25.0,73168,60,35.0
23566,83,881,10.614457831325302,2326,Active/Regular Products,Zone B,25.0,73123,60,35.0
21198,71,1028,14.47887323943662,2149,Active/Regular Products,Zone B,25.0,72988,60,35.0
22310,109,668,6.018018018018018,2914,Active/Regular Products,Zone B,25.0,72812,60,35.0
22820,77,940,12.051282051282051,2459,Active/Regular Products,Zone B,25.0,72380,60,35.0
22278,178,405,2.2252747252747254,2977,Active/Regular Products,Zone B,25.0,72090,60,35.0
23138,82,879,10.464285714285714,2035,Active/Regular Products,Zone B,25.0,72078,60,35.0
22914,154,467,3.0129032258064514,2768,Active/Regular Products,Zone B,25.0,71918,60,35.0
20665,156,461,2.9551282051282053,3043,Active/Regular Products,Zone B,25.0,71916,60,35.0
79191C,65,1105,17.0,1496,Slow-Moving Products,Zone D,60.0,71825,60,0.0
85071C,105,683,6.443396226415095,2607,Active/Regular Products,Zone B,25.0,71715,60,35.0
82599,141,508,3.5524475524475525,2399,Active/Regular Products,Zone B,25.0,71628,60,35.0
21455,117,612,5.1,2587,Active/Regular Products,Zone B,25.0,71604,60,35.0
21775,139,515,3.7050359712230216,2990,Active/Regular Products,Zone B,25.0,71585,60,35.0
85169A,88,812,9.123595505617978,2699,Active/Regular Products,Zone B,25.0,71456,60,35.0
22334,101,707,6.931372549019608,2053,Active/Regular Products,Zone B,25.0,71407,60,35.0
85202,106,672,6.0,2669,Active/Regular Products,Zone B,25.0,71232,60,35.0
23327,41,1734,41.285714285714285,1324,Slow-Moving Products,Zone D,60.0,71094,60,0.0
84031A,165,430,2.606060606060606,3069,Active/Regular Products,Zone B,25.0,70950,60,35.0
23092,135,523,3.8740740740740742,2052,Active/Regular Products,Zone B,25.0,70605,60,35.0
22891,168,420,2.5,2933,Active/Regular Products,Zone B,25.0,70560,60,35.0
23223,88,801,9.0,2380,Active/Regular Products,Zone B,25.0,70488,60,35.0
22337,77,912,11.692307692307692,2673,Active/Regular Products,Zone B,25.0,70224,60,35.0
22258,77,912,11.844155844155845,2185,Active/Regular Products,Zone B,25.0,70224,60,35.0
22449,143,491,3.4097222222222223,2712,Active/Regular Products,Zone B,25.0,70213,60,35.0
22063,120,583,4.739837398373984,2470,Active/Regular Products,Zone B,25.0,69960,60,35.0
21397,65,1075,16.53846153846154,1928,Active/Regular Products,Zone B,25.0,69875,60,35.0
22857,61,1145,18.770491803278688,1463,Slow-Moving Products,Zone D,60.0,69845,60,0.0
20735,112,623,5.5625,2569,Active/Regular Products,Zone B,25.0,69776,60,35.0
20966,97,719,7.412371134020619,2274,Active/Regular Products,Zone B,25.0,69743,60,35.0
22445,130,534,3.9555555555555557,2814,Active/Regular Products,Zone B,25.0,69420,60,35.0
22267,83,836,9.83529411764706,1780,Active/Regular Products,Zone B,25.0,69388,60,35.0
23135,45,1541,34.24444444444445,1241,Slow-Moving Products,Zone D,60.0,69345,60,0.0
20707,149,464,3.1140939597315436,2780,Active/Regular Products,Zone B,25.0,69136,60,35.0
85194L,73,947,12.972602739726028,1879,Active/Regular Products,Zone B,25.0,69131,60,35.0
21675,110,628,5.709090909090909,2899,Active/Regular Products,Zone B,25.0,69080,60,35.0
23509,65,1062,16.09090909090909,1926,Active/Regular Products,Zone B,25.0,69030,60,35.0
22217,82,839,10.231707317073171,2403,Active/Regular Products,Zone B,25.0,68798,60,35.0
21625,169,407,2.3941176470588235,3006,Active/Regular Products,Zone B,25.0,68783,60,35.0
21527,144,477,3.2896551724137932,1846,Active/Regular Products,Zone B,25.0,68688,60,35.0
22822,158,433,2.740506329113924,2436,Active/Regular Products,Zone B,25.0,68414,60,35.0
23249,81,842,10.395061728395062,1769,Active/Regular Products,Zone B,25.0,68202,60,35.0
23549,52,1305,25.096153846153847,1139,Slow-Moving Products,Zone D,60.0,67860,60,0.0
21730,131,517,3.946564885496183,2582,Active/Regular Products,Zone B,25.0,67727,60,35.0
21822,97,698,6.910891089108911,2624,Active/Regular Products,Zone B,25.0,67706,60,35.0
21125,103,657,6.3173076923076925,2680,Active/Regular Products,Zone B,25.0,67671,60,35.0
22719,109,620,5.636363636363637,2165,Active/Regular Products,Zone B,25.0,67580,60,35.0
85054,115,587,5.060344827586207,2710,Active/Regular Products,Zone B,25.0,67505,60,35.0
35954,54,1245,22.636363636363637,2318,Active/Regular Products,Zone B,25.0,67230,60,35.0
21744,127,529,4.10077519379845,2664,Active/Regular Products,Zone B,25.0,67183,60,35.0
23081,139,483,3.4748201438848922,2425,Active/Regular Products,Zone B,25.0,67137,60,35.0
23502,94,714,7.515789473684211,1760,Active/Regular Products,Zone B,25.0,67116,60,35.0
22702,49,1363,27.816326530612244,1933,Active/Regular Products,Zone B,25.0,66787,60,35.0
21636,73,913,12.173333333333334,1726,Slow-Moving Products,Zone D,60.0,66649,60,0.0
22416,76,868,11.421052631578947,2313,Active/Regular Products,Zone B,25.0,65968,60,35.0
23113,57,1154,20.24561403508772,1999,Active/Regular Products,Zone B,25.0,65778,60,35.0
84459B,91,721,7.836956521739131,2216,Active/Regular Products,Zone B,25.0,65611,60,35.0
22318,142,462,3.230769230769231,2808,Active/Regular Products,Zone B,25.0,65604,60,35.0
23394,150,435,2.861842105263158,2420,Active/Regular Products,Zone B,25.0,65250,60,35.0
84459A,91,716,7.617021276595745,2524,Active/Regular Products,Zone B,25.0,65156,60,35.0
82613B,111,583,5.252252252252252,2836,Active/Regular Products,Zone B,25.0,64713,60,35.0
22248,109,593,5.342342342342342,2715,Active/Regular Products,Zone B,25.0,64637,60,35.0
22742,101,639,6.326732673267327,2534,Active/Regular Products,Zone B,25.0,64539,60,35.0
84078A,155,415,2.6774193548387095,2655,Active/Regular Products,Zone B,25.0,64325,60,35.0
84580,165,389,2.3293413173652695,2932,Active/Regular Products,Zone B,25.0,64185,60,35.0
47480,86,746,8.674418604651162,2739,Active/Regular Products,Zone B,25.0,64156,60,35.0
35004B,111,577,5.151785714285714,2451,Active/Regular Products,Zone B,25.0,64047,60,35.0
22905,110,581,5.2342342342342345,2777,Active/Regular Products,Zone B,25.0,63910,60,35.0
85032D,93,687,7.308510638297872,2619,Active/Regular Products,Zone B,25.0,63891,60,35.0
22932,72,884,12.277777777777779,2154,Active/Regular Products,Zone B,25.0,63648,60,35.0
22927,148,430,2.9054054054054053,2460,Active/Regular Products,Zone B,25.0,63640,60,35.0
22583,111,573,5.116071428571429,2775,Active/Regular Products,Zone B,25.0,63603,60,35.0
22890,165,385,2.319277108433735,2790,Active/Regular Products,Zone B,25.0,63525,60,35.0
22287,80,794,9.925,2418,Active/Regular Products,Zone B,25.0,63520,60,35.0
21400,72,881,12.23611111111111,2564,Active/Regular Products,Zone B,25.0,63432,60,35.0
22521,104,609,5.8,1874,Active/Regular Products,Zone B,25.0,63336,60,35.0
22701,115,549,4.732758620689655,2874,Active/Regular Products,Zone B,25.0,63135,60,35.0
22860,107,589,5.5046728971962615,1833,Active/Regular Products,Zone B,25.0,63023,60,35.0
20846,88,716,8.044943820224718,2654,Active/Regular Products,Zone B,25.0,63008,60,35.0
23088,79,795,10.063291139240507,2346,Active/Regular Products,Zone B,25.0,62805,60,35.0
22071,86,729,8.284090909090908,2411,Active/Regular Products,Zone B,25.0,62694,60,35.0
22233,105,596,5.518518518518518,2512,Active/Regular Products,Zone B,25.0,62580,60,35.0
72760B,153,409,2.673202614379085,2311,Active/Regular Products,Zone B,25.0,62577,60,35.0
47574A,114,548,4.765217391304348,2437,Active/Regular Products,Zone B,25.0,62472,60,35.0
23424,135,462,3.422222222222222,2398,Active/Regular Products,Zone B,25.0,62370,60,35.0
85036C,84,742,8.528735632183908,2133,Active/Regular Products,Zone B,25.0,62328,60,35.0
85093,88,708,7.955056179775281,2657,Active/Regular Products,Zone B,25.0,62304,60,35.0
23128,139,448,3.223021582733813,2313,Active/Regular Products,Zone B,25.0,62272,60,35.0
22354,83,750,9.036144578313253,2321,Active/Regular Products,Zone B,25.0,62250,60,35.0
22700,52,1196,23.0,1440,Slow-Moving Products,Zone D,60.0,62192,60,0.0
22946,137,453,3.282608695652174,2602,Active/Regular Products,Zone B,25.0,62061,60,35.0
22123,122,508,4.130081300813008,2944,Active/Regular Products,Zone B,25.0,61976,60,35.0
22261,107,579,5.263636363636364,2795,Active/Regular Products,Zone B,25.0,61953,60,35.0
21927,99,623,6.23,1579,Slow-Moving Products,Zone D,60.0,61677,60,0.0
22707,49,1257,25.653061224489797,869,Slow-Moving Products,Zone D,60.0,61593,60,0.0
72816,69,892,12.927536231884059,2656,Active/Regular Products,Zone B,25.0,61548,60,35.0
21813,112,549,4.8584070796460175,2885,Active/Regular Products,Zone B,25.0,61488,60,35.0
17096,24,2545,106.04166666666667,1669,Slow-Moving Products,Zone D,60.0,61080,60,0.0
10002,71,860,12.112676056338028,2067,Active/Regular Products,Zone B,25.0,61060,60,35.0
22346,59,1034,17.233333333333334,2319,Active/Regular Products,Zone B,25.0,61006,60,35.0
22092,91,670,7.362637362637362,2042,Active/Regular Products,Zone B,25.0,60970,60,35.0
23342,163,373,2.2883435582822087,2089,Active/Regular Products,Zone B,25.0,60799,60,35.0
22165,146,415,2.82312925170068,3040,Active/Regular Products,Zone B,25.0,60590,60,35.0
22069,146,414,2.816326530612245,2895,Active/Regular Products,Zone B,25.0,60444,60,35.0
20839,105,575,5.476190476190476,2741,Active/Regular Products,Zone B,25.0,60375,60,35.0
20752,148,407,2.75,2747,Active/Regular Products,Zone B,25.0,60236,60,35.0
85132A,110,545,4.954545454545454,2414,Active/Regular Products,Zone B,25.0,59950,60,35.0
23222,75,799,10.376623376623376,2163,Active/Regular Products,Zone B,25.0,59925,60,35.0
23087,69,868,12.579710144927537,2291,Active/Regular Products,Zone B,25.0,59892,60,35.0
23053,164,364,2.2195121951219514,2426,Active/Regular Products,Zone B,25.0,59696,60,35.0
22529,70,851,12.157142857142857,2098,Active/Regular Products,Zone B,25.0,59570,60,35.0
84519B,126,471,3.7086614173228347,2623,Active/Regular Products,Zone B,25.0,59346,60,35.0
22794,182,326,1.7912087912087913,2528,Active/Regular Products,Zone B,25.0,59332,60,35.0
23051,162,365,2.253086419753086,2440,Active/Regular Products,Zone B,25.0,59130,60,35.0
15060B,131,451,3.4427480916030535,2671,Active/Regular Products,Zone B,25.0,59081,60,35.0
35924,72,820,11.08108108108108,2721,Active/Regular Products,Zone B,25.0,59040,60,35.0
84944,83,710,8.452380952380953,1848,Active/Regular Products,Zone B,25.0,58930,60,35.0
21913,148,398,2.689189189189189,2940,Active/Regular Products,Zone B,25.0,58904,60,35.0
22176,115,512,4.3760683760683765,2297,Active/Regular Products,Zone B,25.0,58880,60,35.0
22685,99,594,6.0,2260,Active/Regular Products,Zone B,25.0,58806,60,35.0
84508A,36,1631,45.30555555555556,602,Slow-Moving Products,Zone D,60.0,58716,60,0.0
22939,125,469,3.752,2523,Active/Regular Products,Zone B,25.0,58625,60,35.0
85049D,107,547,5.018348623853211,2010,Active/Regular Products,Zone B,25.0,58529,60,35.0
22203,145,403,2.779310344827586,2883,Active/Regular Products,Zone B,25.0,58435,60,35.0
22446,133,439,3.2279411764705883,2854,Active/Regular Products,Zone B,25.0,58387,60,35.0
35646,94,619,6.447916666666667,2826,Active/Regular Products,Zone B,25.0,58186,60,35.0
21609,76,763,9.909090909090908,1509,Slow-Moving Products,Zone D,60.0,57988,60,0.0
22375,167,346,2.07185628742515,3099,Active/Regular Products,Zone B,25.0,57782,60,35.0
85094,90,640,7.111111111111111,2827,Active/Regular Products,Zone B,25.0,57600,60,35.0
23008,133,433,3.255639097744361,2289,Active/Regular Products,Zone B,25.0,57589,60,35.0
23086,47,1225,26.06382978723404,1937,Active/Regular Products,Zone B,25.0,57575,60,35.0
21654,59,974,16.233333333333334,1838,Active/Regular Products,Zone B,25.0,57466,60,35.0
21059,94,611,6.5,2358,Active/Regular Products,Zone B,25.0,57434,60,35.0
22260,104,552,5.158878504672897,2875,Active/Regular Products,Zone B,25.0,57408,60,35.0
22229,101,568,5.514563106796117,2496,Active/Regular Products,Zone B,25.0,57368,60,35.0
85183A,86,667,7.579545454545454,1833,Active/Regular Products,Zone B,25.0,57362,60,35.0
72586,83,691,8.325301204819278,2750,Active/Regular Products,Zone B,25.0,57353,60,35.0
21534,155,370,2.371794871794872,2764,Active/Regular Products,Zone B,25.0,57350,60,35.0
22232,83,690,8.313253012048193,2318,Active/Regular Products,Zone B,25.0,57270,60,35.0
22575,90,636,6.989010989010989,2384,Active/Regular Products,Zone B,25.0,57240,60,35.0
23048,99,577,5.6568627450980395,2118,Active/Regular Products,Zone B,25.0,57123,60,35.0
22307,74,770,10.266666666666667,2290,Active/Regular Products,Zone B,25.0,56980,60,35.0
37413,81,703,8.46987951807229,1769,Active/Regular Products,Zone B,25.0,56943,60,35.0
22843,126,450,3.5714285714285716,2151,Active/Regular Products,Zone B,25.0,56700,60,35.0
85172,43,1314,28.565217391304348,1555,Slow-Moving Products,Zone D,60.0,56502,60,0.0
21641,49,1153,23.53061224489796,2278,Active/Regular Products,Zone B,25.0,56497,60,35.0
72598,93,607,6.389473684210526,2849,Active/Regular Products,Zone B,25.0,56451,60,35.0
21272,103,548,5.219047619047619,2473,Active/Regular Products,Zone B,25.0,56444,60,35.0
22473,112,503,4.491071428571429,2649,Active/Regular Products,Zone B,25.0,56336,60,35.0
84849D,114,494,4.2956521739130435,2319,Active/Regular Products,Zone B,25.0,56316,60,35.0
23511,98,571,5.767676767676767,2120,Active/Regular Products,Zone B,25.0,55958,60,35.0
22200,140,398,2.8226950354609928,2652,Active/Regular Products,Zone B,25.0,55720,60,35.0
21195,80,693,8.555555555555555,2356,Active/Regular Products,Zone B,25.0,55440,60,35.0
21794,106,522,4.9245283018867925,2240,Active/Regular Products,Zone B,25.0,55332,60,35.0
22853,116,472,4.068965517241379,2193,Active/Regular Products,Zone B,25.0,54752,60,35.0
23490,101,542,5.366336633663367,2090,Active/Regular Products,Zone B,25.0,54742,60,35.0
47421,55,994,16.295081967213115,1410,Slow-Moving Products,Zone D,60.0,54670,60,0.0
22362,133,408,3.0676691729323307,2952,Active/Regular Products,Zone B,25.0,54264,60,35.0
15044D,84,644,7.666666666666667,2108,Active/Regular Products,Zone B,25.0,54096,60,35.0
21063,102,528,5.176470588235294,2465,Active/Regular Products,Zone B,25.0,53856,60,35.0
20866,90,597,6.633333333333334,2804,Active/Regular Products,Zone B,25.0,53730,60,35.0
21617,102,525,5.048076923076923,2671,Active/Regular Products,Zone B,25.0,53550,60,35.0
79163,35,1529,43.68571428571428,712,Slow-Moving Products,Zone D,60.0,53515,60,0.0
21191,95,562,5.91578947368421,2825,Active/Regular Products,Zone B,25.0,53390,60,35.0
21470,140,381,2.7214285714285715,2700,Active/Regular Products,Zone B,25.0,53340,60,35.0
23536,85,626,7.364705882352941,1961,Active/Regular Products,Zone B,25.0,53210,60,35.0
23164,92,578,6.282608695652174,2186,Active/Regular Products,Zone B,25.0,53176,60,35.0
22085,97,548,5.591836734693878,2464,Active/Regular Products,Zone B,25.0,53156,60,35.0
23358,89,594,6.674157303370786,2245,Active/Regular Products,Zone B,25.0,52866,60,35.0
23033,74,714,9.64864864864865,1962,Active/Regular Products,Zone B,25.0,52836,60,35.0
85059,128,411,3.186046511627907,2835,Active/Regular Products,Zone B,25.0,52608,60,35.0
21817,58,906,14.852459016393443,1893,Active/Regular Products,Zone B,25.0,52548,60,35.0
23224,71,738,10.394366197183098,2272,Active/Regular Products,Zone B,25.0,52398,60,35.0
84817,55,951,16.982142857142858,1407,Slow-Moving Products,Zone D,60.0,52305,60,0.0
22684,98,531,5.31,2477,Active/Regular Products,Zone B,25.0,52038,60,35.0
22524,81,642,7.829268292682927,1604,Slow-Moving Products,Zone D,60.0,52002,60,0.0
17038,34,1525,44.85294117647059,2122,Active/Regular Products,Zone B,25.0,51850,60,35.0
85130B,62,834,13.451612903225806,2066,Active/Regular Products,Zone B,25.0,51708,60,35.0
84912B,160,323,1.9938271604938271,3073,Active/Regular Products,Zone B,25.0,51680,60,35.0
22709,39,1325,33.97435897435897,959,Slow-Moving Products,Zone D,60.0,51675,60,0.0
82613C,96,537,5.59375,2767,Active/Regular Products,Zone B,25.0,51552,60,35.0
85177,63,812,12.88888888888889,2527,Active/Regular Products,Zone B,25.0,51156,60,35.0
22180,155,330,2.129032258064516,2340,Active/Regular Products,Zone B,25.0,51150,60,35.0
21640,78,650,7.738095238095238,2700,Active/Regular Products,Zone B,25.0,50700,60,35.0
23406,111,456,4.108108108108108,2045,Active/Regular Products,Zone B,25.0,50616,60,35.0
21065,90,562,6.108695652173913,2780,Active/Regular Products,Zone B,25.0,50580,60,35.0
84819,62,811,13.080645161290322,1410,Slow-Moving Products,Zone D,60.0,50282,60,0.0
22102,31,1622,52.32258064516129,1572,Slow-Moving Products,Zone D,60.0,50282,60,0.0
85230B,39,1288,33.02564102564103,988,Slow-Moving Products,Zone D,60.0,50232,60,0.0
20886,103,485,4.663461538461538,2226,Active/Regular Products,Zone B,25.0,49955,60,35.0
22498,150,333,2.22,2711,Active/Regular Products,Zone B,25.0,49950,60,35.0
21586,67,743,11.08955223880597,1187,Slow-Moving Products,Zone D,60.0,49781,60,0.0
47310M,121,410,3.360655737704918,2842,Active/Regular Products,Zone B,25.0,49610,60,35.0
22981,105,471,4.361111111111111,2551,Active/Regular Products,Zone B,25.0,49455,60,35.0
23400,107,461,4.268518518518518,1950,Active/Regular Products,Zone B,25.0,49327,60,35.0
21882,70,704,9.915492957746478,2442,Active/Regular Products,Zone B,25.0,49280,60,35.0
22953,98,502,5.070707070707071,2423,Active/Regular Products,Zone B,25.0,49196,60,35.0
21291,52,943,18.134615384615383,2048,Active/Regular Products,Zone B,25.0,49036,60,35.0
22050,40,1225,30.625,1010,Slow-Moving Products,Zone D,60.0,49000,60,0.0
23564,76,644,8.473684210526315,2278,Active/Regular Products,Zone B,25.0,48944,60,35.0
22852,125,390,3.12,2225,Active/Regular Products,Zone B,25.0,48750,60,35.0
22255,77,629,8.168831168831169,2463,Active/Regular Products,Zone B,25.0,48433,60,35.0
85231G,81,594,7.2439024390243905,2477,Active/Regular Products,Zone B,25.0,48114,60,35.0
21648,66,729,11.045454545454545,2752,Active/Regular Products,Zone B,25.0,48114,60,35.0
18097C,69,695,10.072463768115941,2444,Active/Regular Products,Zone B,25.0,47955,60,35.0
22444,57,838,14.701754385964913,2170,Active/Regular Products,Zone B,25.0,47766,60,35.0
23314,117,407,3.4491525423728815,2175,Active/Regular Products,Zone B,25.0,47619,60,35.0
84279P,126,377,2.968503937007874,2726,Active/Regular Products,Zone B,25.0,47502,60,35.0
35810A,75,633,8.328947368421053,2274,Active/Regular Products,Zone B,25.0,47475,60,35.0
21446,105,449,4.045045045045045,2881,Active/Regular Products,Zone B,25.0,47145,60,35.0
21039,90,523,5.811111111111111,2287,Active/Regular Products,Zone B,25.0,47070,60,35.0
23338,109,431,3.9541284403669725,2446,Active/Regular Products,Zone B,25.0,46979,60,35.0
22121,133,352,2.626865671641791,2645,Active/Regular Products,Zone B,25.0,46816,60,35.0
15044A,102,458,4.490196078431373,2355,Active/Regular Products,Zone B,25.0,46716,60,35.0
20802,63,739,11.73015873015873,2000,Active/Regular Products,Zone B,25.0,46557,60,35.0
22304,61,761,12.475409836065573,2289,Active/Regular Products,Zone B,25.0,46421,60,35.0
22283,155,299,1.929032258064516,2751,Active/Regular Products,Zone B,25.0,46345,60,35.0
23548,43,1075,25.0,1180,Slow-Moving Products,Zone D,60.0,46225,60,0.0
22480,73,630,8.63013698630137,1713,Slow-Moving Products,Zone D,60.0,45990,60,0.0
40001,56,821,14.660714285714286,2184,Active/Regular Products,Zone B,25.0,45976,60,35.0
22934,78,589,7.551282051282051,1786,Active/Regular Products,Zone B,25.0,45942,60,35.0
23357,102,450,4.368932038834951,2079,Active/Regular Products,Zone B,25.0,45900,60,35.0
84569D,98,467,4.76530612244898,2791,Active/Regular Products,Zone B,25.0,45766,60,35.0
20658,105,433,4.046728971962617,2415,Active/Regular Products,Zone B,25.0,45465,60,35.0
22182,122,372,3.0491803278688523,2810,Active/Regular Products,Zone B,25.0,45384,60,35.0
85170D,100,451,4.51,2821,Active/Regular Products,Zone B,25.0,45100,60,35.0
23452,87,518,5.954022988505747,1870,Active/Regular Products,Zone B,25.0,45066,60,35.0
84519A,88,512,5.818181818181818,2371,Active/Regular Products,Zone B,25.0,45056,60,35.0
23542,89,506,5.685393258426966,2184,Active/Regular Products,Zone B,25.0,45034,60,35.0
22935,65,690,10.615384615384615,2196,Active/Regular Products,Zone B,25.0,44850,60,35.0
85186A,79,567,7.0875,2209,Active/Regular Products,Zone B,25.0,44793,60,35.0
17012D,97,461,4.752577319587629,2850,Active/Regular Products,Zone B,25.0,44717,60,35.0
23691,38,1175,30.92105263157895,827,Slow-Moving Products,Zone D,60.0,44650,60,0.0
22309,121,369,3.0245901639344264,2872,Active/Regular Products,Zone B,25.0,44649,60,35.0
17012B,85,525,6.176470588235294,2817,Active/Regular Products,Zone B,25.0,44625,60,35.0
84596E,79,564,7.139240506329114,2312,Active/Regular Products,Zone B,25.0,44556,60,35.0
22100,59,755,12.796610169491526,2467,Active/Regular Products,Zone B,25.0,44545,60,35.0
22691,120,371,3.091666666666667,2306,Active/Regular Products,Zone B,25.0,44520,60,35.0
22280,95,468,4.875,2797,Active/Regular Products,Zone B,25.0,44460,60,35.0
22606,142,313,2.1888111888111887,1903,Active/Regular Products,Zone B,25.0,44446,60,35.0
21358,108,411,3.8055555555555554,2753,Active/Regular Products,Zone B,25.0,44388,60,35.0
84520B,80,554,6.839506172839506,2175,Active/Regular Products,Zone B,25.0,44320,60,35.0
22703,123,360,2.926829268292683,2838,Active/Regular Products,Zone B,25.0,44280,60,35.0
21043,90,492,5.466666666666667,2205,Active/Regular Products,Zone B,25.0,44280,60,35.0
84951A,93,475,5.10752688172043,2815,Active/Regular Products,Zone B,25.0,44175,60,35.0
23418,79,557,7.050632911392405,2200,Active/Regular Products,Zone B,25.0,44003,60,35.0
22471,105,419,3.9904761904761905,2782,Active/Regular Products,Zone B,25.0,43995,60,35.0
21042,131,334,2.4925373134328357,2429,Active/Regular Products,Zone B,25.0,43754,60,35.0
21846,103,424,4.116504854368932,2908,Active/Regular Products,Zone B,25.0,43672,60,35.0
22911,94,463,4.873684210526315,2268,Active/Regular Products,Zone B,25.0,43522,60,35.0
72807B,110,395,3.5267857142857144,2671,Active/Regular Products,Zone B,25.0,43450,60,35.0
85035B,70,619,8.842857142857143,2316,Active/Regular Products,Zone B,25.0,43330,60,35.0
84031B,143,303,2.089655172413793,3018,Active/Regular Products,Zone B,25.0,43329,60,35.0
22475,138,313,2.2517985611510793,2685,Active/Regular Products,Zone B,25.0,43194,60,35.0
22252,67,643,9.318840579710145,1771,Active/Regular Products,Zone B,25.0,43081,60,35.0
23111,138,312,2.2446043165467624,2270,Active/Regular Products,Zone B,25.0,43056,60,35.0
37500,113,380,3.3628318584070795,2686,Active/Regular Products,Zone B,25.0,42940,60,35.0
16012,35,1220,33.888888888888886,968,Slow-Moving Products,Zone D,60.0,42700,60,0.0
47580,110,388,3.5272727272727273,2511,Active/Regular Products,Zone B,25.0,42680,60,35.0
22062,73,583,7.4743589743589745,2233,Active/Regular Products,Zone B,25.0,42559,60,35.0
21204,85,499,5.870588235294117,2504,Active/Regular Products,Zone B,25.0,42415,60,35.0
85087,125,339,2.712,2734,Active/Regular Products,Zone B,25.0,42375,60,35.0
23695,57,741,13.0,2009,Active/Regular Products,Zone B,25.0,42237,60,35.0
17012F,94,448,4.76595744680851,2900,Active/Regular Products,Zone B,25.0,42112,60,35.0
21867,121,348,2.6769230769230767,2820,Active/Regular Products,Zone B,25.0,42108,60,35.0
72807A,107,393,3.638888888888889,2764,Active/Regular Products,Zone B,25.0,42051,60,35.0
23398,69,606,8.08,2135,Active/Regular Products,Zone B,25.0,41814,60,35.0
22277,100,417,4.17,2750,Active/Regular Products,Zone B,25.0,41700,60,35.0
22849,129,323,2.503875968992248,1829,Active/Regular Products,Zone B,25.0,41667,60,35.0
22183,129,322,2.496124031007752,2559,Active/Regular Products,Zone B,25.0,41538,60,35.0
21706,120,346,2.8833333333333333,2696,Active/Regular Products,Zone B,25.0,41520,60,35.0
22848,128,323,2.5234375,2152,Active/Regular Products,Zone B,25.0,41344,60,35.0
85173,86,479,5.505747126436781,2713,Active/Regular Products,Zone B,25.0,41194,60,35.0
85186C,78,528,6.6835443037974684,2165,Active/Regular Products,Zone B,25.0,41184,60,35.0
23515,71,579,8.041666666666666,1961,Active/Regular Products,Zone B,25.0,41109,60,35.0
22372,147,279,1.885135135135135,2986,Active/Regular Products,Zone B,25.0,41013,60,35.0
22559,81,505,6.234567901234568,2669,Active/Regular Products,Zone B,25.0,40905,60,35.0
23419,86,473,5.5,2303,Active/Regular Products,Zone B,25.0,40678,60,35.0
35971,88,462,5.076923076923077,2692,Active/Regular Products,Zone B,25.0,40656,60,35.0
21061,83,488,5.879518072289157,2163,Active/Regular Products,Zone B,25.0,40504,60,35.0
37495,92,440,4.782608695652174,1857,Active/Regular Products,Zone B,25.0,40480,60,35.0
23134,38,1065,28.026315789473685,827,Slow-Moving Products,Zone D,60.0,40470,60,0.0
22031,80,504,6.3,2657,Active/Regular Products,Zone B,25.0,40320,60,35.0
79190B,57,707,12.403508771929825,2491,Active/Regular Products,Zone B,25.0,40299,60,35.0
22254,61,657,10.770491803278688,2087,Active/Regular Products,Zone B,25.0,40077,60,35.0
21407,138,290,2.101449275362319,2858,Active/Regular Products,Zone B,25.0,40020,60,35.0
22474,132,303,2.2954545454545454,2744,Active/Regular Products,Zone B,25.0,39996,60,35.0
22216,68,588,8.647058823529411,2702,Active/Regular Products,Zone B,25.0,39984,60,35.0
21219,89,448,4.977777777777778,2764,Active/Regular Products,Zone B,25.0,39872,60,35.0
21062,74,538,7.27027027027027,2010,Active/Regular Products,Zone B,25.0,39812,60,35.0
85132B,75,529,7.053333333333334,1904,Active/Regular Products,Zone B,25.0,39675,60,35.0
23513,70,566,8.085714285714285,1920,Active/Regular Products,Zone B,25.0,39620,60,35.0
21622,104,380,3.6538461538461537,2281,Active/Regular Products,Zone B,25.0,39520,60,35.0
20840,74,533,7.1066666666666665,2433,Active/Regular Products,Zone B,25.0,39442,60,35.0
22913,112,352,3.142857142857143,2485,Active/Regular Products,Zone B,25.0,39424,60,35.0
21812,100,393,3.93,2750,Active/Regular Products,Zone B,25.0,39300,60,35.0
21288,110,355,3.227272727272727,2903,Active/Regular Products,Zone B,25.0,39050,60,35.0
22363,81,480,5.783132530120482,2696,Active/Regular Products,Zone B,25.0,38880,60,35.0
22246,90,431,4.788888888888889,2846,Active/Regular Products,Zone B,25.0,38790,60,35.0
85114C,75,516,6.615384615384615,2474,Active/Regular Products,Zone B,25.0,38700,60,35.0
84596J,68,568,8.352941176470589,2223,Active/Regular Products,Zone B,25.0,38624,60,35.0
23553,68,568,8.352941176470589,1868,Active/Regular Products,Zone B,25.0,38624,60,35.0
16054,33,1166,35.333333333333336,1039,Slow-Moving Products,Zone D,60.0,38478,60,0.0
23054,130,295,2.269230769230769,2343,Active/Regular Products,Zone B,25.0,38350,60,35.0
23401,83,459,5.530120481927711,2130,Active/Regular Products,Zone B,25.0,38097,60,35.0
22051,39,975,25.0,932,Slow-Moving Products,Zone D,60.0,38025,60,0.0
21066,54,702,13.0,2175,Active/Regular Products,Zone B,25.0,37908,60,35.0
23075,80,472,5.9,1655,Slow-Moving Products,Zone D,60.0,37760,60,0.0
84926E,39,968,24.82051282051282,1675,Slow-Moving Products,Zone D,60.0,37752,60,0.0
21945,105,358,3.3773584905660377,2991,Active/Regular Products,Zone B,25.0,37590,60,35.0
20803,40,939,23.475,1629,Slow-Moving Products,Zone D,60.0,37560,60,0.0
23056,39,963,24.075,1146,Slow-Moving Products,Zone D,60.0,37557,60,0.0
84821,40,935,22.804878048780488,1234,Slow-Moving Products,Zone D,60.0,37400,60,0.0
84559A,94,397,4.223404255319149,2865,Active/Regular Products,Zone B,25.0,37318,60,35.0
22894,122,305,2.4796747967479673,1895,Active/Regular Products,Zone B,25.0,37210,60,35.0
23341,121,307,2.5371900826446283,2345,Active/Regular Products,Zone B,25.0,37147,60,35.0
22660,102,364,3.5686274509803924,2521,Active/Regular Products,Zone B,25.0,37128,60,35.0
84951B,82,451,5.433734939759036,2689,Active/Regular Products,Zone B,25.0,36982,60,35.0
85034A,74,498,6.225,2072,Active/Regular Products,Zone B,25.0,36852,60,35.0
22167,156,236,1.5128205128205128,2983,Active/Regular Products,Zone B,25.0,36816,60,35.0
21618,91,404,4.164948453608248,2740,Active/Regular Products,Zone B,25.0,36764,60,35.0
85114B,77,477,6.194805194805195,2666,Active/Regular Products,Zone B,25.0,36729,60,35.0
22313,65,565,8.432835820895523,1949,Active/Regular Products,Zone B,25.0,36725,60,35.0
85159B,59,622,10.542372881355933,1161,Slow-Moving Products,Zone D,60.0,36698,60,0.0
22119,106,345,3.1944444444444446,1937,Active/Regular Products,Zone B,25.0,36570,60,35.0
85114A,56,649,11.589285714285714,2423,Active/Regular Products,Zone B,25.0,36344,60,35.0
22316,55,660,12.0,2341,Active/Regular Products,Zone B,25.0,36300,60,35.0
21684,47,771,16.404255319148938,2179,Active/Regular Products,Zone B,25.0,36237,60,35.0
22393,71,510,7.183098591549296,2593,Active/Regular Products,Zone B,25.0,36210,60,35.0
23335,96,377,3.88659793814433,2268,Active/Regular Products,Zone B,25.0,36192,60,35.0
22525,74,489,6.608108108108108,1924,Active/Regular Products,Zone B,25.0,36186,60,35.0
22519,88,411,4.670454545454546,1835,Active/Regular Products,Zone B,25.0,36168,60,35.0
21386,51,709,12.89090909090909,1546,Slow-Moving Products,Zone D,60.0,36159,60,0.0
84826,31,1162,35.21212121212121,914,Slow-Moving Products,Zone D,60.0,36022,60,0.0
17012C,85,420,4.9411764705882355,2814,Active/Regular Products,Zone B,25.0,35700,60,35.0
22057,61,584,9.573770491803279,1280,Slow-Moving Products,Zone D,60.0,35624,60,0.0
22591,86,413,4.8023255813953485,2312,Active/Regular Products,Zone B,25.0,35518,60,35.0
84660A,42,843,20.071428571428573,1530,Slow-Moving Products,Zone D,60.0,35406,60,0.0
23514,74,478,6.45945945945946,1940,Active/Regular Products,Zone B,25.0,35372,60,35.0
22305,51,693,13.588235294117647,1992,Active/Regular Products,Zone B,25.0,35343,60,35.0
22341,78,453,5.8076923076923075,2602,Active/Regular Products,Zone B,25.0,35334,60,35.0
23407,133,265,1.9924812030075187,2317,Active/Regular Products,Zone B,25.0,35245,60,35.0
85130D,62,565,8.968253968253968,2011,Active/Regular Products,Zone B,25.0,35030,60,35.0
23010,111,315,2.8378378378378377,2407,Active/Regular Products,Zone B,25.0,34965,60,35.0
23057,45,773,17.177777777777777,1050,Slow-Moving Products,Zone D,60.0,34785,60,0.0
84356,82,424,5.170731707317073,2392,Active/Regular Products,Zone B,25.0,34768,60,35.0
22049,33,1050,31.818181818181817,809,Slow-Moving Products,Zone D,60.0,34650,60,0.0
22215,101,343,3.396039603960396,2372,Active/Regular Products,Zone B,25.0,34643,60,35.0
84754,62,558,8.857142857142858,2530,Active/Regular Products,Zone B,25.0,34596,60,35.0
23473,51,678,13.294117647058824,1892,Active/Regular Products,Zone B,25.0,34578,60,35.0
22453,78,442,5.594936708860759,2517,Active/Regular Products,Zone B,25.0,34476,60,35.0
23026,62,556,8.6875,1838,Active/Regular Products,Zone B,25.0,34472,60,35.0
22223,78,441,5.582278481012659,2522,Active/Regular Products,Zone B,25.0,34398,60,35.0
22265,64,536,7.6571428571428575,2202,Active/Regular Products,Zone B,25.0,34304,60,35.0
72799E,76,451,5.857142857142857,2688,Active/Regular Products,Zone B,25.0,34276,60,35.0
84763,57,601,10.543859649122806,1734,Slow-Moving Products,Zone D,60.0,34257,60,0.0
22472,107,320,2.9906542056074765,2708,Active/Regular Products,Zone B,25.0,34240,60,35.0
84509G,66,517,7.833333333333333,2180,Active/Regular Products,Zone B,25.0,34122,60,35.0
21466,112,304,2.7142857142857144,2449,Active/Regular Products,Zone B,25.0,34048,60,35.0
21318,49,694,13.88,1723,Slow-Moving Products,Zone D,60.0,34006,60,0.0
85071D,84,403,4.686046511627907,2427,Active/Regular Products,Zone B,25.0,33852,60,35.0
84913A,124,273,2.2016129032258065,2710,Active/Regular Products,Zone B,25.0,33852,60,35.0
23391,87,389,4.420454545454546,2164,Active/Regular Products,Zone B,25.0,33843,60,35.0
79051A,41,823,19.595238095238095,1409,Slow-Moving Products,Zone D,60.0,33743,60,0.0
21944,100,337,3.3366336633663365,2876,Active/Regular Products,Zone B,25.0,33700,60,35.0
22181,57,591,10.368421052631579,2358,Active/Regular Products,Zone B,25.0,33687,60,35.0
17129F,57,588,10.31578947368421,2538,Active/Regular Products,Zone B,25.0,33516,60,35.0
21408,117,285,2.4358974358974357,2891,Active/Regular Products,Zone B,25.0,33345,60,35.0
85049F,88,378,4.153846153846154,1922,Active/Regular Products,Zone B,25.0,33264,60,35.0
22928,115,288,2.5043478260869567,2682,Active/Regular Products,Zone B,25.0,33120,60,35.0
21724,81,408,5.037037037037037,2654,Active/Regular Products,Zone B,25.0,33048,60,35.0
21643,60,550,9.166666666666666,2435,Active/Regular Products,Zone B,25.0,33000,60,35.0
84968C,104,317,3.048076923076923,2699,Active/Regular Products,Zone B,25.0,32968,60,35.0
22647,45,732,16.266666666666666,1930,Active/Regular Products,Zone B,25.0,32940,60,35.0
35967,67,485,7.2388059701492535,2664,Active/Regular Products,Zone B,25.0,32495,60,35.0
22103,26,1248,48.0,1469,Slow-Moving Products,Zone D,60.0,32448,60,0.0
21194,65,498,7.545454545454546,2231,Active/Regular Products,Zone B,25.0,32370,60,35.0
21171,73,438,6.0,2131,Active/Regular Products,Zone B,25.0,31974,60,35.0
22136,84,378,4.395348837209302,2342,Active/Regular Products,Zone B,25.0,31752,60,35.0
84796B,124,256,2.064516129032258,2536,Active/Regular Products,Zone B,25.0,31744,60,35.0
85180A,63,503,7.859375,2082,Active/Regular Products,Zone B,25.0,31689,60,35.0
79164,19,1666,83.3,466,Slow-Moving Products,Zone D,60.0,31654,60,0.0
22048,32,975,30.46875,884,Slow-Moving Products,Zone D,60.0,31200,60,0.0
23525,53,582,10.981132075471699,1913,Active/Regular Products,Zone B,25.0,30846,60,35.0
22376,122,252,2.032258064516129,2916,Active/Regular Products,Zone B,25.0,30744,60,35.0
22687,52,590,11.346153846153847,2199,Active/Regular Products,Zone B,25.0,30680,60,35.0
21363,125,243,1.8837209302325582,2252,Active/Regular Products,Zone B,25.0,30375,60,35.0
23524,63,481,7.634920634920635,2108,Active/Regular Products,Zone B,25.0,30303,60,35.0
23568,48,630,13.125,2139,Active/Regular Products,Zone B,25.0,30240,60,35.0
21220,89,338,3.797752808988764,2862,Active/Regular Products,Zone B,25.0,30082,60,35.0
22589,79,379,4.679012345679013,2653,Active/Regular Products,Zone B,25.0,29941,60,35.0
47563A,105,285,2.7142857142857144,2882,Active/Regular Products,Zone B,25.0,29925,60,35.0
22514,99,302,3.0505050505050506,2454,Active/Regular Products,Zone B,25.0,29898,60,35.0
21064,101,296,2.8737864077669903,2690,Active/Regular Products,Zone B,25.0,29896,60,35.0
84660C,45,661,14.688888888888888,2107,Active/Regular Products,Zone B,25.0,29745,60,35.0
21820,90,329,3.5760869565217392,2572,Active/Regular Products,Zone B,25.0,29610,60,35.0
21942,103,287,2.7864077669902914,3019,Active/Regular Products,Zone B,25.0,29561,60,35.0
22518,81,363,4.481481481481482,1365,Slow-Moving Products,Zone D,60.0,29403,60,0.0
22044,36,816,22.666666666666668,1007,Slow-Moving Products,Zone D,60.0,29376,60,0.0
20615,95,309,3.2526315789473683,2772,Active/Regular Products,Zone B,25.0,29355,60,35.0
23085,78,376,4.476190476190476,1944,Active/Regular Products,Zone B,25.0,29328,60,35.0
21520,58,504,8.689655172413794,2505,Active/Regular Products,Zone B,25.0,29232,60,35.0
20716,73,400,5.405405405405405,2171,Active/Regular Products,Zone B,25.0,29200,60,35.0
20669,96,304,3.00990099009901,2899,Active/Regular Products,Zone B,25.0,29184,60,35.0
21352,77,378,4.909090909090909,2654,Active/Regular Products,Zone B,25.0,29106,60,35.0
22406,84,346,4.119047619047619,2615,Active/Regular Products,Zone B,25.0,29064,60,35.0
21060,71,405,5.704225352112676,2381,Active/Regular Products,Zone B,25.0,28755,60,35.0
35598D,42,684,16.285714285714285,2245,Active/Regular Products,Zone B,25.0,28728,60,35.0
23003,53,542,10.037037037037036,1047,Slow-Moving Products,Zone D,60.0,28726,60,0.0
21865,106,271,2.532710280373832,2706,Active/Regular Products,Zone B,25.0,28726,60,35.0
22912,100,287,2.8415841584158414,2370,Active/Regular Products,Zone B,25.0,28700,60,35.0
22067,70,408,5.746478873239437,2436,Active/Regular Products,Zone B,25.0,28560,60,35.0
23512,57,500,8.771929824561404,1842,Active/Regular Products,Zone B,25.0,28500,60,35.0
84660B,40,707,17.675,1619,Slow-Moving Products,Zone D,60.0,28280,60,0.0
35957,41,688,16.78048780487805,2148,Active/Regular Products,Zone B,25.0,28208,60,35.0
21739,111,254,2.2882882882882885,2674,Active/Regular Products,Zone B,25.0,28194,60,35.0
22428,114,246,2.1578947368421053,2559,Active/Regular Products,Zone B,25.0,28044,60,35.0
16258A,59,472,8.0,2456,Active/Regular Products,Zone B,25.0,27848,60,35.0
21289,49,567,11.571428571428571,2205,Active/Regular Products,Zone B,25.0,27783,60,35.0
47422,45,617,12.854166666666666,1388,Slow-Moving Products,Zone D,60.0,27765,60,0.0
21828,84,330,3.8823529411764706,2468,Active/Regular Products,Zone B,25.0,27720,60,35.0
22495,98,282,2.877551020408163,2809,Active/Regular Products,Zone B,25.0,27636,60,35.0
15044C,88,313,3.5568181818181817,2369,Active/Regular Products,Zone B,25.0,27544,60,35.0
82616C,85,324,3.8117647058823527,2650,Active/Regular Products,Zone B,25.0,27540,60,35.0
23316,110,250,2.272727272727273,2305,Active/Regular Products,Zone B,25.0,27500,60,35.0
22288,58,474,7.645161290322581,2096,Active/Regular Products,Zone B,25.0,27492,60,35.0
21467,104,264,2.5384615384615383,2507,Active/Regular Products,Zone B,25.0,27456,60,35.0
21246,96,286,2.9791666666666665,2343,Active/Regular Products,Zone B,25.0,27456,60,35.0
85213,33,829,25.12121212121212,1666,Slow-Moving Products,Zone D,60.0,27357,60,0.0
21634,28,976,34.857142857142854,1420,Slow-Moving Products,Zone D,60.0,27328,60,0.0
79030D,47,581,12.361702127659575,1915,Active/Regular Products,Zone B,25.0,27307,60,35.0
23412,76,358,4.64935064935065,1450,Slow-Moving Products,Zone D,60.0,27208,60,0.0
22236,88,308,3.5,1175,Slow-Moving Products,Zone D,60.0,27104,60,0.0
23009,103,263,2.5533980582524274,2536,Active/Regular Products,Zone B,25.0,27089,60,35.0
23065,99,273,2.757575757575758,1585,Slow-Moving Products,Zone D,60.0,27027,60,0.0
23427,114,237,2.0608695652173914,1940,Active/Regular Products,Zone B,25.0,27018,60,35.0
84558A,81,333,4.060975609756097,2501,Active/Regular Products,Zone B,25.0,26973,60,35.0
23079,106,251,2.3457943925233646,1719,Active/Regular Products,Zone B,25.0,26606,60,35.0
22414,95,279,2.9368421052631577,2294,Active/Regular Products,Zone B,25.0,26505,60,35.0
21448,77,344,4.246913580246914,2242,Active/Regular Products,Zone B,25.0,26488,60,35.0
85230E,24,1101,45.875,765,Slow-Moving Products,Zone D,60.0,26424,60,0.0
22308,105,250,2.380952380952381,2906,Active/Regular Products,Zone B,25.0,26250,60,35.0
23219,61,430,6.71875,2304,Active/Regular Products,Zone B,25.0,26230,60,35.0
23107,73,359,4.917808219178082,2313,Active/Regular Products,Zone B,25.0,26207,60,35.0
21925,65,403,6.106060606060606,1277,Slow-Moving Products,Zone D,60.0,26195,60,0.0
21747,54,485,8.981481481481481,2040,Active/Regular Products,Zone B,25.0,26190,60,35.0
84968A,98,267,2.696969696969697,2650,Active/Regular Products,Zone B,25.0,26166,60,35.0
35651,58,451,7.6440677966101696,2172,Active/Regular Products,Zone B,25.0,26158,60,35.0
21464,105,249,2.3714285714285714,1481,Slow-Moving Products,Zone D,60.0,26145,60,0.0
21792,76,344,4.526315789473684,1721,Slow-Moving Products,Zone D,60.0,26144,60,0.0
21441,62,421,6.790322580645161,2368,Active/Regular Products,Zone B,25.0,26102,60,35.0
35809A,62,420,6.666666666666667,1944,Active/Regular Products,Zone B,25.0,26040,60,35.0
22405,70,372,5.314285714285714,2555,Active/Regular Products,Zone B,25.0,26040,60,35.0
20619,99,262,2.6464646464646466,2764,Active/Regular Products,Zone B,25.0,25938,60,35.0
22021,71,365,5.0,1361,Slow-Moving Products,Zone D,60.0,25915,60,0.0
21262,78,332,4.256410256410256,2530,Active/Regular Products,Zone B,25.0,25896,60,35.0
22808,75,345,4.6,2267,Active/Regular Products,Zone B,25.0,25875,60,35.0
23565,63,410,6.507936507936508,2235,Active/Regular Products,Zone B,25.0,25830,60,35.0
21469,89,290,3.258426966292135,2130,Active/Regular Products,Zone B,25.0,25810,60,35.0
84341B,40,645,15.731707317073171,1871,Active/Regular Products,Zone B,25.0,25800,60,35.0
85230G,25,1032,41.28,772,Slow-Moving Products,Zone D,60.0,25800,60,0.0
21442,59,437,7.406779661016949,2349,Active/Regular Products,Zone B,25.0,25783,60,35.0
22032,60,427,7.116666666666666,2421,Active/Regular Products,Zone B,25.0,25620,60,35.0
21189,72,355,4.863013698630137,2713,Active/Regular Products,Zone B,25.0,25560,60,35.0
22317,89,286,3.2134831460674156,2667,Active/Regular Products,Zone B,25.0,25454,60,35.0
22482,53,478,9.018867924528301,1173,Slow-Moving Products,Zone D,60.0,25334,60,0.0
35965,69,366,5.304347826086956,2561,Active/Regular Products,Zone B,25.0,25254,60,35.0
82616B,73,343,4.573333333333333,2611,Active/Regular Products,Zone B,25.0,25039,60,35.0
23055,38,657,16.425,920,Slow-Moving Products,Zone D,60.0,24966,60,0.0
84659A,89,280,3.146067415730337,2614,Active/Regular Products,Zone B,25.0,24920,60,35.0
21926,60,414,6.9,1221,Slow-Moving Products,Zone D,60.0,24840,60,0.0
22829,109,227,2.0825688073394497,2151,Active/Regular Products,Zone B,25.0,24743,60,35.0
22276,85,290,3.411764705882353,2467,Active/Regular Products,Zone B,25.0,24650,60,35.0
84997b,67,364,5.2,625,Slow-Moving Products,Zone D,60.0,24388,60,0.0
23124,43,567,13.186046511627907,2073,Active/Regular Products,Zone B,25.0,24381,60,35.0
21292,28,867,30.964285714285715,938,Slow-Moving Products,Zone D,60.0,24276,60,0.0
21424,70,346,4.942857142857143,1265,Slow-Moving Products,Zone D,60.0,24220,60,0.0
79190A,63,384,6.095238095238095,2624,Active/Regular Products,Zone B,25.0,24192,60,35.0
85170C,72,335,4.652777777777778,2722,Active/Regular Products,Zone B,25.0,24120,60,35.0
84926D,34,709,20.257142857142856,1616,Slow-Moving Products,Zone D,60.0,24106,60,0.0
21067,76,317,4.116883116883117,2411,Active/Regular Products,Zone B,25.0,24092,60,35.0
21373,47,512,10.893617021276595,1039,Slow-Moving Products,Zone D,60.0,24064,60,0.0
23554,57,422,7.4035087719298245,1843,Active/Regular Products,Zone B,25.0,24054,60,35.0
22162,91,264,2.869565217391304,2866,Active/Regular Products,Zone B,25.0,24024,60,35.0
23528,50,479,9.58,2047,Active/Regular Products,Zone B,25.0,23950,60,35.0
23469,72,332,4.611111111111111,2053,Active/Regular Products,Zone B,25.0,23904,60,35.0
21528,111,215,1.936936936936937,2616,Active/Regular Products,Zone B,25.0,23865,60,35.0
22500,96,248,2.5833333333333335,2343,Active/Regular Products,Zone B,25.0,23808,60,35.0
84880,76,312,4.0519480519480515,2185,Active/Regular Products,Zone B,25.0,23712,60,35.0
23153,90,263,2.922222222222222,2204,Active/Regular Products,Zone B,25.0,23670,60,35.0
85016,42,563,13.404761904761905,1803,Slow-Moving Products,Zone D,60.0,23646,60,0.0
23529,37,637,17.216216216216218,1871,Active/Regular Products,Zone B,25.0,23569,60,35.0
23058,48,490,10.208333333333334,1762,Slow-Moving Products,Zone D,60.0,23520,60,0.0
84884A,78,301,3.858974358974359,2342,Active/Regular Products,Zone B,25.0,23478,60,35.0
21723,59,397,6.728813559322034,2548,Active/Regular Products,Zone B,25.0,23423,60,35.0
21311,51,459,8.826923076923077,1609,Slow-Moving Products,Zone D,60.0,23409,60,0.0
84997d,73,319,4.253333333333333,609,Slow-Moving Products,Zone D,60.0,23287,60,0.0
85187,69,337,4.746478873239437,1755,Slow-Moving Products,Zone D,60.0,23253,60,0.0
37482P,47,494,10.291666666666666,1777,Slow-Moving Products,Zone D,60.0,23218,60,0.0
22325,93,249,2.6774193548387095,2384,Active/Regular Products,Zone B,25.0,23157,60,35.0
47518F,28,827,29.535714285714285,835,Slow-Moving Products,Zone D,60.0,23156,60,0.0
21417,68,340,5.0,2668,Active/Regular Products,Zone B,25.0,23120,60,35.0
23556,53,436,8.226415094339623,1376,Slow-Moving Products,Zone D,60.0,23108,60,0.0
23216,44,525,11.666666666666666,1849,Active/Regular Products,Zone B,25.0,23100,60,35.0
22442,78,296,3.7948717948717947,1964,Active/Regular Products,Zone B,25.0,23088,60,35.0
22073,69,334,4.704225352112676,1784,Active/Regular Products,Zone B,25.0,23046,60,35.0
79302M,62,370,5.873015873015873,2339,Active/Regular Products,Zone B,25.0,22940,60,35.0
23067,78,294,3.5853658536585367,2023,Active/Regular Products,Zone B,25.0,22932,60,35.0
44234,33,693,20.38235294117647,1805,Slow-Moving Products,Zone D,60.0,22869,60,0.0
22688,32,705,22.03125,1056,Slow-Moving Products,Zone D,60.0,22560,60,0.0
21793,74,304,4.053333333333334,2138,Active/Regular Products,Zone B,25.0,22496,60,35.0
22497,100,224,2.24,2649,Active/Regular Products,Zone B,25.0,22400,60,35.0
85035A,81,276,3.2857142857142856,2174,Active/Regular Products,Zone B,25.0,22356,60,35.0
22515,84,266,3.1666666666666665,2394,Active/Regular Products,Zone B,25.0,22344,60,35.0
35911A,70,319,4.557142857142857,2326,Active/Regular Products,Zone B,25.0,22330,60,35.0
22763,108,206,1.9074074074074074,2576,Active/Regular Products,Zone B,25.0,22248,60,35.0
23178,68,327,4.8088235294117645,2232,Active/Regular Products,Zone B,25.0,22236,60,35.0
90057,22,1008,45.81818181818182,662,Slow-Moving Products,Zone D,60.0,22176,60,0.0
85130C,46,482,10.25531914893617,1586,Slow-Moving Products,Zone D,60.0,22172,60,0.0
15058B,97,228,2.350515463917526,2232,Active/Regular Products,Zone B,25.0,22116,60,35.0
23066,85,259,3.0470588235294116,1910,Active/Regular Products,Zone B,25.0,22015,60,35.0
22760,80,275,3.4375,2105,Active/Regular Products,Zone B,25.0,22000,60,35.0
20967,83,265,3.1927710843373496,1861,Active/Regular Products,Zone B,25.0,21995,60,35.0
20838,57,385,6.754385964912281,2216,Active/Regular Products,Zone B,25.0,21945,60,35.0
47585A,83,264,3.180722891566265,2574,Active/Regular Products,Zone B,25.0,21912,60,35.0
21972,65,335,5.153846153846154,2391,Active/Regular Products,Zone B,25.0,21775,60,35.0
22242,34,640,18.823529411764707,1624,Slow-Moving Products,Zone D,60.0,21760,60,0.0
79160,49,444,8.538461538461538,1378,Slow-Moving Products,Zone D,60.0,21756,60,0.0
23485,83,262,3.1566265060240966,1370,Slow-Moving Products,Zone D,60.0,21746,60,0.0
21306,44,494,11.227272727272727,1884,Active/Regular Products,Zone B,25.0,21736,60,35.0
72803A,41,529,12.902439024390244,1429,Slow-Moving Products,Zone D,60.0,21689,60,0.0
84313C,43,504,11.720930232558139,1886,Active/Regular Products,Zone B,25.0,21672,60,35.0
23558,52,415,7.980769230769231,1615,Slow-Moving Products,Zone D,60.0,21580,60,0.0
85159A,47,453,9.638297872340425,1134,Slow-Moving Products,Zone D,60.0,21291,60,0.0
22259,44,481,10.688888888888888,1914,Active/Regular Products,Zone B,25.0,21164,60,35.0
22324,74,286,3.8133333333333335,2781,Active/Regular Products,Zone B,25.0,21164,60,35.0
84926A,35,604,17.257142857142856,1549,Slow-Moving Products,Zone D,60.0,21140,60,0.0
85185B,71,297,4.013513513513513,2281,Active/Regular Products,Zone B,25.0,21087,60,35.0
20868,46,458,9.956521739130435,2225,Active/Regular Products,Zone B,25.0,21068,60,35.0
23555,50,421,8.254901960784315,1632,Slow-Moving Products,Zone D,60.0,21050,60,0.0
23517,63,334,5.301587301587301,2053,Active/Regular Products,Zone B,25.0,21042,60,35.0
17012A,65,323,4.893939393939394,2595,Active/Regular Products,Zone B,25.0,20995,60,35.0
20652,78,265,3.3974358974358974,2729,Active/Regular Products,Zone B,25.0,20670,60,35.0
20686,77,267,3.4675324675324677,2431,Active/Regular Products,Zone B,25.0,20559,60,35.0
20867,62,331,5.338709677419355,2507,Active/Regular Products,Zone B,25.0,20522,60,35.0
21624,95,216,2.2268041237113403,2447,Active/Regular Products,Zone B,25.0,20520,60,35.0
22118,89,230,2.5842696629213484,2452,Active/Regular Products,Zone B,25.0,20470,60,35.0
85039C,67,305,4.552238805970149,2759,Active/Regular Products,Zone B,25.0,20435,60,35.0
22777,58,352,6.068965517241379,1950,Active/Regular Products,Zone B,25.0,20416,60,35.0
85169B,62,329,5.306451612903226,2618,Active/Regular Products,Zone B,25.0,20398,60,35.0
23486,74,275,3.7162162162162162,1880,Active/Regular Products,Zone B,25.0,20350,60,35.0
72802A,63,323,5.046875,1837,Active/Regular Products,Zone B,25.0,20349,60,35.0
20931,68,299,4.397058823529412,2641,Active/Regular Products,Zone B,25.0,20332,60,35.0
22040,28,725,25.892857142857142,694,Slow-Moving Products,Zone D,60.0,20300,60,0.0
47566b,102,199,1.9509803921568627,866,Slow-Moving Products,Zone D,60.0,20298,60,0.0
21537,61,332,5.442622950819672,1883,Active/Regular Products,Zone B,25.0,20252,60,35.0
84849B,76,266,3.5,2161,Active/Regular Products,Zone B,25.0,20216,60,35.0
23527,48,420,8.75,1552,Slow-Moving Products,Zone D,60.0,20160,60,0.0
23402,68,296,4.352941176470588,2160,Active/Regular Products,Zone B,25.0,20128,60,35.0
84625A,42,478,11.380952380952381,1962,Active/Regular Products,Zone B,25.0,20076,60,35.0
23598,47,427,9.085106382978724,1585,Slow-Moving Products,Zone D,60.0,20069,60,0.0
C2,141,142,1.0070921985815602,1145,Slow-Moving Products,Zone D,60.0,20022,60,0.0
21719,58,345,5.8474576271186445,2464,Active/Regular Products,Zone B,25.0,20010,60,35.0
22496,79,253,3.2025316455696204,2241,Active/Regular Products,Zone B,25.0,19987,60,35.0
21581,79,252,3.189873417721519,2617,Active/Regular Products,Zone B,25.0,19908,60,35.0
22220,86,231,2.686046511627907,2232,Active/Regular Products,Zone B,25.0,19866,60,35.0
21688,57,348,6.105263157894737,2163,Active/Regular Products,Zone B,25.0,19836,60,35.0
72122,61,324,5.225806451612903,2492,Active/Regular Products,Zone B,25.0,19764,60,35.0
20767,79,250,3.1645569620253164,2564,Active/Regular Products,Zone B,25.0,19750,60,35.0
85169C,46,429,9.326086956521738,2196,Active/Regular Products,Zone B,25.0,19734,60,35.0
21576,78,252,3.230769230769231,2566,Active/Regular Products,Zone B,25.0,19656,60,35.0
85123a,67,292,4.358208955223881,1067,Slow-Moving Products,Zone D,60.0,19564,60,0.0
20655,99,197,1.9898989898989898,2748,Active/Regular Products,Zone B,25.0,19503,60,35.0
23470,84,232,2.761904761904762,1992,Active/Regular Products,Zone B,25.0,19488,60,35.0
21222,73,265,3.581081081081081,2711,Active/Regular Products,Zone B,25.0,19345,60,35.0
15044B,60,321,5.35,1739,Slow-Moving Products,Zone D,60.0,19260,60,0.0
22762,112,171,1.5267857142857142,2418,Active/Regular Products,Zone B,25.0,19152,60,35.0
23336,85,225,2.616279069767442,2448,Active/Regular Products,Zone B,25.0,19125,60,35.0
84569A,65,294,4.523076923076923,2571,Active/Regular Products,Zone B,25.0,19110,60,35.0
23183,84,226,2.6588235294117646,2472,Active/Regular Products,Zone B,25.0,18984,60,35.0
20755,62,306,4.935483870967742,2277,Active/Regular Products,Zone B,25.0,18972,60,35.0
84976,37,512,13.837837837837839,1870,Active/Regular Products,Zone B,25.0,18944,60,35.0
22105,33,574,17.393939393939394,2255,Active/Regular Products,Zone B,25.0,18942,60,35.0
35915C,60,315,5.25,1899,Active/Regular Products,Zone B,25.0,18900,60,35.0
23025,54,350,6.481481481481482,1502,Slow-Moving Products,Zone D,60.0,18900,60,0.0
21365,52,363,6.722222222222222,1991,Active/Regular Products,Zone B,25.0,18876,60,35.0
84993A,55,343,6.236363636363636,2289,Active/Regular Products,Zone B,25.0,18865,60,35.0
21465,79,237,3.0,2193,Active/Regular Products,Zone B,25.0,18723,60,35.0
21055,105,178,1.6952380952380952,2634,Active/Regular Products,Zone B,25.0,18690,60,35.0
46776F,89,210,2.359550561797753,2780,Active/Regular Products,Zone B,25.0,18690,60,35.0
85019B,36,512,14.222222222222221,1954,Active/Regular Products,Zone B,25.0,18432,60,35.0
22799,89,207,2.3258426966292136,1886,Active/Regular Products,Zone B,25.0,18423,60,35.0
23315,86,213,2.4767441860465116,1939,Active/Regular Products,Zone B,25.0,18318,60,35.0
23408,59,310,5.254237288135593,1352,Slow-Moving Products,Zone D,60.0,18290,60,0.0
23521,44,413,9.386363636363637,2174,Active/Regular Products,Zone B,25.0,18172,60,35.0
22785,74,245,3.310810810810811,2582,Active/Regular Products,Zone B,25.0,18130,60,35.0
23253,70,258,3.6857142857142855,2262,Active/Regular Products,Zone B,25.0,18060,60,35.0
21693,50,361,7.22,1922,Active/Regular Products,Zone B,25.0,18050,60,35.0
22166,87,207,2.3793103448275863,2515,Active/Regular Products,Zone B,25.0,18009,60,35.0
21683,58,310,5.344827586206897,1968,Active/Regular Products,Zone B,25.0,17980,60,35.0
22509,86,209,2.4302325581395348,1989,Active/Regular Products,Zone B,25.0,17974,60,35.0
22782,74,241,3.2567567567567566,1381,Slow-Moving Products,Zone D,60.0,17834,60,0.0
15058A,89,200,2.247191011235955,2157,Active/Regular Products,Zone B,25.0,17800,60,35.0
23491,78,228,2.8860759493670884,1560,Slow-Moving Products,Zone D,60.0,17784,60,0.0
21666,43,412,9.581395348837209,1774,Slow-Moving Products,Zone D,60.0,17716,60,0.0
21187,48,369,7.530612244897959,2007,Active/Regular Products,Zone B,25.0,17712,60,35.0
85036B,49,361,7.36734693877551,1701,Slow-Moving Products,Zone D,60.0,17689,60,0.0
21742,91,194,2.086021505376344,2003,Active/Regular Products,Zone B,25.0,17654,60,35.0
23405,70,252,3.5492957746478875,2171,Active/Regular Products,Zone B,25.0,17640,60,35.0
84997c,62,284,4.303030303030303,248,Slow-Moving Products,Zone D,60.0,17608,60,0.0
22541,35,503,14.371428571428572,2169,Active/Regular Products,Zone B,25.0,17605,60,35.0
21735,83,212,2.5542168674698793,1311,Slow-Moving Products,Zone D,60.0,17596,60,0.0
23324,44,399,9.068181818181818,1495,Slow-Moving Products,Zone D,60.0,17556,60,0.0
22052,27,650,24.074074074074073,761,Slow-Moving Products,Zone D,60.0,17550,60,0.0
85169D,50,351,7.02,2437,Active/Regular Products,Zone B,25.0,17550,60,35.0
23125,38,459,12.078947368421053,1984,Active/Regular Products,Zone B,25.0,17442,60,35.0
21026,68,255,3.75,2736,Active/Regular Products,Zone B,25.0,17340,60,35.0
15058C,72,240,3.3333333333333335,2406,Active/Regular Products,Zone B,25.0,17280,60,35.0
21205,68,253,3.563380281690141,2185,Active/Regular Products,Zone B,25.0,17204,60,35.0
23179,53,324,6.113207547169812,2084,Active/Regular Products,Zone B,25.0,17172,60,35.0
84509B,79,217,2.7125,2384,Active/Regular Products,Zone B,25.0,17143,60,35.0
22104,59,288,4.88135593220339,2721,Active/Regular Products,Zone B,25.0,16992,60,35.0
21781,101,168,1.6633663366336633,2135,Active/Regular Products,Zone B,25.0,16968,60,35.0
21284,42,403,9.595238095238095,2247,Active/Regular Products,Zone B,25.0,16926,60,35.0
84913B,86,196,2.2790697674418605,2494,Active/Regular Products,Zone B,25.0,16856,60,35.0
84581,90,187,2.077777777777778,2574,Active/Regular Products,Zone B,25.0,16830,60,35.0
22504,68,247,3.6323529411764706,2171,Active/Regular Products,Zone B,25.0,16796,60,35.0
22201,87,193,2.218390804597701,2699,Active/Regular Products,Zone B,25.0,16791,60,35.0
21717,41,408,9.951219512195122,1508,Slow-Moving Products,Zone D,60.0,16728,60,0.0
21503,23,726,31.565217391304348,620,Slow-Moving Products,Zone D,60.0,16698,60,0.0
22263,51,326,6.150943396226415,2623,Active/Regular Products,Zone B,25.0,16626,60,35.0
16169M,25,660,25.384615384615383,734,Slow-Moving Products,Zone D,60.0,16500,60,0.0
17084P,39,423,10.846153846153847,2388,Active/Regular Products,Zone B,25.0,16497,60,35.0
23181,82,201,2.451219512195122,2186,Active/Regular Products,Zone B,25.0,16482,60,35.0
22106,47,349,7.425531914893617,2641,Active/Regular Products,Zone B,25.0,16403,60,35.0
23482,39,418,10.717948717948717,1661,Slow-Moving Products,Zone D,60.0,16302,60,0.0
21188,50,326,6.392156862745098,1944,Active/Regular Products,Zone B,25.0,16300,60,35.0
23325,35,462,13.2,1577,Slow-Moving Products,Zone D,60.0,16170,60,0.0
82494l,61,264,4.327868852459017,995,Slow-Moving Products,Zone D,60.0,16104,60,0.0
22538,40,402,10.05,2199,Active/Regular Products,Zone B,25.0,16080,60,35.0
20772,65,247,3.8,2411,Active/Regular Products,Zone B,25.0,16055,60,35.0
23272,44,364,8.272727272727273,1999,Active/Regular Products,Zone B,25.0,16016,60,35.0
23697,35,456,12.666666666666666,1855,Active/Regular Products,Zone B,25.0,15960,60,35.0
16015,24,662,27.583333333333332,506,Slow-Moving Products,Zone D,60.0,15888,60,0.0
23518,44,361,8.204545454545455,1424,Slow-Moving Products,Zone D,60.0,15884,60,0.0
84923,98,162,1.653061224489796,2922,Active/Regular Products,Zone B,25.0,15876,60,35.0
84625C,35,449,12.82857142857143,1752,Slow-Moving Products,Zone D,60.0,15715,60,0.0
47021G,27,582,21.555555555555557,1783,Slow-Moving Products,Zone D,60.0,15714,60,0.0
84970s,66,238,3.606060606060606,1019,Slow-Moving Products,Zone D,60.0,15708,60,0.0
21285,43,365,8.488372093023257,2040,Active/Regular Products,Zone B,25.0,15695,60,35.0
21676,61,257,4.213114754098361,2640,Active/Regular Products,Zone B,25.0,15677,60,35.0
22257,42,373,8.477272727272727,1851,Active/Regular Products,Zone B,25.0,15666,60,35.0
22638,52,300,5.769230769230769,2255,Active/Regular Products,Zone B,25.0,15600,60,35.0
22204,79,197,2.4625,2519,Active/Regular Products,Zone B,25.0,15563,60,35.0
21821,62,251,3.984126984126984,2577,Active/Regular Products,Zone B,25.0,15562,60,35.0
22042,39,399,10.23076923076923,2187,Active/Regular Products,Zone B,25.0,15561,60,35.0
21147,76,203,2.6363636363636362,2796,Active/Regular Products,Zone B,25.0,15428,60,35.0
23106,53,291,5.490566037735849,1617,Slow-Moving Products,Zone D,60.0,15423,60,0.0
23415,47,328,6.9787234042553195,1537,Slow-Moving Products,Zone D,60.0,15416,60,0.0
23694,41,376,9.170731707317072,2070,Active/Regular Products,Zone B,25.0,15416,60,35.0
23425,56,275,4.910714285714286,2165,Active/Regular Products,Zone B,25.0,15400,60,35.0
16161G,22,700,31.818181818181817,547,Slow-Moving Products,Zone D,60.0,15400,60,0.0
35004C,39,394,10.102564102564102,598,Slow-Moving Products,Zone D,60.0,15366,60,0.0
22856,27,569,21.074074074074073,1228,Slow-Moving Products,Zone D,60.0,15363,60,0.0
22783,33,463,14.030303030303031,688,Slow-Moving Products,Zone D,60.0,15279,60,0.0
22861,50,305,6.1,1429,Slow-Moving Products,Zone D,60.0,15250,60,0.0
16168M,41,371,9.048780487804878,2504,Active/Regular Products,Zone B,25.0,15211,60,35.0
22389,45,338,7.511111111111111,2054,Active/Regular Products,Zone B,25.0,15210,60,35.0
23218,40,379,9.475,2056,Active/Regular Products,Zone B,25.0,15160,60,35.0
85230A,18,840,46.666666666666664,762,Slow-Moving Products,Zone D,60.0,15120,60,0.0
21725,50,301,6.02,2288,Active/Regular Products,Zone B,25.0,15050,60,35.0
23453,47,316,6.448979591836735,1015,Slow-Moving Products,Zone D,60.0,14852,60,0.0
22797,91,163,1.7912087912087913,2279,Active/Regular Products,Zone B,25.0,14833,60,35.0
22359,81,183,2.259259259259259,2605,Active/Regular Products,Zone B,25.0,14823,60,35.0
22443,90,164,1.8222222222222222,2030,Active/Regular Products,Zone B,25.0,14760,60,35.0
23523,41,360,8.78048780487805,1338,Slow-Moving Products,Zone D,60.0,14760,60,0.0
22282,99,149,1.505050505050505,2742,Active/Regular Products,Zone B,25.0,14751,60,35.0
90114,88,167,1.8977272727272727,2838,Active/Regular Products,Zone B,25.0,14696,60,35.0
23041,54,272,5.037037037037037,1391,Slow-Moving Products,Zone D,60.0,14688,60,0.0
21743,49,299,6.1020408163265305,2169,Active/Regular Products,Zone B,25.0,14651,60,35.0
21804,65,225,3.409090909090909,2349,Active/Regular Products,Zone B,25.0,14625,60,35.0
23423,66,219,3.3181818181818183,2073,Active/Regular Products,Zone B,25.0,14454,60,35.0
21462,73,198,2.712328767123288,1739,Slow-Moving Products,Zone D,60.0,14454,60,0.0
23451,52,277,5.226415094339623,1938,Active/Regular Products,Zone B,25.0,14404,60,35.0
84251G,53,270,5.09433962264151,2542,Active/Regular Products,Zone B,25.0,14310,60,35.0
22256,50,286,5.607843137254902,1877,Active/Regular Products,Zone B,25.0,14300,60,35.0
23317,82,173,2.1097560975609757,2080,Active/Regular Products,Zone B,25.0,14186,60,35.0
46776B,88,161,1.8295454545454546,2827,Active/Regular Products,Zone B,25.0,14168,60,35.0
21221,54,261,4.833333333333333,2506,Active/Regular Products,Zone B,25.0,14094,60,35.0
21374,46,304,6.608695652173913,1640,Slow-Moving Products,Zone D,60.0,13984,60,0.0
22936,50,279,5.365384615384615,2311,Active/Regular Products,Zone B,25.0,13950,60,35.0
35598B,25,558,22.32,1416,Slow-Moving Products,Zone D,60.0,13950,60,0.0
22320,73,189,2.589041095890411,1613,Slow-Moving Products,Zone D,60.0,13797,60,0.0
20616,71,194,2.732394366197183,2709,Active/Regular Products,Zone B,25.0,13774,60,35.0
22410,58,237,4.086206896551724,2211,Active/Regular Products,Zone B,25.0,13746,60,35.0
22517,69,199,2.8840579710144927,2308,Active/Regular Products,Zone B,25.0,13731,60,35.0
22642,51,269,5.0754716981132075,2085,Active/Regular Products,Zone B,25.0,13719,60,35.0
23020,76,180,2.3684210526315788,1730,Slow-Moving Products,Zone D,60.0,13680,60,0.0
85019A,33,414,12.545454545454545,1503,Slow-Moving Products,Zone D,60.0,13662,60,0.0
90200D,78,175,2.2435897435897436,2846,Active/Regular Products,Zone B,25.0,13650,60,35.0
21264,48,283,5.895833333333333,1890,Active/Regular Products,Zone B,25.0,13584,60,35.0
22511,54,251,4.648148148148148,1937,Active/Regular Products,Zone B,25.0,13554,60,35.0
21248,66,205,3.106060606060606,2383,Active/Regular Products,Zone B,25.0,13530,60,35.0
20777,80,169,2.1125,2643,Active/Regular Products,Zone B,25.0,13520,60,35.0
22640,57,237,4.157894736842105,2341,Active/Regular Products,Zone B,25.0,13509,60,35.0
85129D,65,207,3.1846153846153844,2594,Active/Regular Products,Zone B,25.0,13455,60,35.0
85188A,42,319,7.595238095238095,1470,Slow-Moving Products,Zone D,60.0,13398,60,0.0
21698,45,296,6.5777777777777775,2586,Active/Regular Products,Zone B,25.0,13320,60,35.0
85232D,69,193,2.7971014492753623,2478,Active/Regular Products,Zone B,25.0,13317,60,35.0
20770,72,184,2.5555555555555554,2629,Active/Regular Products,Zone B,25.0,13248,60,35.0
84279B,69,192,2.782608695652174,1579,Slow-Moving Products,Zone D,60.0,13248,60,0.0
21056,72,184,2.5555555555555554,2023,Active/Regular Products,Zone B,25.0,13248,60,35.0
85088,51,259,4.980769230769231,2458,Active/Regular Products,Zone B,25.0,13209,60,35.0
22788,60,220,3.6666666666666665,1897,Active/Regular Products,Zone B,25.0,13200,60,35.0
20856,61,216,3.540983606557377,2333,Active/Regular Products,Zone B,25.0,13176,60,35.0
84927F,44,299,6.5,1606,Slow-Moving Products,Zone D,60.0,13156,60,0.0
23339,76,173,2.276315789473684,2305,Active/Regular Products,Zone B,25.0,13148,60,35.0
21807,30,438,12.882352941176471,1151,Slow-Moving Products,Zone D,60.0,13140,60,0.0
72349b,82,159,1.9390243902439024,1083,Slow-Moving Products,Zone D,60.0,13038,60,0.0
84559B,55,237,4.232142857142857,2176,Active/Regular Products,Zone B,25.0,13035,60,35.0
85180B,48,271,5.645833333333333,2132,Active/Regular Products,Zone B,25.0,13008,60,35.0
22409,57,228,4.0,2068,Active/Regular Products,Zone B,25.0,12996,60,35.0
84251B,53,245,4.622641509433962,2352,Active/Regular Products,Zone B,25.0,12985,60,35.0
85106,20,649,32.45,1627,Slow-Moving Products,Zone D,60.0,12980,60,0.0
22270,53,243,4.418181818181818,1549,Slow-Moving Products,Zone D,60.0,12879,60,0.0
23660,42,306,7.285714285714286,1889,Active/Regular Products,Zone B,25.0,12852,60,35.0
22516,62,206,3.21875,2349,Active/Regular Products,Zone B,25.0,12772,60,35.0
20998,69,185,2.681159420289855,2469,Active/Regular Products,Zone B,25.0,12765,60,35.0
23411,56,227,3.982456140350877,1897,Active/Regular Products,Zone B,25.0,12712,60,35.0
22461,53,239,4.509433962264151,1924,Active/Regular Products,Zone B,25.0,12667,60,35.0
85036A,60,211,3.296875,1976,Active/Regular Products,Zone B,25.0,12660,60,35.0
23046,36,349,9.694444444444445,928,Slow-Moving Products,Zone D,60.0,12564,60,0.0
21106,53,237,4.388888888888889,2325,Active/Regular Products,Zone B,25.0,12561,60,35.0
85025C,39,321,8.025,1948,Active/Regular Products,Zone B,25.0,12519,60,35.0
85025B,38,329,8.657894736842104,2224,Active/Regular Products,Zone B,25.0,12502,60,35.0
79190D,47,265,5.638297872340425,2474,Active/Regular Products,Zone B,25.0,12455,60,35.0
84748,61,204,3.3442622950819674,2548,Active/Regular Products,Zone B,25.0,12444,60,35.0
23516,42,296,6.7272727272727275,1082,Slow-Moving Products,Zone D,60.0,12432,60,0.0
23337,69,180,2.608695652173913,2128,Active/Regular Products,Zone B,25.0,12420,60,35.0
21898,25,493,19.72,1341,Slow-Moving Products,Zone D,60.0,12325,60,0.0
22832,76,162,2.1315789473684212,2224,Active/Regular Products,Zone B,25.0,12312,60,35.0
21708,64,190,2.96875,2472,Active/Regular Products,Zone B,25.0,12160,60,35.0
21518,38,318,8.368421052631579,1909,Active/Regular Products,Zone B,25.0,12084,60,35.0
84926F,28,430,15.357142857142858,1867,Active/Regular Products,Zone B,25.0,12040,60,35.0
22458,23,523,22.73913043478261,1579,Slow-Moving Products,Zone D,60.0,12029,60,0.0
23094,79,152,1.9240506329113924,1561,Slow-Moving Products,Zone D,60.0,12008,60,0.0
21202,25,474,18.96,925,Slow-Moving Products,Zone D,60.0,11850,60,0.0
21707,74,160,2.1621621621621623,2481,Active/Regular Products,Zone B,25.0,11840,60,35.0
84673B,66,179,2.712121212121212,2473,Active/Regular Products,Zone B,25.0,11814,60,35.0
23074,48,246,5.125,2258,Active/Regular Products,Zone B,25.0,11808,60,35.0
21426,46,256,5.446808510638298,1183,Slow-Moving Products,Zone D,60.0,11776,60,0.0
21143,36,327,8.605263157894736,1698,Slow-Moving Products,Zone D,60.0,11772,60,0.0
47591B,56,209,3.732142857142857,2222,Active/Regular Products,Zone B,25.0,11704,60,35.0
21695,41,284,6.926829268292683,1741,Slow-Moving Products,Zone D,60.0,11644,60,0.0
71270,49,236,4.72,2229,Active/Regular Products,Zone B,25.0,11564,60,35.0
84086C,53,218,4.113207547169812,2440,Active/Regular Products,Zone B,25.0,11554,60,35.0
84912A,74,156,2.108108108108108,2297,Active/Regular Products,Zone B,25.0,11544,60,35.0
23474,37,312,8.210526315789474,1908,Active/Regular Products,Zone B,25.0,11544,60,35.0
84968F,65,177,2.723076923076923,2257,Active/Regular Products,Zone B,25.0,11505,60,35.0
84247G,32,357,11.15625,1696,Slow-Moving Products,Zone D,60.0,11424,60,0.0
22643,48,238,4.958333333333333,2335,Active/Regular Products,Zone B,25.0,11424,60,35.0
51008,22,519,23.59090909090909,587,Slow-Moving Products,Zone D,60.0,11418,60,0.0
21849,66,173,2.5441176470588234,2620,Active/Regular Products,Zone B,25.0,11418,60,35.0
85179A,59,193,3.2711864406779663,2633,Active/Regular Products,Zone B,25.0,11387,60,35.0
22903,59,193,3.2711864406779663,2611,Active/Regular Products,Zone B,25.0,11387,60,35.0
23522,32,354,11.0625,1996,Active/Regular Products,Zone B,25.0,11328,60,35.0
22124,76,149,1.9605263157894737,2813,Active/Regular Products,Zone B,25.0,11324,60,35.0
22451,51,222,4.352941176470588,1894,Active/Regular Products,Zone B,25.0,11322,60,35.0
47471,39,290,7.435897435897436,2328,Active/Regular Products,Zone B,25.0,11310,60,35.0
22862,66,171,2.514705882352941,2122,Active/Regular Products,Zone B,25.0,11286,60,35.0
22450,58,194,3.288135593220339,1678,Slow-Moving Products,Zone D,60.0,11252,60,0.0
20618,76,148,1.9473684210526316,2526,Active/Regular Products,Zone B,25.0,11248,60,35.0
21580,62,181,2.9193548387096775,2408,Active/Regular Products,Zone B,25.0,11222,60,35.0
23557,32,350,10.9375,1299,Slow-Moving Products,Zone D,60.0,11200,60,0.0
71038,47,238,4.958333333333333,1001,Slow-Moving Products,Zone D,60.0,11186,60,0.0
23139,27,414,14.785714285714286,1646,Slow-Moving Products,Zone D,60.0,11178,60,0.0
35915B,50,220,4.4,1795,Slow-Moving Products,Zone D,60.0,11000,60,0.0
22454,41,266,6.333333333333333,1444,Slow-Moving Products,Zone D,60.0,10906,60,0.0
21371,38,287,7.552631578947368,1514,Slow-Moving Products,Zone D,60.0,10906,60,0.0
22168,76,143,1.881578947368421,1253,Slow-Moving Products,Zone D,60.0,10868,60,0.0
46776A,70,155,2.2142857142857144,2693,Active/Regular Products,Zone B,25.0,10850,60,35.0
21028,58,187,3.2241379310344827,2565,Active/Regular Products,Zone B,25.0,10846,60,35.0
22214,56,193,3.4464285714285716,2482,Active/Regular Products,Zone B,25.0,10808,60,35.0
23562,43,251,5.837209302325581,1712,Slow-Moving Products,Zone D,60.0,10793,60,0.0
20764,76,142,1.844155844155844,2584,Active/Regular Products,Zone B,25.0,10792,60,35.0
85208,48,223,4.645833333333333,2166,Active/Regular Products,Zone B,25.0,10704,60,35.0
46118,46,232,5.043478260869565,2484,Active/Regular Products,Zone B,25.0,10672,60,35.0
15056n,84,127,1.5119047619047619,958,Slow-Moving Products,Zone D,60.0,10668,60,0.0
72225C,17,624,36.705882352941174,968,Slow-Moving Products,Zone D,60.0,10608,60,0.0
23538,32,331,10.34375,1620,Slow-Moving Products,Zone D,60.0,10592,60,0.0
23060,42,249,5.659090909090909,1479,Slow-Moving Products,Zone D,60.0,10458,60,0.0
18098C,49,213,4.176470588235294,1987,Active/Regular Products,Zone B,25.0,10437,60,35.0
23040,41,253,5.883720930232558,1378,Slow-Moving Products,Zone D,60.0,10373,60,0.0
22611,46,225,4.787234042553192,1530,Slow-Moving Products,Zone D,60.0,10350,60,0.0
21656,47,219,4.659574468085107,1964,Active/Regular Products,Zone B,25.0,10293,60,35.0
22513,67,152,2.2686567164179103,2097,Active/Regular Products,Zone B,25.0,10184,60,35.0
23539,41,247,5.880952380952381,1822,Slow-Moving Products,Zone D,60.0,10127,60,0.0
21415,46,219,4.760869565217392,2154,Active/Regular Products,Zone B,25.0,10074,60,35.0
84970l,50,201,4.02,980,Slow-Moving Products,Zone D,60.0,10050,60,0.0
23413,58,173,2.9827586206896552,1941,Active/Regular Products,Zone B,25.0,10034,60,35.0
23072,30,334,11.133333333333333,1333,Slow-Moving Products,Zone D,60.0,10020,60,0.0
23422,47,213,4.531914893617022,2160,Active/Regular Products,Zone B,25.0,10011,60,35.0
21682,55,182,3.309090909090909,1596,Slow-Moving Products,Zone D,60.0,10010,60,0.0
21726,42,237,5.642857142857143,1752,Slow-Moving Products,Zone D,60.0,9954,60,0.0
90209B,54,184,3.3454545454545452,2437,Active/Regular Products,Zone B,25.0,9936,60,35.0
20854,41,242,5.902439024390244,1911,Active/Regular Products,Zone B,25.0,9922,60,35.0
22806,38,260,6.842105263157895,1718,Slow-Moving Products,Zone D,60.0,9880,60,0.0
21638,40,247,6.175,2039,Active/Regular Products,Zone B,25.0,9880,60,35.0
22526,79,125,1.5822784810126582,2112,Active/Regular Products,Zone B,25.0,9875,60,35.0
20659,62,158,2.46875,2693,Active/Regular Products,Zone B,25.0,9796,60,35.0
21051,51,192,3.764705882352941,2118,Active/Regular Products,Zone B,25.0,9792,60,35.0
21468,66,148,2.242424242424242,2135,Active/Regular Products,Zone B,25.0,9768,60,35.0
21025,56,174,3.107142857142857,2615,Active/Regular Products,Zone B,25.0,9744,60,35.0
20768,55,176,3.2,2152,Active/Regular Products,Zone B,25.0,9680,60,35.0
72819,43,225,5.232558139534884,2088,Active/Regular Products,Zone B,25.0,9675,60,35.0
85131C,50,193,3.86,2433,Active/Regular Products,Zone B,25.0,9650,60,35.0
22459,25,386,15.44,1739,Slow-Moving Products,Zone D,60.0,9650,60,0.0
84637,83,116,1.3975903614457832,2499,Active/Regular Products,Zone B,25.0,9628,60,35.0
47578A,45,213,4.630434782608695,2147,Active/Regular Products,Zone B,25.0,9585,60,35.0
22108,63,152,2.4126984126984126,2751,Active/Regular Products,Zone B,25.0,9576,60,35.0
22390,36,266,7.388888888888889,1962,Active/Regular Products,Zone B,25.0,9576,60,35.0
79144B,53,180,3.3962264150943398,2679,Active/Regular Products,Zone B,25.0,9540,60,35.0
84849A,53,180,3.3962264150943398,2433,Active/Regular Products,Zone B,25.0,9540,60,35.0
85127,51,187,3.5961538461538463,2230,Active/Regular Products,Zone B,25.0,9537,60,35.0
21613,42,227,5.404761904761905,1093,Slow-Moving Products,Zone D,60.0,9534,60,0.0
47594B,56,170,3.0357142857142856,2101,Active/Regular Products,Zone B,25.0,9520,60,35.0
85214,58,164,2.8275862068965516,1974,Active/Regular Products,Zone B,25.0,9512,60,35.0
23185,30,317,10.225806451612904,1001,Slow-Moving Products,Zone D,60.0,9510,60,0.0
20704,44,216,4.909090909090909,1758,Slow-Moving Products,Zone D,60.0,9504,60,0.0
23140,52,182,3.5,2050,Active/Regular Products,Zone B,25.0,9464,60,35.0
21555,69,137,1.9855072463768115,2704,Active/Regular Products,Zone B,25.0,9453,60,35.0
20622,51,185,3.627450980392157,2546,Active/Regular Products,Zone B,25.0,9435,60,35.0
22272,48,196,4.0,1473,Slow-Moving Products,Zone D,60.0,9408,60,0.0
23022,22,422,17.583333333333332,453,Slow-Moving Products,Zone D,60.0,9284,60,0.0
84663A,34,272,8.0,1932,Active/Regular Products,Zone B,25.0,9248,60,35.0
23409,43,215,5.0,1266,Slow-Moving Products,Zone D,60.0,9245,60,0.0
23495,41,225,5.487804878048781,2051,Active/Regular Products,Zone B,25.0,9225,60,35.0
90058B,15,612,40.8,530,Slow-Moving Products,Zone D,60.0,9180,60,0.0
21562,28,324,11.571428571428571,1148,Slow-Moving Products,Zone D,60.0,9072,60,0.0
84674,47,193,4.020833333333333,2041,Active/Regular Products,Zone B,25.0,9071,60,35.0
23454,52,174,3.1636363636363636,1636,Slow-Moving Products,Zone D,60.0,9048,60,0.0
22448,45,201,4.466666666666667,2132,Active/Regular Products,Zone B,25.0,9045,60,35.0
22038,19,475,25.0,519,Slow-Moving Products,Zone D,60.0,9025,60,0.0
23414,64,141,2.203125,1305,Slow-Moving Products,Zone D,60.0,9024,60,0.0
85144,41,220,5.238095238095238,973,Slow-Moving Products,Zone D,60.0,9020,60,0.0
84789,48,186,3.875,1518,Slow-Moving Products,Zone D,60.0,8928,60,0.0
21379,50,178,3.56,2595,Active/Regular Products,Zone B,25.0,8900,60,35.0
22127,22,404,17.565217391304348,1029,Slow-Moving Products,Zone D,60.0,8888,60,0.0
21851,63,141,2.238095238095238,2749,Active/Regular Products,Zone B,25.0,8883,60,35.0
23475,31,286,9.225806451612904,1685,Slow-Moving Products,Zone D,60.0,8866,60,0.0
23027,30,295,9.833333333333334,844,Slow-Moving Products,Zone D,60.0,8850,60,0.0
22510,42,210,5.0,1070,Slow-Moving Products,Zone D,60.0,8820,60,0.0
21579,50,176,3.52,2216,Active/Regular Products,Zone B,25.0,8800,60,35.0
85049a,36,244,6.777777777777778,974,Slow-Moving Products,Zone D,60.0,8784,60,0.0
81952V,24,365,14.6,800,Slow-Moving Products,Zone D,60.0,8760,60,0.0
23073,61,143,2.3442622950819674,1166,Slow-Moving Products,Zone D,60.0,8723,60,0.0
84931B,49,177,3.6122448979591835,2277,Active/Regular Products,Zone B,25.0,8673,60,35.0
21808,48,180,3.75,2201,Active/Regular Products,Zone B,25.0,8640,60,35.0
84968D,55,157,2.8545454545454545,2265,Active/Regular Products,Zone B,25.0,8635,60,35.0
16156L,18,475,26.38888888888889,465,Slow-Moving Products,Zone D,60.0,8550,60,0.0
77101A,22,387,17.59090909090909,924,Slow-Moving Products,Zone D,60.0,8514,60,0.0
84422,15,566,37.733333333333334,1306,Slow-Moving Products,Zone D,60.0,8490,60,0.0
84795B,48,176,3.6666666666666665,1411,Slow-Moving Products,Zone D,60.0,8448,60,0.0
20775,63,134,2.09375,2580,Active/Regular Products,Zone B,25.0,8442,60,35.0
20831,39,216,5.538461538461538,1838,Slow-Moving Products,Zone D,60.0,8424,60,0.0
21261,45,187,4.155555555555556,2230,Active/Regular Products,Zone B,25.0,8415,60,35.0
85170B,39,215,5.512820512820513,2233,Active/Regular Products,Zone B,25.0,8385,60,35.0
84535A,21,399,19.0,836,Slow-Moving Products,Zone D,60.0,8379,60,0.0
21251,46,182,3.9565217391304346,2084,Active/Regular Products,Zone B,25.0,8372,60,35.0
21253,62,134,2.161290322580645,2410,Active/Regular Products,Zone B,25.0,8308,60,35.0
84843,48,172,3.510204081632653,1831,Active/Regular Products,Zone B,25.0,8256,60,35.0
22281,63,131,2.0793650793650795,1817,Active/Regular Products,Zone B,25.0,8253,60,35.0
21002,66,125,1.893939393939394,2384,Active/Regular Products,Zone B,25.0,8250,60,35.0
21286,30,273,9.1,2130,Active/Regular Products,Zone B,25.0,8190,60,35.0
90209C,31,263,8.483870967741936,2450,Active/Regular Products,Zone B,25.0,8153,60,35.0
18094C,42,192,4.571428571428571,2099,Active/Regular Products,Zone B,25.0,8064,60,35.0
84820,31,259,8.35483870967742,846,Slow-Moving Products,Zone D,60.0,8029,60,0.0
84228,27,297,11.0,1613,Slow-Moving Products,Zone D,60.0,8019,60,0.0
23099,58,137,2.3220338983050848,1695,Slow-Moving Products,Zone D,60.0,7946,60,0.0
84800L,22,360,16.363636363636363,530,Slow-Moving Products,Zone D,60.0,7920,60,0.0
22954,40,197,4.925,1876,Active/Regular Products,Zone B,25.0,7880,60,35.0
22060,34,231,6.6,689,Slow-Moving Products,Zone D,60.0,7854,60,0.0
21709,59,133,2.2542372881355934,2393,Active/Regular Products,Zone B,25.0,7847,60,35.0
17107D,46,170,3.6956521739130435,1437,Slow-Moving Products,Zone D,60.0,7820,60,0.0
23567,37,211,5.552631578947368,2100,Active/Regular Products,Zone B,25.0,7807,60,35.0
35653,52,150,2.8846153846153846,2376,Active/Regular Products,Zone B,25.0,7800,60,35.0
35914,40,195,4.875,1752,Slow-Moving Products,Zone D,60.0,7800,60,0.0
79144C,51,152,2.980392156862745,2673,Active/Regular Products,Zone B,25.0,7752,60,35.0
23533,36,215,5.972222222222222,1698,Slow-Moving Products,Zone D,60.0,7740,60,0.0
23597,31,249,8.03225806451613,1405,Slow-Moving Products,Zone D,60.0,7719,60,0.0
21197,27,284,10.518518518518519,2050,Active/Regular Products,Zone B,25.0,7668,60,35.0
71101E,22,346,15.727272727272727,730,Slow-Moving Products,Zone D,60.0,7612,60,0.0
20761,63,120,1.9047619047619047,2288,Active/Regular Products,Zone B,25.0,7560,60,35.0
47591d,56,134,2.392857142857143,844,Slow-Moving Products,Zone D,60.0,7504,60,0.0
20654,49,152,3.04,2591,Active/Regular Products,Zone B,25.0,7448,60,35.0
22033,22,337,15.318181818181818,1003,Slow-Moving Products,Zone D,60.0,7414,60,0.0
21696,33,224,6.787878787878788,1421,Slow-Moving Products,Zone D,60.0,7392,60,0.0
21694,24,307,12.791666666666666,1113,Slow-Moving Products,Zone D,60.0,7368,60,0.0
21367,43,171,3.9767441860465116,2112,Active/Regular Products,Zone B,25.0,7353,60,35.0
75131,15,490,32.666666666666664,934,Slow-Moving Products,Zone D,60.0,7350,60,0.0
23576,37,198,5.2105263157894735,1799,Slow-Moving Products,Zone D,60.0,7326,60,0.0
21361,69,106,1.536231884057971,1938,Active/Regular Products,Zone B,25.0,7314,60,35.0
85086A,50,146,2.92,2045,Active/Regular Products,Zone B,25.0,7300,60,35.0
90214A,56,130,2.3214285714285716,2537,Active/Regular Products,Zone B,25.0,7280,60,35.0
23150,49,148,3.020408163265306,1946,Active/Regular Products,Zone B,25.0,7252,60,35.0
23455,35,207,5.75,816,Slow-Moving Products,Zone D,60.0,7245,60,0.0
23661,33,219,6.4411764705882355,1923,Active/Regular Products,Zone B,25.0,7227,60,35.0
85095,48,150,3.125,2478,Active/Regular Products,Zone B,25.0,7200,60,35.0
84876B,33,218,6.411764705882353,2048,Active/Regular Products,Zone B,25.0,7194,60,35.0
20932,35,204,5.828571428571428,2150,Active/Regular Products,Zone B,25.0,7140,60,35.0
84510C,54,132,2.4444444444444446,2501,Active/Regular Products,Zone B,25.0,7128,60,35.0
84827,14,509,31.8125,560,Slow-Moving Products,Zone D,60.0,7126,60,0.0
85135C,67,106,1.5588235294117647,2267,Active/Regular Products,Zone B,25.0,7102,60,35.0
84509a,68,104,1.5294117647058822,954,Slow-Moving Products,Zone D,60.0,7072,60,0.0
23070,44,160,3.6363636363636362,1949,Active/Regular Products,Zone B,25.0,7040,60,35.0
84051,25,281,10.807692307692308,1103,Slow-Moving Products,Zone D,60.0,7025,60,0.0
21263,42,167,3.883720930232558,1893,Active/Regular Products,Zone B,25.0,7014,60,35.0
21027,42,167,3.883720930232558,1992,Active/Regular Products,Zone B,25.0,7014,60,35.0
44235,13,538,35.86666666666667,381,Slow-Moving Products,Zone D,60.0,6994,60,0.0
20893,26,268,10.307692307692308,1615,Slow-Moving Products,Zone D,60.0,6968,60,0.0
21850,54,129,2.388888888888889,2603,Active/Regular Products,Zone B,25.0,6966,60,35.0
17013D,13,535,41.15384615384615,915,Slow-Moving Products,Zone D,60.0,6955,60,0.0
20766,57,122,2.103448275862069,2285,Active/Regular Products,Zone B,25.0,6954,60,35.0
72128,36,193,5.361111111111111,1762,Slow-Moving Products,Zone D,60.0,6948,60,0.0
46776C,59,117,1.9830508474576272,2706,Active/Regular Products,Zone B,25.0,6903,60,35.0
84997a,65,106,1.6307692307692307,926,Slow-Moving Products,Zone D,60.0,6890,60,0.0
21644,32,215,6.323529411764706,989,Slow-Moving Products,Zone D,60.0,6880,60,0.0
23023,25,274,10.96,993,Slow-Moving Products,Zone D,60.0,6850,60,0.0
23115,45,152,3.3777777777777778,1747,Slow-Moving Products,Zone D,60.0,6840,60,0.0
35599D,34,201,5.911764705882353,2063,Active/Regular Products,Zone B,25.0,6834,60,35.0
84931A,51,133,2.607843137254902,2387,Active/Regular Products,Zone B,25.0,6783,60,35.0
85107,27,249,8.586206896551724,948,Slow-Moving Products,Zone D,60.0,6723,60,0.0
84247E,48,140,2.9166666666666665,2071,Active/Regular Products,Zone B,25.0,6720,60,35.0
23114,45,149,3.311111111111111,1788,Slow-Moving Products,Zone D,60.0,6705,60,0.0
22221,51,131,2.5686274509803924,1968,Active/Regular Products,Zone B,25.0,6681,60,35.0
20758,42,159,3.6136363636363638,1301,Slow-Moving Products,Zone D,60.0,6678,60,0.0
10080,22,303,13.772727272727273,908,Slow-Moving Products,Zone D,60.0,6666,60,0.0
71279,38,175,4.487179487179487,2083,Active/Regular Products,Zone B,25.0,6650,60,35.0
84509C,51,130,2.549019607843137,2481,Active/Regular Products,Zone B,25.0,6630,60,35.0
23136,49,135,2.7551020408163267,1619,Slow-Moving Products,Zone D,60.0,6615,60,0.0
23481,29,228,7.125,1135,Slow-Moving Products,Zone D,60.0,6612,60,0.0
71143,37,178,4.8108108108108105,2362,Active/Regular Products,Zone B,25.0,6586,60,35.0
21458,36,182,5.055555555555555,1727,Slow-Moving Products,Zone D,60.0,6552,60,0.0
79067,38,172,4.526315789473684,1801,Slow-Moving Products,Zone D,60.0,6536,60,0.0
37501,49,133,2.7142857142857144,1734,Slow-Moving Products,Zone D,60.0,6517,60,0.0
23532,31,210,6.774193548387097,1572,Slow-Moving Products,Zone D,60.0,6510,60,0.0
23484,35,185,5.138888888888889,1871,Active/Regular Products,Zone B,25.0,6475,60,35.0
84916,29,223,7.689655172413793,1754,Slow-Moving Products,Zone D,60.0,6467,60,0.0
85064,30,215,7.166666666666667,1697,Slow-Moving Products,Zone D,60.0,6450,60,0.0
79337,10,644,64.4,187,Slow-Moving Products,Zone D,60.0,6440,60,0.0
20681,46,140,2.978723404255319,1658,Slow-Moving Products,Zone D,60.0,6440,60,0.0
21721,33,195,5.571428571428571,2058,Active/Regular Products,Zone B,25.0,6435,60,35.0
35819B,24,268,9.925925925925926,998,Slow-Moving Products,Zone D,60.0,6432,60,0.0
84813,38,166,4.368421052631579,2090,Active/Regular Products,Zone B,25.0,6308,60,35.0
20902,56,112,2.0,2449,Active/Regular Products,Zone B,25.0,6272,60,35.0
23444,79,79,1.0,707,Slow-Moving Products,Zone D,60.0,6241,60,0.0
16052,13,479,36.84615384615385,1351,Slow-Moving Products,Zone D,60.0,6227,60,0.0
22447,45,137,3.0444444444444443,2292,Active/Regular Products,Zone B,25.0,6165,60,35.0
84806B,20,308,15.4,671,Slow-Moving Products,Zone D,60.0,6160,60,0.0
21161,43,143,3.1777777777777776,1771,Slow-Moving Products,Zone D,60.0,6149,60,0.0
20765,59,102,1.728813559322034,1971,Active/Regular Products,Zone B,25.0,6018,60,35.0
23071,19,315,15.75,709,Slow-Moving Products,Zone D,60.0,5985,60,0.0
17136A,17,352,20.705882352941178,489,Slow-Moving Products,Zone D,60.0,5984,60,0.0
23180,49,122,2.489795918367347,2100,Active/Regular Products,Zone B,25.0,5978,60,35.0
75178,13,459,35.30769230769231,1111,Slow-Moving Products,Zone D,60.0,5967,60,0.0
21943,50,119,2.38,2601,Active/Regular Products,Zone B,25.0,5950,60,35.0
35001G,30,198,6.1875,1579,Slow-Moving Products,Zone D,60.0,5940,60,0.0
20762,56,106,1.8928571428571428,2164,Active/Regular Products,Zone B,25.0,5936,60,35.0
23579,35,169,4.828571428571428,1894,Active/Regular Products,Zone B,25.0,5915,60,35.0
72130,27,219,7.821428571428571,1529,Slow-Moving Products,Zone D,60.0,5913,60,0.0
21741,40,147,3.675,2015,Active/Regular Products,Zone B,25.0,5880,60,35.0
35599B,27,217,8.037037037037036,1543,Slow-Moving Products,Zone D,60.0,5859,60,0.0
51020A,18,325,18.055555555555557,527,Slow-Moving Products,Zone D,60.0,5850,60,0.0
22770,62,94,1.5161290322580645,1695,Slow-Moving Products,Zone D,60.0,5828,60,0.0
21089,25,233,9.32,725,Slow-Moving Products,Zone D,60.0,5825,60,0.0
84968E,44,132,3.0,1987,Active/Regular Products,Zone B,25.0,5808,60,35.0
22786,47,123,2.617021276595745,1820,Slow-Moving Products,Zone D,60.0,5781,60,0.0
85049g,51,113,2.215686274509804,227,Slow-Moving Products,Zone D,60.0,5763,60,0.0
47570B,31,185,5.967741935483871,1303,Slow-Moving Products,Zone D,60.0,5735,60,0.0
23575,32,179,5.264705882352941,1856,Slow-Moving Products,Zone D,60.0,5728,60,0.0
23456,36,158,4.388888888888889,777,Slow-Moving Products,Zone D,60.0,5688,60,0.0
85114c,35,162,4.628571428571429,887,Slow-Moving Products,Zone D,60.0,5670,60,0.0
47469,12,469,29.3125,576,Slow-Moving Products,Zone D,60.0,5628,60,0.0
20702,42,134,3.1904761904761907,1235,Slow-Moving Products,Zone D,60.0,5628,60,0.0
22889,33,169,5.121212121212121,2236,Active/Regular Products,Zone B,25.0,5577,60,35.0
23039,28,199,6.862068965517241,1517,Slow-Moving Products,Zone D,60.0,5572,60,0.0
10120,29,192,6.620689655172414,1001,Slow-Moving Products,Zone D,60.0,5568,60,0.0
84920,48,115,2.3958333333333335,2343,Active/Regular Products,Zone B,25.0,5520,60,35.0
23104,46,118,2.5652173913043477,1567,Slow-Moving Products,Zone D,60.0,5428,60,0.0
47594A,50,108,2.16,2130,Active/Regular Products,Zone B,25.0,5400,60,35.0
72800B,38,142,3.641025641025641,1300,Slow-Moving Products,Zone D,60.0,5396,60,0.0
15056bl,62,87,1.403225806451613,973,Slow-Moving Products,Zone D,60.0,5394,60,0.0
84952B,29,186,6.413793103448276,1969,Active/Regular Products,Zone B,25.0,5394,60,35.0
21368,33,163,4.9393939393939394,1278,Slow-Moving Products,Zone D,60.0,5379,60,0.0
23519,24,224,9.333333333333334,1344,Slow-Moving Products,Zone D,60.0,5376,60,0.0
23520,32,167,5.21875,1314,Slow-Moving Products,Zone D,60.0,5344,60,0.0
85125,33,161,4.878787878787879,1911,Active/Regular Products,Zone B,25.0,5313,60,35.0
23421,33,160,4.848484848484849,1712,Slow-Moving Products,Zone D,60.0,5280,60,0.0
21633,42,125,2.9761904761904763,2164,Active/Regular Products,Zone B,25.0,5250,60,35.0
23420,32,164,5.125,1642,Slow-Moving Products,Zone D,60.0,5248,60,0.0
20869,29,180,6.0,1987,Active/Regular Products,Zone B,25.0,5220,60,35.0
37479P,32,163,4.9393939393939394,1644,Slow-Moving Products,Zone D,60.0,5216,60,0.0
20757,33,158,4.647058823529412,1370,Slow-Moving Products,Zone D,60.0,5214,60,0.0
47556B,2,2600,1300.0,4,Slow-Moving Products,Zone D,60.0,5200,60,0.0
47481,23,225,9.782608695652174,1508,Slow-Moving Products,Zone D,60.0,5175,60,0.0
22641,37,139,3.7567567567567566,2185,Active/Regular Products,Zone B,25.0,5143,60,35.0
23064,23,221,9.608695652173912,798,Slow-Moving Products,Zone D,60.0,5083,60,0.0
84251C,40,127,3.175,2020,Active/Regular Products,Zone B,25.0,5080,60,35.0
21587,26,195,6.724137931034483,879,Slow-Moving Products,Zone D,60.0,5070,60,0.0
72127,30,169,5.451612903225806,1156,Slow-Moving Products,Zone D,60.0,5070,60,0.0
84218,41,123,3.0,1174,Slow-Moving Products,Zone D,60.0,5043,60,0.0
35912B,20,252,12.6,811,Slow-Moving Products,Zone D,60.0,5040,60,0.0
22289,34,148,4.228571428571429,1997,Active/Regular Products,Zone B,25.0,5032,60,35.0
20830,37,136,3.675675675675676,1981,Active/Regular Products,Zone B,25.0,5032,60,35.0
22395,33,152,4.606060606060606,2330,Active/Regular Products,Zone B,25.0,5016,60,35.0
35818P,19,263,13.842105263157896,1007,Slow-Moving Products,Zone D,60.0,4997,60,0.0
21000,52,96,1.8461538461538463,2693,Active/Regular Products,Zone B,25.0,4992,60,35.0
84915,23,217,9.434782608695652,2128,Active/Regular Products,Zone B,25.0,4991,60,35.0
23479,44,113,2.5681818181818183,1432,Slow-Moving Products,Zone D,60.0,4972,60,0.0
84917,27,184,6.814814814814815,1807,Slow-Moving Products,Zone D,60.0,4968,60,0.0
21377,41,121,2.951219512195122,2471,Active/Regular Products,Zone B,25.0,4961,60,35.0
84313B,39,127,3.2564102564102564,1922,Active/Regular Products,Zone B,25.0,4953,60,35.0
23142,40,121,3.025,1205,Slow-Moving Products,Zone D,60.0,4840,60,0.0
21378,34,142,4.176470588235294,2330,Active/Regular Products,Zone B,25.0,4828,60,35.0
47367B,43,112,2.604651162790698,2317,Active/Regular Products,Zone B,25.0,4816,60,35.0
21710,45,107,2.3777777777777778,2222,Active/Regular Products,Zone B,25.0,4815,60,35.0
85040B,35,137,3.8055555555555554,1298,Slow-Moving Products,Zone D,60.0,4795,60,0.0
21973,30,159,5.3,909,Slow-Moving Products,Zone D,60.0,4770,60,0.0
79191B,30,159,5.3,1703,Slow-Moving Products,Zone D,60.0,4770,60,0.0
35637A,28,170,6.071428571428571,1522,Slow-Moving Products,Zone D,60.0,4760,60,0.0
85200,26,183,6.777777777777778,785,Slow-Moving Products,Zone D,60.0,4758,60,0.0
84249A,27,174,6.444444444444445,2051,Active/Regular Products,Zone B,25.0,4698,60,35.0
85141,39,120,3.076923076923077,806,Slow-Moving Products,Zone D,60.0,4680,60,0.0
23460,43,108,2.511627906976744,810,Slow-Moving Products,Zone D,60.0,4644,60,0.0
20903,56,82,1.4642857142857142,2313,Active/Regular Products,Zone B,25.0,4592,60,35.0
21815,29,158,5.266666666666667,2099,Active/Regular Products,Zone B,25.0,4582,60,35.0
22391,29,158,5.448275862068965,1972,Active/Regular Products,Zone B,25.0,4582,60,35.0
85049e,42,109,2.5952380952380953,982,Slow-Moving Products,Zone D,60.0,4578,60,0.0
21631,27,169,6.2592592592592595,1389,Slow-Moving Products,Zone D,60.0,4563,60,0.0
21472,37,123,3.324324324324324,1201,Slow-Moving Products,Zone D,60.0,4551,60,0.0
72800C,35,130,3.7142857142857144,1526,Slow-Moving Products,Zone D,60.0,4550,60,0.0
22882,42,108,2.5714285714285716,2339,Active/Regular Products,Zone B,25.0,4536,60,35.0
90200E,44,103,2.340909090909091,2544,Active/Regular Products,Zone B,25.0,4532,60,35.0
35241,44,103,2.340909090909091,1791,Slow-Moving Products,Zone D,60.0,4532,60,0.0
84859A,35,129,3.5833333333333335,2036,Active/Regular Products,Zone B,25.0,4515,60,35.0
22512,37,122,3.2972972972972974,1662,Slow-Moving Products,Zone D,60.0,4514,60,0.0
23476,22,205,9.318181818181818,1534,Slow-Moving Products,Zone D,60.0,4510,60,0.0
21445,21,214,10.19047619047619,923,Slow-Moving Products,Zone D,60.0,4494,60,0.0
23560,26,172,6.615384615384615,1617,Slow-Moving Products,Zone D,60.0,4472,60,0.0
84030e,41,108,2.4545454545454546,243,Slow-Moving Products,Zone D,60.0,4428,60,0.0
21826,35,125,3.3783783783783785,1867,Active/Regular Products,Zone B,25.0,4375,60,35.0
90200B,47,93,1.9787234042553192,2470,Active/Regular Products,Zone B,25.0,4371,60,35.0
84531B,28,155,5.535714285714286,1212,Slow-Moving Products,Zone D,60.0,4340,60,0.0
21635,16,271,16.9375,635,Slow-Moving Products,Zone D,60.0,4336,60,0.0
21030,33,131,3.8529411764705883,1851,Slow-Moving Products,Zone D,60.0,4323,60,0.0
84584,30,144,4.8,1694,Slow-Moving Products,Zone D,60.0,4320,60,0.0
72799F,30,144,4.8,1628,Slow-Moving Products,Zone D,60.0,4320,60,0.0
35933,19,226,11.894736842105264,1161,Slow-Moving Products,Zone D,60.0,4294,60,0.0
84199,31,138,4.3125,1048,Slow-Moving Products,Zone D,60.0,4278,60,0.0
84707A,45,95,2.111111111111111,2365,Active/Regular Products,Zone B,25.0,4275,60,35.0
17091A,25,171,6.84,636,Slow-Moving Products,Zone D,60.0,4275,60,0.0
21456,25,171,6.84,1005,Slow-Moving Products,Zone D,60.0,4275,60,0.0
84531A,29,147,4.9,1215,Slow-Moving Products,Zone D,60.0,4263,60,0.0
22802,49,87,1.7755102040816326,1544,Slow-Moving Products,Zone D,60.0,4263,60,0.0
22869,44,96,2.1818181818181817,2148,Active/Regular Products,Zone B,25.0,4224,60,35.0
22408,29,145,5.0,1963,Active/Regular Products,Zone B,25.0,4205,60,35.0
21421,14,299,21.357142857142858,701,Slow-Moving Products,Zone D,60.0,4186,60,0.0
23117,45,93,2.066666666666667,1629,Slow-Moving Products,Zone D,60.0,4185,60,0.0
90161C,50,83,1.66,2667,Active/Regular Products,Zone B,25.0,4150,60,35.0
20734,26,158,5.851851851851852,221,Slow-Moving Products,Zone D,60.0,4108,60,0.0
21366,46,89,1.8936170212765957,2561,Active/Regular Products,Zone B,25.0,4094,60,35.0
20771,40,102,2.55,2151,Active/Regular Products,Zone B,25.0,4080,60,35.0
85230F,12,338,28.166666666666668,296,Slow-Moving Products,Zone D,60.0,4056,60,0.0
85215,18,223,12.38888888888889,1425,Slow-Moving Products,Zone D,60.0,4014,60,0.0
20705,28,143,5.107142857142857,930,Slow-Moving Products,Zone D,60.0,4004,60,0.0
85103,28,143,5.107142857142857,1708,Slow-Moving Products,Zone D,60.0,4004,60,0.0
21678,32,125,3.90625,2316,Active/Regular Products,Zone B,25.0,4000,60,35.0
20617,43,93,2.1627906976744184,2307,Active/Regular Products,Zone B,25.0,3999,60,35.0
20699,41,97,2.3658536585365852,2121,Active/Regular Products,Zone B,25.0,3977,60,35.0
84673A,43,92,2.090909090909091,1931,Active/Regular Products,Zone B,25.0,3956,60,35.0
35810B,26,152,5.846153846153846,1274,Slow-Moving Products,Zone D,60.0,3952,60,0.0
20700,54,73,1.3518518518518519,2350,Active/Regular Products,Zone B,25.0,3942,60,35.0
23417,27,146,5.214285714285714,1828,Slow-Moving Products,Zone D,60.0,3942,60,0.0
21427,41,96,2.341463414634146,1148,Slow-Moving Products,Zone D,60.0,3936,60,0.0
23037,20,196,9.8,1075,Slow-Moving Products,Zone D,60.0,3920,60,0.0
46000R,38,103,2.710526315789474,993,Slow-Moving Products,Zone D,60.0,3914,60,0.0
90200A,50,78,1.56,2643,Active/Regular Products,Zone B,25.0,3900,60,35.0
22394,23,168,7.304347826086956,1672,Slow-Moving Products,Zone D,60.0,3864,60,0.0
90214S,41,94,2.292682926829268,2429,Active/Regular Products,Zone B,25.0,3854,60,35.0
85179C,36,106,2.9444444444444446,2475,Active/Regular Products,Zone B,25.0,3816,60,35.0
20774,44,86,1.9111111111111112,1888,Active/Regular Products,Zone B,25.0,3784,60,35.0
21317,34,111,3.1714285714285713,1791,Slow-Moving Products,Zone D,60.0,3774,60,0.0
23537,34,111,3.264705882352941,1902,Active/Regular Products,Zone B,25.0,3774,60,35.0
85136A,53,71,1.3148148148148149,2086,Active/Regular Products,Zone B,25.0,3763,60,35.0
21711,36,104,2.888888888888889,2056,Active/Regular Products,Zone B,25.0,3744,60,35.0
21320,19,197,9.85,1117,Slow-Moving Products,Zone D,60.0,3743,60,0.0
21359,29,129,4.448275862068965,1190,Slow-Moving Products,Zone D,60.0,3741,60,0.0
23478,13,285,21.923076923076923,1463,Slow-Moving Products,Zone D,60.0,3705,60,0.0
47503H,37,100,2.5,1797,Slow-Moving Products,Zone D,60.0,3700,60,0.0
85129B,31,119,3.838709677419355,2175,Active/Regular Products,Zone B,25.0,3689,60,35.0
23462,46,80,1.7391304347826086,1073,Slow-Moving Products,Zone D,60.0,3680,60,0.0
85124C,39,94,2.41025641025641,1895,Active/Regular Products,Zone B,25.0,3666,60,35.0
21001,50,73,1.46,2649,Active/Regular Products,Zone B,25.0,3650,60,35.0
85124B,39,93,2.3846153846153846,2246,Active/Regular Products,Zone B,25.0,3627,60,35.0
22870,39,93,2.325,2124,Active/Regular Products,Zone B,25.0,3627,60,35.0
21003,46,78,1.6956521739130435,2337,Active/Regular Products,Zone B,25.0,3588,60,35.0
85211,24,149,5.730769230769231,1601,Slow-Moving Products,Zone D,60.0,3576,60,0.0
84563B,38,94,2.473684210526316,1756,Slow-Moving Products,Zone D,60.0,3572,60,0.0
78124,18,198,11.0,551,Slow-Moving Products,Zone D,60.0,3564,60,0.0
22884,36,99,2.75,2086,Active/Regular Products,Zone B,25.0,3564,60,35.0
85232B,13,274,21.076923076923077,1253,Slow-Moving Products,Zone D,60.0,3562,60,0.0
85205B,29,122,4.066666666666666,1049,Slow-Moving Products,Zone D,60.0,3538,60,0.0
21351,34,104,2.888888888888889,1457,Slow-Moving Products,Zone D,60.0,3536,60,0.0
21722,36,98,2.7222222222222223,2494,Active/Regular Products,Zone B,25.0,3528,60,35.0
23487,44,80,1.8181818181818181,1585,Slow-Moving Products,Zone D,60.0,3520,60,0.0
90214L,37,94,2.5405405405405403,2230,Active/Regular Products,Zone B,25.0,3478,60,35.0
23457,31,112,3.6129032258064515,903,Slow-Moving Products,Zone D,60.0,3472,60,0.0
23496,31,112,3.6129032258064515,1779,Slow-Moving Products,Zone D,60.0,3472,60,0.0
22881,34,102,3.0,2058,Active/Regular Products,Zone B,25.0,3468,60,35.0
85104,17,201,11.823529411764707,1147,Slow-Moving Products,Zone D,60.0,3417,60,0.0
20936,34,100,2.9411764705882355,2074,Active/Regular Products,Zone B,25.0,3400,60,35.0
22503,34,99,2.911764705882353,2043,Active/Regular Products,Zone B,25.0,3366,60,35.0
84563A,35,96,2.742857142857143,1745,Slow-Moving Products,Zone D,60.0,3360,60,0.0
16033,4,840,210.0,89,Slow-Moving Products,Zone D,60.0,3360,60,0.0
84661B,29,115,3.9655172413793105,2246,Active/Regular Products,Zone B,25.0,3335,60,35.0
21911,29,114,3.9310344827586206,1621,Slow-Moving Products,Zone D,60.0,3306,60,0.0
23416,25,132,5.28,1743,Slow-Moving Products,Zone D,60.0,3300,60,0.0
90198A,44,75,1.7045454545454546,2650,Active/Regular Products,Zone B,25.0,3300,60,35.0
72801d,44,75,1.7045454545454546,827,Slow-Moving Products,Zone D,60.0,3300,60,0.0
82001s,27,122,4.518518518518518,808,Slow-Moving Products,Zone D,60.0,3294,60,0.0
46776D,37,89,2.4054054054054053,2445,Active/Regular Products,Zone B,25.0,3293,60,35.0
79063C,14,235,16.785714285714285,838,Slow-Moving Products,Zone D,60.0,3290,60,0.0
23544,20,164,8.2,413,Slow-Moving Products,Zone D,60.0,3280,60,0.0
84457,26,126,4.666666666666667,1304,Slow-Moving Products,Zone D,60.0,3276,60,0.0
23021,27,120,4.444444444444445,882,Slow-Moving Products,Zone D,60.0,3240,60,0.0
22883,32,100,3.125,2230,Active/Regular Products,Zone B,25.0,3200,60,35.0
90170,37,85,2.2972972972972974,2527,Active/Regular Products,Zone B,25.0,3145,60,35.0
22880,32,97,3.03125,2086,Active/Regular Products,Zone B,25.0,3104,60,35.0
21457,25,124,4.96,1139,Slow-Moving Products,Zone D,60.0,3100,60,0.0
35968,19,163,8.578947368421053,1211,Slow-Moving Products,Zone D,60.0,3097,60,0.0
21319,19,161,8.473684210526315,1469,Slow-Moving Products,Zone D,60.0,3059,60,0.0
90030B,25,122,4.88,1922,Active/Regular Products,Zone B,25.0,3050,60,35.0
85163B,36,84,2.3333333333333335,2186,Active/Regular Products,Zone B,25.0,3024,60,35.0
84877B,21,144,6.857142857142857,1583,Slow-Moving Products,Zone D,60.0,3024,60,0.0
37475,43,70,1.627906976744186,1740,Slow-Moving Products,Zone D,60.0,3010,60,0.0
90214C,33,91,2.757575757575758,2324,Active/Regular Products,Zone B,25.0,3003,60,35.0
90119,36,83,2.3055555555555554,2241,Active/Regular Products,Zone B,25.0,2988,60,35.0
21629,42,71,1.6904761904761905,2142,Active/Regular Products,Zone B,25.0,2982,60,35.0
21131,28,106,3.7857142857142856,1912,Active/Regular Products,Zone B,25.0,2968,60,35.0
90214K,38,78,2.0526315789473686,2280,Active/Regular Products,Zone B,25.0,2964,60,35.0
21627,47,63,1.3404255319148937,2059,Active/Regular Products,Zone B,25.0,2961,60,35.0
51020B,15,197,13.133333333333333,469,Slow-Moving Products,Zone D,60.0,2955,60,0.0
23045,25,118,4.72,701,Slow-Moving Products,Zone D,60.0,2950,60,0.0
23036,16,184,11.5,730,Slow-Moving Products,Zone D,60.0,2944,60,0.0
85135B,45,65,1.4130434782608696,1931,Active/Regular Products,Zone B,25.0,2925,60,35.0
35916B,32,91,2.84375,2090,Active/Regular Products,Zone B,25.0,2912,60,35.0
90214J,41,71,1.7317073170731707,2351,Active/Regular Products,Zone B,25.0,2911,60,35.0
21032,30,97,3.2333333333333334,2110,Active/Regular Products,Zone B,25.0,2910,60,35.0
22194,44,66,1.5,1689,Slow-Moving Products,Zone D,60.0,2904,60,0.0
23580,25,116,4.64,1446,Slow-Moving Products,Zone D,60.0,2900,60,0.0
71406C,21,138,6.571428571428571,900,Slow-Moving Products,Zone D,60.0,2898,60,0.0
20836,17,170,10.0,445,Slow-Moving Products,Zone D,60.0,2890,60,0.0
23042,28,103,3.6785714285714284,1048,Slow-Moving Products,Zone D,60.0,2884,60,0.0
47559b,28,103,3.6785714285714284,498,Slow-Moving Products,Zone D,60.0,2884,60,0.0
90116,45,64,1.4222222222222223,2543,Active/Regular Products,Zone B,25.0,2880,60,35.0
90086,28,102,3.642857142857143,2281,Active/Regular Products,Zone B,25.0,2856,60,35.0
23069,32,88,2.75,845,Slow-Moving Products,Zone D,60.0,2816,60,0.0
90161B,37,76,2.054054054054054,2549,Active/Regular Products,Zone B,25.0,2812,60,35.0
23024,11,255,23.181818181818183,294,Slow-Moving Products,Zone D,60.0,2805,60,0.0
84823,25,112,4.48,338,Slow-Moving Products,Zone D,60.0,2800,60,0.0
20684,35,80,2.2857142857142856,1574,Slow-Moving Products,Zone D,60.0,2800,60,0.0
21293,24,116,4.64,1874,Slow-Moving Products,Zone D,60.0,2784,60,0.0
46000U,26,107,4.115384615384615,703,Slow-Moving Products,Zone D,60.0,2782,60,0.0
84192,25,111,4.269230769230769,738,Slow-Moving Products,Zone D,60.0,2775,60,0.0
72801C,19,145,7.631578947368421,1506,Slow-Moving Products,Zone D,60.0,2755,60,0.0
37479B,21,131,6.238095238095238,989,Slow-Moving Products,Zone D,60.0,2751,60,0.0
72780,20,137,6.85,759,Slow-Moving Products,Zone D,60.0,2740,60,0.0
23561,16,170,10.625,1319,Slow-Moving Products,Zone D,60.0,2720,60,0.0
20769,34,80,2.3529411764705883,1984,Active/Regular Products,Zone B,25.0,2720,60,35.0
37467,17,159,9.352941176470589,1469,Slow-Moving Products,Zone D,60.0,2703,60,0.0
72800D,31,87,2.806451612903226,980,Slow-Moving Products,Zone D,60.0,2697,60,0.0
22885,28,96,3.4285714285714284,2094,Active/Regular Products,Zone B,25.0,2688,60,35.0
90087,25,107,4.28,2269,Active/Regular Products,Zone B,25.0,2675,60,35.0
21647,25,107,4.28,792,Slow-Moving Products,Zone D,60.0,2675,60,0.0
20794,27,99,3.5357142857142856,2115,Active/Regular Products,Zone B,25.0,2673,60,35.0
84924A,33,81,2.4545454545454546,1831,Slow-Moving Products,Zone D,60.0,2673,60,0.0
35004G,21,127,6.0476190476190474,648,Slow-Moving Products,Zone D,60.0,2667,60,0.0
21157,34,78,2.2941176470588234,860,Slow-Moving Products,Zone D,60.0,2652,60,0.0
84796A,43,61,1.4186046511627908,1972,Active/Regular Products,Zone B,25.0,2623,60,35.0
84875B,20,131,6.55,1592,Slow-Moving Products,Zone D,60.0,2620,60,0.0
21425,30,87,2.9,1124,Slow-Moving Products,Zone D,60.0,2610,60,0.0
20897,24,107,4.458333333333333,1937,Active/Regular Products,Zone B,25.0,2568,60,35.0
47420,13,196,14.0,675,Slow-Moving Products,Zone D,60.0,2548,60,0.0
46776E,38,67,1.763157894736842,2401,Active/Regular Products,Zone B,25.0,2546,60,35.0
23428,33,77,2.3333333333333335,1704,Slow-Moving Products,Zone D,60.0,2541,60,0.0
23044,25,101,3.8846153846153846,882,Slow-Moving Products,Zone D,60.0,2525,60,0.0
35916A,29,87,3.0,2049,Active/Regular Products,Zone B,25.0,2523,60,35.0
16049,5,504,100.8,167,Slow-Moving Products,Zone D,60.0,2520,60,0.0
84687,31,81,2.6129032258064515,1482,Slow-Moving Products,Zone D,60.0,2511,60,0.0
21784,44,57,1.2954545454545454,1567,Slow-Moving Products,Zone D,60.0,2508,60,0.0
71403,33,76,2.303030303030303,1989,Active/Regular Products,Zone B,25.0,2508,60,35.0
21847,33,76,2.303030303030303,2218,Active/Regular Products,Zone B,25.0,2508,60,35.0
21265,19,131,6.894736842105263,1186,Slow-Moving Products,Zone D,60.0,2489,60,0.0
21372,33,75,2.272727272727273,1799,Slow-Moving Products,Zone D,60.0,2475,60,0.0
22878,33,75,2.272727272727273,2080,Active/Regular Products,Zone B,25.0,2475,60,35.0
21689,26,95,3.6538461538461537,934,Slow-Moving Products,Zone D,60.0,2470,60,0.0
21279,29,85,2.9310344827586206,2084,Active/Regular Products,Zone B,25.0,2465,60,35.0
21128,36,68,1.8888888888888888,2246,Active/Regular Products,Zone B,25.0,2448,60,35.0
72131,18,136,7.555555555555555,601,Slow-Moving Products,Zone D,60.0,2448,60,0.0
84247L,19,128,6.7368421052631575,1541,Slow-Moving Products,Zone D,60.0,2432,60,0.0
90134,45,54,1.2,2694,Active/Regular Products,Zone B,25.0,2430,60,35.0
21630,35,69,1.9714285714285715,1919,Active/Regular Products,Zone B,25.0,2415,60,35.0
20653,33,73,2.212121212121212,2340,Active/Regular Products,Zone B,25.0,2409,60,35.0
20657,33,73,2.212121212121212,1880,Active/Regular Products,Zone B,25.0,2409,60,35.0
84952A,26,92,3.5384615384615383,1929,Active/Regular Products,Zone B,25.0,2392,60,35.0
90201D,31,77,2.4838709677419355,2405,Active/Regular Products,Zone B,25.0,2387,60,35.0
21316,15,159,10.6,1253,Slow-Moving Products,Zone D,60.0,2385,60,0.0
22826,41,58,1.4146341463414633,596,Slow-Moving Products,Zone D,60.0,2378,60,0.0
22202,37,64,1.7297297297297298,1577,Slow-Moving Products,Zone D,60.0,2368,60,0.0
22824,43,55,1.2790697674418605,1152,Slow-Moving Products,Zone D,60.0,2365,60,0.0
46775D,39,60,1.5384615384615385,2113,Active/Regular Products,Zone B,25.0,2340,60,35.0
22157,11,212,19.272727272727273,418,Slow-Moving Products,Zone D,60.0,2332,60,0.0
84683,12,194,16.166666666666668,914,Slow-Moving Products,Zone D,60.0,2328,60,0.0
40003,15,155,10.333333333333334,631,Slow-Moving Products,Zone D,60.0,2325,60,0.0
85024B,12,193,16.083333333333332,546,Slow-Moving Products,Zone D,60.0,2316,60,0.0
22655,38,60,1.5789473684210527,642,Slow-Moving Products,Zone D,60.0,2280,60,0.0
90058A,7,324,46.285714285714285,360,Slow-Moving Products,Zone D,60.0,2268,60,0.0
21324,28,81,2.892857142857143,1449,Slow-Moving Products,Zone D,60.0,2268,60,0.0
23019,28,81,2.892857142857143,685,Slow-Moving Products,Zone D,60.0,2268,60,0.0
85232A,29,78,2.689655172413793,1271,Slow-Moving Products,Zone D,60.0,2262,60,0.0
22407,24,94,3.9166666666666665,1302,Slow-Moving Products,Zone D,60.0,2256,60,0.0
21087,16,141,8.8125,971,Slow-Moving Products,Zone D,60.0,2256,60,0.0
84799,10,224,22.4,283,Slow-Moving Products,Zone D,60.0,2240,60,0.0
21662,26,86,3.3076923076923075,1795,Slow-Moving Products,Zone D,60.0,2236,60,0.0
47343A,14,159,11.357142857142858,468,Slow-Moving Products,Zone D,60.0,2226,60,0.0
20826,8,276,34.5,220,Slow-Moving Products,Zone D,60.0,2208,60,0.0
84744,20,110,5.5,1357,Slow-Moving Products,Zone D,60.0,2200,60,0.0
21082,25,88,3.52,190,Slow-Moving Products,Zone D,60.0,2200,60,0.0
90161D,34,64,1.8823529411764706,2557,Active/Regular Products,Zone B,25.0,2176,60,35.0
20934,32,68,2.125,1504,Slow-Moving Products,Zone D,60.0,2176,60,0.0
90214D,32,68,2.125,2200,Active/Regular Products,Zone B,25.0,2176,60,35.0
22886,25,87,3.48,1599,Slow-Moving Products,Zone D,60.0,2175,60,0.0
21750,24,90,3.75,1568,Slow-Moving Products,Zone D,60.0,2160,60,0.0
90214E,30,72,2.4,2245,Active/Regular Products,Zone B,25.0,2160,60,35.0
84231,20,108,5.142857142857143,838,Slow-Moving Products,Zone D,60.0,2160,60,0.0
22872,30,72,2.4,1873,Slow-Moving Products,Zone D,60.0,2160,60,0.0
21946,25,86,3.44,2087,Active/Regular Products,Zone B,25.0,2150,60,35.0
23492,28,76,2.7142857142857144,968,Slow-Moving Products,Zone D,60.0,2128,60,0.0
35916C,20,106,5.3,1871,Slow-Moving Products,Zone D,60.0,2120,60,0.0
84510a,40,53,1.325,498,Slow-Moving Products,Zone D,60.0,2120,60,0.0
20837,15,141,9.4,594,Slow-Moving Products,Zone D,60.0,2115,60,0.0
21632,24,88,3.6666666666666665,1647,Slow-Moving Products,Zone D,60.0,2112,60,0.0
85163A,32,66,2.0625,1769,Slow-Moving Products,Zone D,60.0,2112,60,0.0
23540,14,150,10.714285714285714,1255,Slow-Moving Products,Zone D,60.0,2100,60,0.0
84509E,23,91,3.9565217391304346,1961,Active/Regular Products,Zone B,25.0,2093,60,35.0
84661A,20,104,5.2,1864,Slow-Moving Products,Zone D,60.0,2080,60,0.0
79063D,11,189,17.181818181818183,565,Slow-Moving Products,Zone D,60.0,2079,60,0.0
21628,33,63,1.9090909090909092,2160,Active/Regular Products,Zone B,25.0,2079,60,35.0
23149,21,99,4.714285714285714,811,Slow-Moving Products,Zone D,60.0,2079,60,0.0
75011,12,172,14.333333333333334,533,Slow-Moving Products,Zone D,60.0,2064,60,0.0
21785,5,411,82.2,655,Slow-Moving Products,Zone D,60.0,2055,60,0.0
84876D,16,128,8.0,1128,Slow-Moving Products,Zone D,60.0,2048,60,0.0
22825,28,73,2.607142857142857,1049,Slow-Moving Products,Zone D,60.0,2044,60,0.0
84766,14,146,10.428571428571429,376,Slow-Moving Products,Zone D,60.0,2044,60,0.0
16207A,34,60,1.7647058823529411,1687,Slow-Moving Products,Zone D,60.0,2040,60,0.0
82095,30,68,2.2666666666666666,1839,Slow-Moving Products,Zone D,60.0,2040,60,0.0
21054,29,70,2.413793103448276,942,Slow-Moving Products,Zone D,60.0,2030,60,0.0
20997,34,59,1.7352941176470589,2337,Active/Regular Products,Zone B,25.0,2006,60,35.0
85019C,11,182,16.545454545454547,671,Slow-Moving Products,Zone D,60.0,2002,60,0.0
35649,35,57,1.5833333333333333,2395,Active/Regular Products,Zone B,25.0,1995,60,35.0
90201B,23,86,3.739130434782609,2316,Active/Regular Products,Zone B,25.0,1978,60,35.0
23141,25,79,3.16,1676,Slow-Moving Products,Zone D,60.0,1975,60,0.0
20763,27,73,2.7037037037037037,1559,Slow-Moving Products,Zone D,60.0,1971,60,0.0
90208,37,53,1.4324324324324325,2612,Active/Regular Products,Zone B,25.0,1961,60,35.0
22184,35,56,1.6,2095,Active/Regular Products,Zone B,25.0,1960,60,35.0
20748,34,57,1.6764705882352942,930,Slow-Moving Products,Zone D,60.0,1938,60,0.0
90201A,28,69,2.4642857142857144,2196,Active/Regular Products,Zone B,25.0,1932,60,35.0
22618,28,69,2.4642857142857144,863,Slow-Moving Products,Zone D,60.0,1932,60,0.0
23472,33,58,1.7575757575757576,1090,Slow-Moving Products,Zone D,60.0,1914,60,0.0
23137,23,83,3.608695652173913,1204,Slow-Moving Products,Zone D,60.0,1909,60,0.0
21250,20,95,4.75,1225,Slow-Moving Products,Zone D,60.0,1900,60,0.0
85136C,36,52,1.4444444444444444,1930,Active/Regular Products,Zone B,25.0,1872,60,35.0
85020,22,85,3.8636363636363638,1518,Slow-Moving Products,Zone D,60.0,1870,60,0.0
23043,23,81,3.5217391304347827,1209,Slow-Moving Products,Zone D,60.0,1863,60,0.0
21226,20,93,4.65,1666,Slow-Moving Products,Zone D,60.0,1860,60,0.0
84609,20,93,4.65,1293,Slow-Moving Products,Zone D,60.0,1860,60,0.0
84638,37,50,1.3513513513513513,1762,Slow-Moving Products,Zone D,60.0,1850,60,0.0
21418,25,74,2.8461538461538463,1732,Slow-Moving Products,Zone D,60.0,1850,60,0.0
84859C,22,84,3.8181818181818183,1287,Slow-Moving Products,Zone D,60.0,1848,60,0.0
84507C,28,66,2.2758620689655173,1199,Slow-Moving Products,Zone D,60.0,1848,60,0.0
84678,13,142,10.923076923076923,935,Slow-Moving Products,Zone D,60.0,1846,60,0.0
90125D,19,95,5.0,1653,Slow-Moving Products,Zone D,60.0,1805,60,0.0
21270,36,50,1.3888888888888888,1865,Active/Regular Products,Zone B,25.0,1800,60,35.0
17084J,8,225,28.125,224,Slow-Moving Products,Zone D,60.0,1800,60,0.0
90214G,30,60,2.0,2077,Active/Regular Products,Zone B,25.0,1800,60,35.0
81952B,9,200,22.22222222222222,289,Slow-Moving Products,Zone D,60.0,1800,60,0.0
22887,23,78,3.391304347826087,1596,Slow-Moving Products,Zone D,60.0,1794,60,0.0
35911B,15,119,7.933333333333334,1126,Slow-Moving Products,Zone D,60.0,1785,60,0.0
85168B,35,51,1.457142857142857,2444,Active/Regular Products,Zone B,25.0,1785,60,35.0
84665,17,105,6.176470588235294,445,Slow-Moving Products,Zone D,60.0,1785,60,0.0
23016,24,74,3.0833333333333335,1135,Slow-Moving Products,Zone D,60.0,1776,60,0.0
22486,25,71,2.84,1930,Active/Regular Products,Zone B,25.0,1775,60,35.0
21038,23,77,3.347826086956522,704,Slow-Moving Products,Zone D,60.0,1771,60,0.0
21664,18,98,5.157894736842105,563,Slow-Moving Products,Zone D,60.0,1764,60,0.0
23471,27,65,2.4074074074074074,1002,Slow-Moving Products,Zone D,60.0,1755,60,0.0
21100,27,65,2.4074074074074074,615,Slow-Moving Products,Zone D,60.0,1755,60,0.0
21095,14,125,8.928571428571429,698,Slow-Moving Products,Zone D,60.0,1750,60,0.0
22039,7,250,35.714285714285715,298,Slow-Moving Products,Zone D,60.0,1750,60,0.0
21547,22,79,3.4347826086956523,1550,Slow-Moving Products,Zone D,60.0,1738,60,0.0
84877D,18,96,5.333333333333333,1415,Slow-Moving Products,Zone D,60.0,1728,60,0.0
20819,27,64,2.3703703703703702,2108,Active/Regular Products,Zone B,25.0,1728,60,35.0
84952C,12,144,11.076923076923077,932,Slow-Moving Products,Zone D,60.0,1728,60,0.0
84595E,22,78,3.5454545454545454,1400,Slow-Moving Products,Zone D,60.0,1716,60,0.0
15030,12,143,11.0,465,Slow-Moving Products,Zone D,60.0,1716,60,0.0
90018A,37,46,1.2432432432432432,2581,Active/Regular Products,Zone B,25.0,1702,60,35.0
85160B,16,106,6.235294117647059,915,Slow-Moving Products,Zone D,60.0,1696,60,0.0
72051S,13,130,10.0,1523,Slow-Moving Products,Zone D,60.0,1690,60,0.0
84919,29,58,2.0,1751,Slow-Moving Products,Zone D,60.0,1682,60,0.0
84508B,30,56,1.8666666666666667,748,Slow-Moving Products,Zone D,60.0,1680,60,0.0
90214M,28,60,2.142857142857143,1972,Active/Regular Products,Zone B,25.0,1680,60,35.0
22871,25,67,2.68,1507,Slow-Moving Products,Zone D,60.0,1675,60,0.0
22803,31,54,1.7419354838709677,1084,Slow-Moving Products,Zone D,60.0,1674,60,0.0
90115,31,54,1.7419354838709677,2051,Active/Regular Products,Zone B,25.0,1674,60,35.0
23116,22,76,3.4545454545454546,1552,Slow-Moving Products,Zone D,60.0,1672,60,0.0
84592,22,76,3.4545454545454546,1650,Slow-Moving Products,Zone D,60.0,1672,60,0.0
90013A,32,52,1.625,2505,Active/Regular Products,Zone B,25.0,1664,60,35.0
20696,30,54,1.8,2323,Active/Regular Products,Zone B,25.0,1620,60,35.0
21369,16,101,6.3125,1179,Slow-Moving Products,Zone D,60.0,1616,60,0.0
84569B,19,85,4.473684210526316,1285,Slow-Moving Products,Zone D,60.0,1615,60,0.0
16169K,8,200,25.0,404,Slow-Moving Products,Zone D,60.0,1600,60,0.0
21758,32,50,1.5625,2270,Active/Regular Products,Zone B,25.0,1600,60,35.0
22888,21,76,3.619047619047619,1808,Slow-Moving Products,Zone D,60.0,1596,60,0.0
20980,20,79,3.95,1356,Slow-Moving Products,Zone D,60.0,1580,60,0.0
90158,35,45,1.2857142857142858,2469,Active/Regular Products,Zone B,25.0,1575,60,35.0
22875,25,63,2.52,1867,Slow-Moving Products,Zone D,60.0,1575,60,0.0
35921,23,68,2.9565217391304346,1227,Slow-Moving Products,Zone D,60.0,1564,60,0.0
84360,20,78,3.9,635,Slow-Moving Products,Zone D,60.0,1560,60,0.0
22873,26,60,2.3076923076923075,1660,Slow-Moving Products,Zone D,60.0,1560,60,0.0
72799C,19,81,4.2631578947368425,913,Slow-Moving Products,Zone D,60.0,1539,60,0.0
35972,16,96,5.647058823529412,689,Slow-Moving Products,Zone D,60.0,1536,60,0.0
21841,21,73,3.3181818181818183,1093,Slow-Moving Products,Zone D,60.0,1533,60,0.0
23458,30,51,1.7,719,Slow-Moving Products,Zone D,60.0,1530,60,0.0
21117,14,109,7.785714285714286,454,Slow-Moving Products,Zone D,60.0,1526,60,0.0
71496A,12,127,10.583333333333334,1533,Slow-Moving Products,Zone D,60.0,1524,60,0.0
84806A,11,137,12.454545454545455,323,Slow-Moving Products,Zone D,60.0,1507,60,0.0
23466,27,55,2.037037037037037,1498,Slow-Moving Products,Zone D,60.0,1485,60,0.0
23017,22,67,3.0454545454545454,999,Slow-Moving Products,Zone D,60.0,1474,60,0.0
20731,16,92,5.75,926,Slow-Moving Products,Zone D,60.0,1472,60,0.0
85118,10,146,14.6,915,Slow-Moving Products,Zone D,60.0,1460,60,0.0
47348A,15,97,6.466666666666667,320,Slow-Moving Products,Zone D,60.0,1455,60,0.0
20661,33,44,1.3333333333333333,2181,Active/Regular Products,Zone B,25.0,1452,60,35.0
90071,33,44,1.3333333333333333,2524,Active/Regular Products,Zone B,25.0,1452,60,35.0
23047,25,58,2.230769230769231,540,Slow-Moving Products,Zone D,60.0,1450,60,0.0
20760,21,69,3.1363636363636362,857,Slow-Moving Products,Zone D,60.0,1449,60,0.0
21459,19,76,4.0,741,Slow-Moving Products,Zone D,60.0,1444,60,0.0
22353,24,60,2.5,754,Slow-Moving Products,Zone D,60.0,1440,60,0.0
90214H,30,48,1.6,2323,Active/Regular Products,Zone B,25.0,1440,60,35.0
20782,27,53,1.962962962962963,2147,Active/Regular Products,Zone B,25.0,1431,60,35.0
16020C,17,84,4.9411764705882355,1527,Slow-Moving Products,Zone D,60.0,1428,60,0.0
79403,15,95,6.333333333333333,1241,Slow-Moving Products,Zone D,60.0,1425,60,0.0
21196,13,108,7.714285714285714,887,Slow-Moving Products,Zone D,60.0,1404,60,0.0
90160C,26,54,2.076923076923077,2125,Active/Regular Products,Zone B,25.0,1404,60,35.0
21129,27,52,1.9259259259259258,1527,Slow-Moving Products,Zone D,60.0,1404,60,0.0
17084A,7,200,28.571428571428573,256,Slow-Moving Products,Zone D,60.0,1400,60,0.0
84508C,25,56,2.24,1584,Slow-Moving Products,Zone D,60.0,1400,60,0.0
21651,11,127,11.545454545454545,737,Slow-Moving Products,Zone D,60.0,1397,60,0.0
84800M,11,127,11.545454545454545,290,Slow-Moving Products,Zone D,60.0,1397,60,0.0
90206C,31,45,1.4516129032258065,2409,Active/Regular Products,Zone B,25.0,1395,60,35.0
20756,22,63,2.8636363636363638,822,Slow-Moving Products,Zone D,60.0,1386,60,0.0
22874,21,65,2.9545454545454546,1507,Slow-Moving Products,Zone D,60.0,1365,60,0.0
85023B,13,105,8.076923076923077,325,Slow-Moving Products,Zone D,60.0,1365,60,0.0
72801D,18,75,4.166666666666667,1342,Slow-Moving Products,Zone D,60.0,1350,60,0.0
84600,25,53,2.12,1634,Slow-Moving Products,Zone D,60.0,1325,60,0.0
90201C,21,63,3.0,2058,Active/Regular Products,Zone B,25.0,1323,60,35.0
20780,28,47,1.6206896551724137,2051,Active/Regular Products,Zone B,25.0,1316,60,35.0
20823,8,164,20.5,178,Slow-Moving Products,Zone D,60.0,1312,60,0.0
71495B,8,163,20.375,916,Slow-Moving Products,Zone D,60.0,1304,60,0.0
90200C,26,50,1.8518518518518519,1944,Active/Regular Products,Zone B,25.0,1300,60,35.0
84870C,28,46,1.6428571428571428,1786,Slow-Moving Products,Zone D,60.0,1288,60,0.0
20773,23,56,2.3333333333333335,963,Slow-Moving Products,Zone D,60.0,1288,60,0.0
23151,21,61,2.9047619047619047,1293,Slow-Moving Products,Zone D,60.0,1281,60,0.0
84872A,32,40,1.25,1582,Slow-Moving Products,Zone D,60.0,1280,60,0.0
20759,20,64,3.2,834,Slow-Moving Products,Zone D,60.0,1280,60,0.0
82613A,18,71,3.9444444444444446,1012,Slow-Moving Products,Zone D,60.0,1278,60,0.0
85027L,18,70,3.888888888888889,425,Slow-Moving Products,Zone D,60.0,1260,60,0.0
22868,20,63,3.15,1611,Slow-Moving Products,Zone D,60.0,1260,60,0.0
84658,22,57,2.4782608695652173,1519,Slow-Moving Products,Zone D,60.0,1254,60,0.0
17014A,8,155,19.375,710,Slow-Moving Products,Zone D,60.0,1240,60,0.0
62086A,14,88,6.285714285714286,390,Slow-Moving Products,Zone D,60.0,1232,60,0.0
22876,20,61,3.05,1721,Slow-Moving Products,Zone D,60.0,1220,60,0.0
20941,19,64,3.2,662,Slow-Moving Products,Zone D,60.0,1216,60,0.0
90059A,27,45,1.6666666666666667,2477,Active/Regular Products,Zone B,25.0,1215,60,35.0
21897,3,405,135.0,31,Slow-Moving Products,Zone D,60.0,1215,60,0.0
90130B,31,39,1.2580645161290323,2506,Active/Regular Products,Zone B,25.0,1209,60,35.0
85129C,15,80,5.333333333333333,1491,Slow-Moving Products,Zone D,60.0,1200,60,0.0
22877,19,63,3.3157894736842106,1118,Slow-Moving Products,Zone D,60.0,1197,60,0.0
23477,13,92,7.076923076923077,1622,Slow-Moving Products,Zone D,60.0,1196,60,0.0
84452,16,74,4.625,587,Slow-Moving Products,Zone D,60.0,1184,60,0.0
84708B,19,62,3.263157894736842,1384,Slow-Moving Products,Zone D,60.0,1178,60,0.0
21190,7,168,24.0,229,Slow-Moving Products,Zone D,60.0,1176,60,0.0
22164,15,78,5.2,1188,Slow-Moving Products,Zone D,60.0,1170,60,0.0
90096,26,45,1.7307692307692308,2040,Active/Regular Products,Zone B,25.0,1170,60,35.0
84509c,27,43,1.5925925925925926,871,Slow-Moving Products,Zone D,60.0,1161,60,0.0
85039a,29,40,1.3793103448275863,753,Slow-Moving Products,Zone D,60.0,1160,60,0.0
72134,11,105,9.545454545454545,1392,Slow-Moving Products,Zone D,60.0,1155,60,0.0
79406,8,144,18.0,968,Slow-Moving Products,Zone D,60.0,1152,60,0.0
21904,23,50,2.0833333333333335,680,Slow-Moving Products,Zone D,60.0,1150,60,0.0
90125A,10,115,11.5,1003,Slow-Moving Products,Zone D,60.0,1150,60,0.0
22137,14,82,5.857142857142857,700,Slow-Moving Products,Zone D,60.0,1148,60,0.0
90062,26,44,1.6923076923076923,1975,Active/Regular Products,Zone B,25.0,1144,60,35.0
90129B,20,57,2.85,2070,Active/Regular Products,Zone B,25.0,1140,60,35.0
84429A,21,54,2.5714285714285716,1788,Slow-Moving Products,Zone D,60.0,1134,60,0.0
90120C,22,51,2.3181818181818183,2181,Active/Regular Products,Zone B,25.0,1122,60,35.0
84576,17,66,3.8823529411764706,1429,Slow-Moving Products,Zone D,60.0,1122,60,0.0
22879,16,70,4.375,1332,Slow-Moving Products,Zone D,60.0,1120,60,0.0
84858C,6,186,31.0,341,Slow-Moving Products,Zone D,60.0,1116,60,0.0
90013B,31,36,1.1612903225806452,2528,Active/Regular Products,Zone B,25.0,1116,60,35.0
21814,15,74,4.625,820,Slow-Moving Products,Zone D,60.0,1110,60,0.0
21375,27,41,1.4642857142857142,1994,Active/Regular Products,Zone B,25.0,1107,60,35.0
84925F,14,79,5.642857142857143,452,Slow-Moving Products,Zone D,60.0,1106,60,0.0
21488,16,69,4.3125,1446,Slow-Moving Products,Zone D,60.0,1104,60,0.0
84870B,25,44,1.76,1820,Slow-Moving Products,Zone D,60.0,1100,60,0.0
84974,28,39,1.3928571428571428,741,Slow-Moving Products,Zone D,60.0,1092,60,0.0
90013C,28,39,1.3928571428571428,2530,Active/Regular Products,Zone B,25.0,1092,60,35.0
17090A,10,109,10.9,291,Slow-Moving Products,Zone D,60.0,1090,60,0.0
23429,23,47,2.0434782608695654,1046,Slow-Moving Products,Zone D,60.0,1081,60,0.0
35920,15,72,4.8,915,Slow-Moving Products,Zone D,60.0,1080,60,0.0
35833P,22,49,2.227272727272727,1959,Active/Regular Products,Zone B,25.0,1078,60,35.0
23018,21,51,2.4285714285714284,697,Slow-Moving Products,Zone D,60.0,1071,60,0.0
90192,25,42,1.68,2369,Active/Regular Products,Zone B,25.0,1050,60,35.0
84989a,25,42,1.68,236,Slow-Moving Products,Zone D,60.0,1050,60,0.0
84993B,18,58,3.2222222222222223,579,Slow-Moving Products,Zone D,60.0,1044,60,0.0
21307,13,79,6.076923076923077,514,Slow-Moving Products,Zone D,60.0,1027,60,0.0
90019A,27,38,1.4074074074074074,2155,Active/Regular Products,Zone B,25.0,1026,60,35.0
90214R,25,41,1.64,2004,Active/Regular Products,Zone B,25.0,1025,60,35.0
82011C,20,51,2.55,612,Slow-Moving Products,Zone D,60.0,1020,60,0.0
21420,19,53,2.65,1263,Slow-Moving Products,Zone D,60.0,1007,60,0.0
84661C,14,71,5.071428571428571,1895,Slow-Moving Products,Zone D,60.0,994,60,0.0
90210C,10,99,9.9,1689,Slow-Moving Products,Zone D,60.0,990,60,0.0
84884a,26,38,1.4615384615384615,780,Slow-Moving Products,Zone D,60.0,988,60,0.0
21031,19,52,2.736842105263158,1743,Slow-Moving Products,Zone D,60.0,988,60,0.0
90214N,24,41,1.7083333333333333,2230,Active/Regular Products,Zone B,25.0,984,60,35.0
21476,24,41,1.7083333333333333,738,Slow-Moving Products,Zone D,60.0,984,60,0.0
84857C,10,98,9.8,594,Slow-Moving Products,Zone D,60.0,980,60,0.0
21145,8,122,15.25,352,Slow-Moving Products,Zone D,60.0,976,60,0.0
72801c,25,39,1.56,717,Slow-Moving Products,Zone D,60.0,975,60,0.0
21132,22,44,2.0,1464,Slow-Moving Products,Zone D,60.0,968,60,0.0
84691,4,242,60.5,30,Slow-Moving Products,Zone D,60.0,968,60,0.0
21738,21,46,2.0,1441,Slow-Moving Products,Zone D,60.0,966,60,0.0
84800S,9,107,11.88888888888889,296,Slow-Moving Products,Zone D,60.0,963,60,0.0
37476,26,37,1.3703703703703705,1715,Slow-Moving Products,Zone D,60.0,962,60,0.0
84631,24,40,1.6666666666666667,1835,Slow-Moving Products,Zone D,60.0,960,60,0.0
37444A,18,53,2.9444444444444446,1482,Slow-Moving Products,Zone D,60.0,954,60,0.0
90197B,27,35,1.2962962962962963,2437,Active/Regular Products,Zone B,25.0,945,60,35.0
37343,13,72,5.538461538461538,1357,Slow-Moving Products,Zone D,60.0,936,60,0.0
22761,26,36,1.3846153846153846,899,Slow-Moving Products,Zone D,60.0,936,60,0.0
20847,18,52,2.888888888888889,1620,Slow-Moving Products,Zone D,60.0,936,60,0.0
81950B,8,116,12.88888888888889,471,Slow-Moving Products,Zone D,60.0,928,60,0.0
90183A,23,40,1.7391304347826086,2280,Active/Regular Products,Zone B,25.0,920,60,35.0
84510c,23,40,1.7391304347826086,832,Slow-Moving Products,Zone D,60.0,920,60,0.0
22827,26,35,1.3461538461538463,460,Slow-Moving Products,Zone D,60.0,910,60,0.0
16046,14,65,4.333333333333333,597,Slow-Moving Products,Zone D,60.0,910,60,0.0
82011B,21,43,2.0476190476190474,610,Slow-Moving Products,Zone D,60.0,903,60,0.0
84927A,18,50,2.7777777777777777,1246,Slow-Moving Products,Zone D,60.0,900,60,0.0
90129A,20,45,2.25,2037,Active/Regular Products,Zone B,25.0,900,60,35.0
21333,16,56,3.5,835,Slow-Moving Products,Zone D,60.0,896,60,0.0
20781,25,35,1.4,1554,Slow-Moving Products,Zone D,60.0,875,60,0.0
84898F,19,46,2.4210526315789473,758,Slow-Moving Products,Zone D,60.0,874,60,0.0
85026B,11,79,7.181818181818182,685,Slow-Moving Products,Zone D,60.0,869,60,0.0
15056p,26,33,1.2692307692307692,777,Slow-Moving Products,Zone D,60.0,858,60,0.0
84507B,22,39,1.7727272727272727,1373,Slow-Moving Products,Zone D,60.0,858,60,0.0
90210D,8,107,13.375,872,Slow-Moving Products,Zone D,60.0,856,60,0.0
62096A,8,106,13.25,140,Slow-Moving Products,Zone D,60.0,848,60,0.0
90030C,11,77,7.0,1269,Slow-Moving Products,Zone D,60.0,847,60,0.0
90108,12,70,5.833333333333333,1791,Slow-Moving Products,Zone D,60.0,840,60,0.0
23578,14,60,4.285714285714286,1266,Slow-Moving Products,Zone D,60.0,840,60,0.0
21348,6,140,23.333333333333332,452,Slow-Moving Products,Zone D,60.0,840,60,0.0
84741C,14,60,4.285714285714286,440,Slow-Moving Products,Zone D,60.0,840,60,0.0
37468,13,64,4.923076923076923,708,Slow-Moving Products,Zone D,60.0,832,60,0.0
71495A,8,103,12.875,1109,Slow-Moving Products,Zone D,60.0,824,60,0.0
23440,5,164,32.8,186,Slow-Moving Products,Zone D,60.0,820,60,0.0
21413,17,48,2.823529411764706,1634,Slow-Moving Products,Zone D,60.0,816,60,0.0
90214B,22,37,1.6818181818181819,1941,Active/Regular Products,Zone B,25.0,814,60,35.0
85198,9,90,10.0,564,Slow-Moving Products,Zone D,60.0,810,60,0.0
35815P,5,162,32.4,214,Slow-Moving Products,Zone D,60.0,810,60,0.0
90174,21,38,1.8095238095238095,2249,Active/Regular Products,Zone B,25.0,798,60,35.0
22830,6,131,21.833333333333332,176,Slow-Moving Products,Zone D,60.0,786,60,0.0
84352,23,34,1.4782608695652173,1044,Slow-Moving Products,Zone D,60.0,782,60,0.0
21280,12,65,5.416666666666667,514,Slow-Moving Products,Zone D,60.0,780,60,0.0
85188B,10,78,7.8,815,Slow-Moving Products,Zone D,60.0,780,60,0.0
47351B,9,86,9.555555555555555,422,Slow-Moving Products,Zone D,60.0,774,60,0.0
47369B,22,35,1.5909090909090908,2152,Active/Regular Products,Zone B,25.0,770,60,35.0
85130A,10,77,7.7,365,Slow-Moving Products,Zone D,60.0,770,60,0.0
90003C,24,32,1.3333333333333333,2418,Active/Regular Products,Zone B,25.0,768,60,35.0
84927E,13,59,4.214285714285714,939,Slow-Moving Products,Zone D,60.0,767,60,0.0
75172,8,93,11.625,230,Slow-Moving Products,Zone D,60.0,744,60,0.0
84725,18,41,2.2777777777777777,490,Slow-Moving Products,Zone D,60.0,738,60,0.0
23305,9,82,9.11111111111111,114,Slow-Moving Products,Zone D,60.0,738,60,0.0
84985A,18,41,2.1578947368421053,648,Slow-Moving Products,Zone D,60.0,738,60,0.0
90147,23,32,1.391304347826087,1898,Active/Regular Products,Zone B,25.0,736,60,35.0
85114a,15,49,3.2666666666666666,340,Slow-Moving Products,Zone D,60.0,735,60,0.0
84750B,12,61,5.083333333333333,341,Slow-Moving Products,Zone D,60.0,732,60,0.0
84846A,13,56,4.3076923076923075,1279,Slow-Moving Products,Zone D,60.0,728,60,0.0
23015,18,40,2.1052631578947367,733,Slow-Moving Products,Zone D,60.0,720,60,0.0
21364,24,30,1.25,1154,Slow-Moving Products,Zone D,60.0,720,60,0.0
72133,16,45,2.6470588235294117,1239,Slow-Moving Products,Zone D,60.0,720,60,0.0
85055,16,45,2.8125,1511,Slow-Moving Products,Zone D,60.0,720,60,0.0
84685,21,34,1.619047619047619,1733,Slow-Moving Products,Zone D,60.0,714,60,0.0
85049B,13,54,4.153846153846154,495,Slow-Moving Products,Zone D,60.0,702,60,0.0
84905,20,35,1.75,1537,Slow-Moving Products,Zone D,60.0,700,60,0.0
21686,20,35,1.75,744,Slow-Moving Products,Zone D,60.0,700,60,0.0
85161,20,35,1.6666666666666667,1631,Slow-Moving Products,Zone D,60.0,700,60,0.0
90184B,21,33,1.5714285714285714,1963,Active/Regular Products,Zone B,25.0,693,60,35.0
23626,16,43,2.6875,1945,Active/Regular Products,Zone B,25.0,688,60,35.0
20694,16,43,2.5294117647058822,1372,Slow-Moving Products,Zone D,60.0,688,60,0.0
84882,18,38,2.111111111111111,1634,Slow-Moving Products,Zone D,60.0,684,60,0.0
16254,17,40,2.3529411764705883,1546,Slow-Moving Products,Zone D,60.0,680,60,0.0
90175A,25,27,1.08,2192,Active/Regular Products,Zone B,25.0,675,60,35.0
85040a,21,32,1.5238095238095237,721,Slow-Moving Products,Zone D,60.0,672,60,0.0
35607B,7,96,13.714285714285714,250,Slow-Moving Products,Zone D,60.0,672,60,0.0
84907,23,29,1.2608695652173914,1629,Slow-Moving Products,Zone D,60.0,667,60,0.0
35819P,7,95,13.571428571428571,342,Slow-Moving Products,Zone D,60.0,665,60,0.0
90101,17,39,2.2941176470588234,2159,Active/Regular Products,Zone B,25.0,663,60,35.0
47369A,20,33,1.65,1982,Active/Regular Products,Zone B,25.0,660,60,35.0
84927D,14,47,3.357142857142857,1031,Slow-Moving Products,Zone D,60.0,658,60,0.0
21637,6,109,18.166666666666668,246,Slow-Moving Products,Zone D,60.0,654,60,0.0
23410,18,36,2.0,855,Slow-Moving Products,Zone D,60.0,648,60,0.0
23430,18,36,2.0,906,Slow-Moving Products,Zone D,60.0,648,60,0.0
85197,19,34,1.7894736842105263,717,Slow-Moving Products,Zone D,60.0,646,60,0.0
90129F,16,40,2.5,1786,Slow-Moving Products,Zone D,60.0,640,60,0.0
37489D,16,40,2.3529411764705883,469,Slow-Moving Products,Zone D,60.0,640,60,0.0
23611,16,40,2.5,1823,Slow-Moving Products,Zone D,60.0,640,60,0.0
23304,9,71,7.888888888888889,206,Slow-Moving Products,Zone D,60.0,639,60,0.0
84559a,22,29,1.3181818181818181,448,Slow-Moving Products,Zone D,60.0,638,60,0.0
23447,4,158,39.5,160,Slow-Moving Products,Zone D,60.0,632,60,0.0
23459,19,33,1.736842105263158,490,Slow-Moving Products,Zone D,60.0,627,60,0.0
90214P,16,39,2.4375,1816,Slow-Moving Products,Zone D,60.0,624,60,0.0
18098c,12,52,4.333333333333333,394,Slow-Moving Products,Zone D,60.0,624,60,0.0
21360,16,39,2.4375,673,Slow-Moving Products,Zone D,60.0,624,60,0.0
47013C,12,52,4.333333333333333,846,Slow-Moving Products,Zone D,60.0,624,60,0.0
20662,20,31,1.55,1911,Active/Regular Products,Zone B,25.0,620,60,35.0
84688,15,41,2.7333333333333334,1376,Slow-Moving Products,Zone D,60.0,615,60,0.0
84707B,18,34,1.8888888888888888,1597,Slow-Moving Products,Zone D,60.0,612,60,0.0
90198B,17,36,2.1176470588235294,1963,Active/Regular Products,Zone B,25.0,612,60,35.0
DCGSSGIRL,13,47,3.6153846153846154,1479,Slow-Moving Products,Zone D,60.0,611,60,0.0
84993a,19,32,1.6842105263157894,693,Slow-Moving Products,Zone D,60.0,608,60,0.0
90143,19,32,1.6842105263157894,1764,Slow-Moving Products,Zone D,60.0,608,60,0.0
21281,14,43,3.0714285714285716,1578,Slow-Moving Products,Zone D,60.0,602,60,0.0
84712B,20,30,1.5,1763,Slow-Moving Products,Zone D,60.0,600,60,0.0
84597C,13,46,3.5384615384615383,442,Slow-Moving Products,Zone D,60.0,598,60,0.0
84804B,6,99,16.5,164,Slow-Moving Products,Zone D,60.0,594,60,0.0
90129E,14,42,3.0,1934,Active/Regular Products,Zone B,25.0,588,60,35.0
72801G,13,45,3.4615384615384617,708,Slow-Moving Products,Zone D,60.0,585,60,0.0
90120B,15,39,2.6,2069,Active/Regular Products,Zone B,25.0,585,60,35.0
20664,18,32,1.7777777777777777,1540,Slow-Moving Products,Zone D,60.0,576,60,0.0
85014b,23,25,1.0869565217391304,783,Slow-Moving Products,Zone D,60.0,575,60,0.0
84874B,14,41,2.9285714285714284,962,Slow-Moving Products,Zone D,60.0,574,60,0.0
84461,14,41,2.9285714285714284,531,Slow-Moving Products,Zone D,60.0,574,60,0.0
21277,22,26,1.1818181818181819,762,Slow-Moving Products,Zone D,60.0,572,60,0.0
90118,19,30,1.5789473684210527,2179,Active/Regular Products,Zone B,25.0,570,60,35.0
90164B,15,38,2.533333333333333,2004,Active/Regular Products,Zone B,25.0,570,60,35.0
90160A,15,38,2.533333333333333,1442,Slow-Moving Products,Zone D,60.0,570,60,0.0
21473,21,27,1.2857142857142858,542,Slow-Moving Products,Zone D,60.0,567,60,0.0
17011F,7,81,11.571428571428571,702,Slow-Moving Products,Zone D,60.0,567,60,0.0
90014A,21,27,1.2857142857142858,1836,Slow-Moving Products,Zone D,60.0,567,60,0.0
21376,17,33,1.9411764705882353,1403,Slow-Moving Products,Zone D,60.0,561,60,0.0
90129C,16,35,2.1875,1849,Slow-Moving Products,Zone D,60.0,560,60,0.0
84804A,8,70,8.75,166,Slow-Moving Products,Zone D,60.0,560,60,0.0
79191D,16,35,2.1875,1957,Active/Regular Products,Zone B,25.0,560,60,35.0
20796,9,62,6.888888888888889,1371,Slow-Moving Products,Zone D,60.0,558,60,0.0
21269,19,29,1.5263157894736843,1089,Slow-Moving Products,Zone D,60.0,551,60,0.0
84872a,21,26,1.2380952380952381,458,Slow-Moving Products,Zone D,60.0,546,60,0.0
84510E,16,34,2.125,1521,Slow-Moving Products,Zone D,60.0,544,60,0.0
90173,17,32,1.8823529411764706,1961,Active/Regular Products,Zone B,25.0,544,60,35.0
90082A,18,30,1.6666666666666667,1770,Slow-Moving Products,Zone D,60.0,540,60,0.0
20795,11,49,4.454545454545454,1237,Slow-Moving Products,Zone D,60.0,539,60,0.0
90125C,7,77,11.0,810,Slow-Moving Products,Zone D,60.0,539,60,0.0
20835,8,67,8.375,693,Slow-Moving Products,Zone D,60.0,536,60,0.0
84534B,10,53,5.3,1400,Slow-Moving Products,Zone D,60.0,530,60,0.0
90214Y,8,66,8.25,1211,Slow-Moving Products,Zone D,60.0,528,60,0.0
90204,18,29,1.6111111111111112,1960,Active/Regular Products,Zone B,25.0,522,60,35.0
16207B,18,29,1.6111111111111112,1512,Slow-Moving Products,Zone D,60.0,522,60,0.0
22656,20,26,1.3,339,Slow-Moving Products,Zone D,60.0,520,60,0.0
90093,10,52,5.2,1324,Slow-Moving Products,Zone D,60.0,520,60,0.0
DCGSSBOY,11,47,4.2727272727272725,1508,Slow-Moving Products,Zone D,60.0,517,60,0.0
46138B,12,43,3.5833333333333335,464,Slow-Moving Products,Zone D,60.0,516,60,0.0
21657,17,30,1.7647058823529411,1162,Slow-Moving Products,Zone D,60.0,510,60,0.0
20666,17,30,1.7647058823529411,1584,Slow-Moving Products,Zone D,60.0,510,60,0.0
84226,10,51,5.1,325,Slow-Moving Products,Zone D,60.0,510,60,0.0
22987,5,102,20.4,125,Slow-Moving Products,Zone D,60.0,510,60,0.0
90145,18,28,1.5555555555555556,1658,Slow-Moving Products,Zone D,60.0,504,60,0.0
90161A,21,24,1.1428571428571428,2201,Active/Regular Products,Zone B,25.0,504,60,35.0
85114b,14,36,2.5714285714285716,625,Slow-Moving Products,Zone D,60.0,504,60,0.0
90030A,7,72,10.285714285714286,150,Slow-Moving Products,Zone D,60.0,504,60,0.0
20663,20,25,1.25,2024,Active/Regular Products,Zone B,25.0,500,60,35.0
90205A,16,31,1.9375,2109,Active/Regular Products,Zone B,25.0,496,60,35.0
85006,9,55,6.111111111111111,291,Slow-Moving Products,Zone D,60.0,495,60,0.0
20894,15,33,2.2,989,Slow-Moving Products,Zone D,60.0,495,60,0.0
47341B,11,45,4.090909090909091,614,Slow-Moving Products,Zone D,60.0,495,60,0.0
90214I,13,38,2.923076923076923,1528,Slow-Moving Products,Zone D,60.0,494,60,0.0
20898,13,38,2.7142857142857144,1318,Slow-Moving Products,Zone D,60.0,494,60,0.0
85017C,10,49,4.454545454545454,515,Slow-Moving Products,Zone D,60.0,490,60,0.0
90073,18,27,1.5,2108,Active/Regular Products,Zone B,25.0,486,60,35.0
85145,13,37,2.8461538461538463,382,Slow-Moving Products,Zone D,60.0,481,60,0.0
90022,20,24,1.2,2175,Active/Regular Products,Zone B,25.0,480,60,35.0
90003D,16,30,1.875,1843,Slow-Moving Products,Zone D,60.0,480,60,0.0
23143,16,30,1.875,1234,Slow-Moving Products,Zone D,60.0,480,60,0.0
90059D,19,25,1.3157894736842106,2168,Active/Regular Products,Zone B,25.0,475,60,35.0
23446,3,157,52.333333333333336,140,Slow-Moving Products,Zone D,60.0,471,60,0.0
23465,16,29,1.8125,999,Slow-Moving Products,Zone D,60.0,464,60,0.0
90103,16,29,1.8125,2054,Active/Regular Products,Zone B,25.0,464,60,35.0
85045,11,42,3.8181818181818183,389,Slow-Moving Products,Zone D,60.0,462,60,0.0
37489A,14,33,2.2,415,Slow-Moving Products,Zone D,60.0,462,60,0.0
84559b,20,23,1.15,581,Slow-Moving Products,Zone D,60.0,460,60,0.0
84466,10,46,4.6,353,Slow-Moving Products,Zone D,60.0,460,60,0.0
35001W,5,92,18.4,90,Slow-Moving Products,Zone D,60.0,460,60,0.0
85099f,10,46,4.6,201,Slow-Moving Products,Zone D,60.0,460,60,0.0
90175D,20,23,1.15,2113,Active/Regular Products,Zone B,25.0,460,60,35.0
48189,17,27,1.588235294117647,221,Slow-Moving Products,Zone D,60.0,459,60,0.0
84989A,17,27,1.588235294117647,753,Slow-Moving Products,Zone D,60.0,459,60,0.0
21614,9,51,5.666666666666667,388,Slow-Moving Products,Zone D,60.0,459,60,0.0
90160D,12,38,3.1666666666666665,811,Slow-Moving Products,Zone D,60.0,456,60,0.0
21720,8,57,7.125,284,Slow-Moving Products,Zone D,60.0,456,60,0.0
20701,18,25,1.3888888888888888,1562,Slow-Moving Products,Zone D,60.0,450,60,0.0
84910A,17,26,1.5294117647058822,1516,Slow-Moving Products,Zone D,60.0,442,60,0.0
84809A,8,55,6.875,463,Slow-Moving Products,Zone D,60.0,440,60,0.0
85216,8,55,6.875,414,Slow-Moving Products,Zone D,60.0,440,60,0.0
17012E,10,44,4.4,1509,Slow-Moving Products,Zone D,60.0,440,60,0.0
90205C,15,29,1.9333333333333333,2033,Active/Regular Products,Zone B,25.0,435,60,35.0
90099,16,27,1.6875,1094,Slow-Moving Products,Zone D,60.0,432,60,0.0
37462E,12,36,3.0,1734,Slow-Moving Products,Zone D,60.0,432,60,0.0
84358,13,33,2.5384615384615383,410,Slow-Moving Products,Zone D,60.0,429,60,0.0
84711A,17,25,1.4705882352941178,1434,Slow-Moving Products,Zone D,60.0,425,60,0.0
72811,8,53,6.625,920,Slow-Moving Products,Zone D,60.0,424,60,0.0
84906,12,35,2.9166666666666665,716,Slow-Moving Products,Zone D,60.0,420,60,0.0
90016B,19,22,1.1578947368421053,2027,Active/Regular Products,Zone B,25.0,418,60,35.0
84527,8,52,6.5,956,Slow-Moving Products,Zone D,60.0,416,60,0.0
46126A,8,52,6.5,499,Slow-Moving Products,Zone D,60.0,416,60,0.0
71510,8,52,6.5,490,Slow-Moving Products,Zone D,60.0,416,60,0.0
84875D,8,51,6.375,244,Slow-Moving Products,Zone D,60.0,408,60,0.0
85146,9,45,4.5,487,Slow-Moving Products,Zone D,60.0,405,60,0.0
90214F,15,27,1.8,1623,Slow-Moving Products,Zone D,60.0,405,60,0.0
90185A,13,31,2.3846153846153846,1595,Slow-Moving Products,Zone D,60.0,403,60,0.0
85167B,8,50,6.25,739,Slow-Moving Products,Zone D,60.0,400,60,0.0
85096,16,25,1.4705882352941178,1704,Slow-Moving Products,Zone D,60.0,400,60,0.0
90010E,16,25,1.5625,1950,Active/Regular Products,Zone B,25.0,400,60,35.0
21736,5,80,13.333333333333334,173,Slow-Moving Products,Zone D,60.0,400,60,0.0
21486,11,36,3.272727272727273,1560,Slow-Moving Products,Zone D,60.0,396,60,0.0
47593A,12,33,2.5384615384615383,558,Slow-Moving Products,Zone D,60.0,396,60,0.0
84247N,18,22,1.2222222222222223,768,Slow-Moving Products,Zone D,60.0,396,60,0.0
84686,8,49,6.125,243,Slow-Moving Products,Zone D,60.0,392,60,0.0
23303,6,65,10.833333333333334,50,Slow-Moving Products,Zone D,60.0,390,60,0.0
90185D,11,35,3.1818181818181817,881,Slow-Moving Products,Zone D,60.0,385,60,0.0
22833,5,76,15.2,403,Slow-Moving Products,Zone D,60.0,380,60,0.0
90190C,19,20,1.0526315789473684,2046,Active/Regular Products,Zone B,25.0,380,60,35.0
90164A,14,27,1.9285714285714286,1710,Slow-Moving Products,Zone D,60.0,378,60,0.0
84865,14,27,1.9285714285714286,924,Slow-Moving Products,Zone D,60.0,378,60,0.0
90059E,15,25,1.6666666666666667,2175,Active/Regular Products,Zone B,25.0,375,60,35.0
72812,11,34,3.090909090909091,1525,Slow-Moving Products,Zone D,60.0,374,60,0.0
90018B,17,22,1.2941176470588236,2089,Active/Regular Products,Zone B,25.0,374,60,35.0
37489B,12,31,2.5833333333333335,338,Slow-Moving Products,Zone D,60.0,372,60,0.0
90214V,14,26,1.8571428571428572,1593,Slow-Moving Products,Zone D,60.0,364,60,0.0
90177C,14,26,1.8571428571428572,2087,Active/Regular Products,Zone B,25.0,364,60,35.0
90125B,12,30,2.5,1438,Slow-Moving Products,Zone D,60.0,360,60,0.0
90160B,12,30,2.5,1333,Slow-Moving Products,Zone D,60.0,360,60,0.0
35913B,10,36,3.6,475,Slow-Moving Products,Zone D,60.0,360,60,0.0
37333,17,21,1.2352941176470589,725,Slow-Moving Products,Zone D,60.0,357,60,0.0
90183B,17,21,1.2352941176470589,2329,Active/Regular Products,Zone B,25.0,357,60,35.0
90184C,17,21,1.2352941176470589,1910,Active/Regular Products,Zone B,25.0,357,60,35.0
23038,8,44,5.5,1248,Slow-Moving Products,Zone D,60.0,352,60,0.0
23467,11,32,2.909090909090909,1313,Slow-Moving Products,Zone D,60.0,352,60,0.0
90177D,14,25,1.7857142857142858,2032,Active/Regular Products,Zone B,25.0,350,60,35.0
90031,7,50,7.142857142857143,720,Slow-Moving Products,Zone D,60.0,350,60,0.0
17090D,12,29,2.230769230769231,404,Slow-Moving Products,Zone D,60.0,348,60,0.0
84760S,8,43,4.777777777777778,302,Slow-Moving Products,Zone D,60.0,344,60,0.0
90165B,18,19,1.0555555555555556,2220,Active/Regular Products,Zone B,25.0,342,60,35.0
84859B,11,31,2.8181818181818183,1046,Slow-Moving Products,Zone D,60.0,341,60,0.0
90210A,10,34,3.4,1503,Slow-Moving Products,Zone D,60.0,340,60,0.0
90085,10,34,3.4,1422,Slow-Moving Products,Zone D,60.0,340,60,0.0
90104,12,28,2.3333333333333335,1681,Slow-Moving Products,Zone D,60.0,336,60,0.0
72132,12,28,2.3333333333333335,587,Slow-Moving Products,Zone D,60.0,336,60,0.0
90209A,4,84,21.0,170,Slow-Moving Products,Zone D,60.0,336,60,0.0
90186B,15,22,1.4666666666666666,1689,Slow-Moving Products,Zone D,60.0,330,60,0.0
90202A,15,22,1.4666666666666666,2114,Active/Regular Products,Zone B,25.0,330,60,35.0
90019B,18,18,1.0,2255,Active/Regular Products,Zone B,25.0,324,60,35.0
90003E,14,23,1.6428571428571428,2081,Active/Regular Products,Zone B,25.0,322,60,35.0
20667,16,20,1.25,1476,Slow-Moving Products,Zone D,60.0,320,60,0.0
90166,15,21,1.4,1973,Active/Regular Products,Zone B,25.0,315,60,35.0
22823,13,24,1.8461538461538463,493,Slow-Moving Products,Zone D,60.0,312,60,0.0
44236,6,52,7.428571428571429,269,Slow-Moving Products,Zone D,60.0,312,60,0.0
21460,11,28,2.5454545454545454,654,Slow-Moving Products,Zone D,60.0,308,60,0.0
72709,7,44,6.285714285714286,226,Slow-Moving Products,Zone D,60.0,308,60,0.0
17109D,5,61,12.2,277,Slow-Moving Products,Zone D,60.0,305,60,0.0
78033,8,38,4.75,98,Slow-Moving Products,Zone D,60.0,304,60,0.0
40046A,6,50,8.333333333333334,223,Slow-Moving Products,Zone D,60.0,300,60,0.0
90081C,15,20,1.3333333333333333,2057,Active/Regular Products,Zone B,25.0,300,60,35.0
90000D,14,21,1.5,1958,Active/Regular Products,Zone B,25.0,294,60,35.0
90059F,14,21,1.5,1985,Active/Regular Products,Zone B,25.0,294,60,35.0
90072,14,21,1.5,2135,Active/Regular Products,Zone B,25.0,294,60,35.0
90122A,14,21,1.5,1878,Slow-Moving Products,Zone D,60.0,294,60,0.0
90098,10,29,2.9,420,Slow-Moving Products,Zone D,60.0,290,60,0.0
20960,10,29,2.9,214,Slow-Moving Products,Zone D,60.0,290,60,0.0
21910,8,36,4.5,522,Slow-Moving Products,Zone D,60.0,288,60,0.0
84660c,16,18,1.125,555,Slow-Moving Products,Zone D,60.0,288,60,0.0
90210B,7,41,5.857142857142857,720,Slow-Moving Products,Zone D,60.0,287,60,0.0
23614,11,26,2.3636363636363638,1757,Slow-Moving Products,Zone D,60.0,286,60,0.0
90154,5,57,11.4,217,Slow-Moving Products,Zone D,60.0,285,60,0.0
20901,15,19,1.2666666666666666,1355,Slow-Moving Products,Zone D,60.0,285,60,0.0
35638B,5,57,11.4,488,Slow-Moving Products,Zone D,60.0,285,60,0.0
90202C,14,20,1.4285714285714286,2118,Active/Regular Products,Zone B,25.0,280,60,35.0
35922,10,28,2.8,330,Slow-Moving Products,Zone D,60.0,280,60,0.0
23603,14,20,1.4285714285714286,1831,Slow-Moving Products,Zone D,60.0,280,60,0.0
90070,14,20,1.4285714285714286,1740,Slow-Moving Products,Zone D,60.0,280,60,0.0
23442,7,40,5.0,279,Slow-Moving Products,Zone D,60.0,280,60,0.0
90185B,12,23,1.9166666666666667,1674,Slow-Moving Products,Zone D,60.0,276,60,0.0
90010A,15,18,1.2,1836,Slow-Moving Products,Zone D,60.0,270,60,0.0
21336,10,27,2.7,1148,Slow-Moving Products,Zone D,60.0,270,60,0.0
35637C,9,30,3.3333333333333335,537,Slow-Moving Products,Zone D,60.0,270,60,0.0
90162B,10,27,2.7,371,Slow-Moving Products,Zone D,60.0,270,60,0.0
84549,7,38,5.428571428571429,898,Slow-Moving Products,Zone D,60.0,266,60,0.0
47344B,6,44,7.333333333333333,281,Slow-Moving Products,Zone D,60.0,264,60,0.0
90122C,11,24,2.1818181818181817,1523,Slow-Moving Products,Zone D,60.0,264,60,0.0
90214T,11,24,2.1818181818181817,1291,Slow-Moving Products,Zone D,60.0,264,60,0.0
90191,10,26,2.6,1412,Slow-Moving Products,Zone D,60.0,260,60,0.0
84711B,13,20,1.5384615384615385,879,Slow-Moving Products,Zone D,60.0,260,60,0.0
90185C,10,26,2.6,1706,Slow-Moving Products,Zone D,60.0,260,60,0.0
20857,8,32,4.0,324,Slow-Moving Products,Zone D,60.0,256,60,0.0
90014B,15,17,1.1333333333333333,1669,Slow-Moving Products,Zone D,60.0,255,60,0.0
90144,14,18,1.2857142857142858,1824,Slow-Moving Products,Zone D,60.0,252,60,0.0
85014a,14,18,1.2857142857142858,636,Slow-Moving Products,Zone D,60.0,252,60,0.0
90082B,10,25,2.5,385,Slow-Moving Products,Zone D,60.0,250,60,0.0
72140E,8,31,3.875,292,Slow-Moving Products,Zone D,60.0,248,60,0.0
90133,13,19,1.4615384615384615,1829,Slow-Moving Products,Zone D,60.0,247,60,0.0
22415,13,19,1.4615384615384615,399,Slow-Moving Products,Zone D,60.0,247,60,0.0
21332,13,19,1.4615384615384615,794,Slow-Moving Products,Zone D,60.0,247,60,0.0
22929,13,19,1.4615384615384615,581,Slow-Moving Products,Zone D,60.0,247,60,0.0
84723,6,41,6.833333333333333,227,Slow-Moving Products,Zone D,60.0,246,60,0.0
17164B,9,27,3.0,300,Slow-Moving Products,Zone D,60.0,243,60,0.0
90202D,11,22,2.0,1814,Slow-Moving Products,Zone D,60.0,242,60,0.0
84522,12,20,1.6666666666666667,1236,Slow-Moving Products,Zone D,60.0,240,60,0.0
90165A,15,16,1.0666666666666667,2020,Active/Regular Products,Zone B,25.0,240,60,35.0
23629,10,24,2.4,1573,Slow-Moving Products,Zone D,60.0,240,60,0.0
21392,7,34,4.25,594,Slow-Moving Products,Zone D,60.0,238,60,0.0
37423,3,78,26.0,108,Slow-Moving Products,Zone D,60.0,234,60,0.0
21816,7,33,4.125,359,Slow-Moving Products,Zone D,60.0,231,60,0.0
84801A,5,46,9.2,113,Slow-Moving Products,Zone D,60.0,230,60,0.0
79026B,9,25,2.7777777777777777,288,Slow-Moving Products,Zone D,60.0,225,60,0.0
90083,9,25,2.7777777777777777,1741,Slow-Moving Products,Zone D,60.0,225,60,0.0
90028,14,16,1.1428571428571428,1776,Slow-Moving Products,Zone D,60.0,224,60,0.0
16162M,8,28,3.5,377,Slow-Moving Products,Zone D,60.0,224,60,0.0
84795b,14,16,1.1428571428571428,560,Slow-Moving Products,Zone D,60.0,224,60,0.0
84847,11,20,1.8181818181818181,710,Slow-Moving Products,Zone D,60.0,220,60,0.0
84709B,11,20,1.8181818181818181,499,Slow-Moving Products,Zone D,60.0,220,60,0.0
90214Z,10,22,2.2,1504,Slow-Moving Products,Zone D,60.0,220,60,0.0
79071B,11,20,1.8181818181818181,417,Slow-Moving Products,Zone D,60.0,220,60,0.0
21278,7,31,4.428571428571429,371,Slow-Moving Products,Zone D,60.0,217,60,0.0
82011A,12,18,1.5,272,Slow-Moving Products,Zone D,60.0,216,60,0.0
72024U,3,72,24.0,94,Slow-Moving Products,Zone D,60.0,216,60,0.0
90168,12,18,1.5,1922,Active/Regular Products,Zone B,25.0,216,60,35.0
90149,4,53,13.25,738,Slow-Moving Products,Zone D,60.0,212,60,0.0
90181B,14,15,1.0714285714285714,2295,Active/Regular Products,Zone B,25.0,210,60,35.0
90169,11,19,1.7272727272727273,2140,Active/Regular Products,Zone B,25.0,209,60,35.0
20697,11,19,1.7272727272727273,625,Slow-Moving Products,Zone D,60.0,209,60,0.0
20845,11,19,1.7272727272727273,379,Slow-Moving Products,Zone D,60.0,209,60,0.0
23468,11,19,1.7272727272727273,256,Slow-Moving Products,Zone D,60.0,209,60,0.0
79062D,4,52,13.0,67,Slow-Moving Products,Zone D,60.0,208,60,0.0
20933,9,23,2.5555555555555554,493,Slow-Moving Products,Zone D,60.0,207,60,0.0
84597B,5,41,8.2,158,Slow-Moving Products,Zone D,60.0,205,60,0.0
35265,12,17,1.4166666666666667,524,Slow-Moving Products,Zone D,60.0,204,60,0.0
84796a,12,17,1.4166666666666667,481,Slow-Moving Products,Zone D,60.0,204,60,0.0
21393,7,29,3.625,393,Slow-Moving Products,Zone D,60.0,203,60,0.0
84629,10,20,2.0,378,Slow-Moving Products,Zone D,60.0,200,60,0.0
84247K,9,22,2.4444444444444446,311,Slow-Moving Products,Zone D,60.0,198,60,0.0
71050,6,33,5.5,280,Slow-Moving Products,Zone D,60.0,198,60,0.0
90040B,11,18,1.6363636363636365,1561,Slow-Moving Products,Zone D,60.0,198,60,0.0
21349,11,18,1.6363636363636365,1176,Slow-Moving Products,Zone D,60.0,198,60,0.0
16043,2,98,49.0,46,Slow-Moving Products,Zone D,60.0,196,60,0.0
23574,14,14,1.0,106,Slow-Moving Products,Zone D,60.0,196,60,0.0
84596f,12,16,1.3333333333333333,476,Slow-Moving Products,Zone D,60.0,192,60,0.0
85028S,8,24,3.0,209,Slow-Moving Products,Zone D,60.0,192,60,0.0
90195A,10,19,1.9,1063,Slow-Moving Products,Zone D,60.0,190,60,0.0
90199C,10,19,1.5833333333333333,996,Slow-Moving Products,Zone D,60.0,190,60,0.0
35638A,5,38,7.6,163,Slow-Moving Products,Zone D,60.0,190,60,0.0
21357,10,19,1.7272727272727273,456,Slow-Moving Products,Zone D,60.0,190,60,0.0
90039D,9,21,2.3333333333333335,1712,Slow-Moving Products,Zone D,60.0,189,60,0.0
17165D,7,27,3.857142857142857,300,Slow-Moving Products,Zone D,60.0,189,60,0.0
37444C,9,21,2.3333333333333335,1068,Slow-Moving Products,Zone D,60.0,189,60,0.0
37489C,8,23,2.875,236,Slow-Moving Products,Zone D,60.0,184,60,0.0
84402B,3,61,20.333333333333332,133,Slow-Moving Products,Zone D,60.0,183,60,0.0
90130C,13,14,1.0769230769230769,2202,Active/Regular Products,Zone B,25.0,182,60,35.0
90094,13,14,1.0769230769230769,434,Slow-Moving Products,Zone D,60.0,182,60,0.0
72351a,12,15,1.25,484,Slow-Moving Products,Zone D,60.0,180,60,0.0
90089,9,20,2.2222222222222223,1704,Slow-Moving Products,Zone D,60.0,180,60,0.0
20798,5,36,7.2,250,Slow-Moving Products,Zone D,60.0,180,60,0.0
20827,2,88,44.0,64,Slow-Moving Products,Zone D,60.0,176,60,0.0
21040,8,22,2.75,428,Slow-Moving Products,Zone D,60.0,176,60,0.0
79066k,10,17,1.7,528,Slow-Moving Products,Zone D,60.0,170,60,0.0
90202B,10,17,1.7,2004,Active/Regular Products,Zone B,25.0,170,60,35.0
20848,8,21,2.625,483,Slow-Moving Products,Zone D,60.0,168,60,0.0
20878,7,24,3.4285714285714284,355,Slow-Moving Products,Zone D,60.0,168,60,0.0
47586A,8,21,2.625,279,Slow-Moving Products,Zone D,60.0,168,60,0.0
90032,8,21,2.625,533,Slow-Moving Products,Zone D,60.0,168,60,0.0
84033,7,23,3.2857142857142856,288,Slow-Moving Products,Zone D,60.0,161,60,0.0
90194,10,16,1.6,1273,Slow-Moving Products,Zone D,60.0,160,60,0.0
44092C,8,20,2.5,243,Slow-Moving Products,Zone D,60.0,160,60,0.0
90059B,10,16,1.6,1868,Slow-Moving Products,Zone D,60.0,160,60,0.0
84877A,4,40,10.0,358,Slow-Moving Products,Zone D,60.0,160,60,0.0
90190A,10,16,1.6,1687,Slow-Moving Products,Zone D,60.0,160,60,0.0
16162L,8,20,2.5,308,Slow-Moving Products,Zone D,60.0,160,60,0.0
84706F,10,16,1.6,406,Slow-Moving Products,Zone D,60.0,160,60,0.0
84745B,5,32,6.4,372,Slow-Moving Products,Zone D,60.0,160,60,0.0
84745A,5,32,6.4,372,Slow-Moving Products,Zone D,60.0,160,60,0.0
35816P,2,78,39.0,35,Slow-Moving Products,Zone D,60.0,156,60,0.0
21275,12,13,1.0833333333333333,1025,Slow-Moving Products,Zone D,60.0,156,60,0.0
44242B,3,52,17.333333333333332,69,Slow-Moving Products,Zone D,60.0,156,60,0.0
21690,7,22,2.75,256,Slow-Moving Products,Zone D,60.0,154,60,0.0
90036E,11,14,1.2727272727272727,1311,Slow-Moving Products,Zone D,60.0,154,60,0.0
20670,11,14,1.2727272727272727,1246,Slow-Moving Products,Zone D,60.0,154,60,0.0
90180A,9,17,1.8888888888888888,1127,Slow-Moving Products,Zone D,60.0,153,60,0.0
62094B,8,19,2.375,1154,Slow-Moving Products,Zone D,60.0,152,60,0.0
85135A,8,19,2.375,245,Slow-Moving Products,Zone D,60.0,152,60,0.0
90040C,10,15,1.5,1665,Slow-Moving Products,Zone D,60.0,150,60,0.0
84925D,10,15,1.5,424,Slow-Moving Products,Zone D,60.0,150,60,0.0
75013B,6,25,3.5714285714285716,227,Slow-Moving Products,Zone D,60.0,150,60,0.0
90003B,10,15,1.5,1755,Slow-Moving Products,Zone D,60.0,150,60,0.0
90059C,10,15,1.5,1670,Slow-Moving Products,Zone D,60.0,150,60,0.0
90038A,10,15,1.5,1751,Slow-Moving Products,Zone D,60.0,150,60,0.0
72369A,5,30,5.0,592,Slow-Moving Products,Zone D,60.0,150,60,0.0
23632,10,15,1.5,1617,Slow-Moving Products,Zone D,60.0,150,60,0.0
16151A,3,49,16.333333333333332,53,Slow-Moving Products,Zone D,60.0,147,60,0.0
84388,6,24,4.0,302,Slow-Moving Products,Zone D,60.0,144,60,0.0
23464,8,18,2.25,1067,Slow-Moving Products,Zone D,60.0,144,60,0.0
79149B,8,18,2.25,375,Slow-Moving Products,Zone D,60.0,144,60,0.0
21018,6,24,3.4285714285714284,265,Slow-Moving Products,Zone D,60.0,144,60,0.0
44089C,6,24,4.0,199,Slow-Moving Products,Zone D,60.0,144,60,0.0
21370,9,16,1.7777777777777777,1209,Slow-Moving Products,Zone D,60.0,144,60,0.0
90019C,11,13,1.1818181818181819,1876,Slow-Moving Products,Zone D,60.0,143,60,0.0
90005A,10,14,1.4,1608,Slow-Moving Products,Zone D,60.0,140,60,0.0
85084,7,20,2.857142857142857,216,Slow-Moving Products,Zone D,60.0,140,60,0.0
37487B,2,68,34.0,44,Slow-Moving Products,Zone D,60.0,136,60,0.0
84751B,8,17,2.125,228,Slow-Moving Products,Zone D,60.0,136,60,0.0
20698,8,17,1.8888888888888888,499,Slow-Moving Products,Zone D,60.0,136,60,0.0
90123A,9,15,1.6666666666666667,652,Slow-Moving Products,Zone D,60.0,135,60,0.0
22765,5,27,5.4,945,Slow-Moving Products,Zone D,60.0,135,60,0.0
47341A,5,27,5.4,115,Slow-Moving Products,Zone D,60.0,135,60,0.0
BANK CHARGES,11,12,1.0,0,Slow-Moving Products,Zone D,60.0,132,60,0.0
90124B,11,12,1.0909090909090908,1533,Slow-Moving Products,Zone D,60.0,132,60,0.0
84816,10,13,1.3,249,Slow-Moving Products,Zone D,60.0,130,60,0.0
84805A,4,32,8.0,83,Slow-Moving Products,Zone D,60.0,128,60,0.0
85017A,8,16,1.7777777777777777,1472,Slow-Moving Products,Zone D,60.0,128,60,0.0
90177E,9,14,1.5555555555555556,1763,Slow-Moving Products,Zone D,60.0,126,60,0.0
90177A,9,14,1.5555555555555556,1690,Slow-Moving Products,Zone D,60.0,126,60,0.0
84746,9,14,1.5555555555555556,1303,Slow-Moving Products,Zone D,60.0,126,60,0.0
90182C,9,14,1.5555555555555556,1972,Active/Regular Products,Zone B,25.0,126,60,35.0
84842,9,14,1.5555555555555556,827,Slow-Moving Products,Zone D,60.0,126,60,0.0
84616,9,14,1.5555555555555556,611,Slow-Moving Products,Zone D,60.0,126,60,0.0
20778,8,15,1.875,369,Slow-Moving Products,Zone D,60.0,120,60,0.0
81950V,6,20,3.3333333333333335,380,Slow-Moving Products,Zone D,60.0,120,60,0.0
85185D,8,15,1.875,356,Slow-Moving Products,Zone D,60.0,120,60,0.0
90141A,10,12,1.2,1629,Slow-Moving Products,Zone D,60.0,120,60,0.0
90081A,8,15,1.875,341,Slow-Moving Products,Zone D,60.0,120,60,0.0
21692,7,17,2.125,241,Slow-Moving Products,Zone D,60.0,119,60,0.0
90016A,7,17,2.4285714285714284,616,Slow-Moving Products,Zone D,60.0,119,60,0.0
90146,7,17,2.4285714285714284,1358,Slow-Moving Products,Zone D,60.0,119,60,0.0
90002D,9,13,1.4444444444444444,1145,Slow-Moving Products,Zone D,60.0,117,60,0.0
90023,9,13,1.4444444444444444,1359,Slow-Moving Products,Zone D,60.0,117,60,0.0
90184A,9,13,1.4444444444444444,1104,Slow-Moving Products,Zone D,60.0,117,60,0.0
84805B,3,38,12.666666666666666,186,Slow-Moving Products,Zone D,60.0,114,60,0.0
84984A,6,19,3.1666666666666665,242,Slow-Moving Products,Zone D,60.0,114,60,0.0
84086B,7,16,2.0,303,Slow-Moving Products,Zone D,60.0,112,60,0.0
85031A,7,16,2.2857142857142856,234,Slow-Moving Products,Zone D,60.0,112,60,0.0
90125E,10,11,1.1,1091,Slow-Moving Products,Zone D,60.0,110,60,0.0
47590b,9,12,1.3333333333333333,411,Slow-Moving Products,Zone D,60.0,108,60,0.0
90206A,9,12,1.3333333333333333,1756,Slow-Moving Products,Zone D,60.0,108,60,0.0
46000P,6,18,3.0,80,Slow-Moving Products,Zone D,60.0,108,60,0.0
90163A,9,12,1.3333333333333333,1663,Slow-Moving Products,Zone D,60.0,108,60,0.0
79336,3,36,12.0,75,Slow-Moving Products,Zone D,60.0,108,60,0.0
90018C,9,12,1.3333333333333333,1269,Slow-Moving Products,Zone D,60.0,108,60,0.0
85024C,9,12,1.3333333333333333,362,Slow-Moving Products,Zone D,60.0,108,60,0.0
48173c,7,15,2.142857142857143,209,Slow-Moving Products,Zone D,60.0,105,60,0.0
85008,8,13,1.625,753,Slow-Moving Products,Zone D,60.0,104,60,0.0
23463,8,13,1.625,264,Slow-Moving Products,Zone D,60.0,104,60,0.0
90000A,8,13,1.625,929,Slow-Moving Products,Zone D,60.0,104,60,0.0
90038B,8,13,1.625,1564,Slow-Moving Products,Zone D,60.0,104,60,0.0
20821,6,17,2.8333333333333335,128,Slow-Moving Products,Zone D,60.0,102,60,0.0
21761,10,10,1.0,353,Slow-Moving Products,Zone D,60.0,100,60,0.0
23692,2,50,25.0,92,Slow-Moving Products,Zone D,60.0,100,60,0.0
16169P,2,50,25.0,89,Slow-Moving Products,Zone D,60.0,100,60,0.0
23637,9,11,1.2222222222222223,1481,Slow-Moving Products,Zone D,60.0,99,60,0.0
90186A,9,11,1.2222222222222223,1466,Slow-Moving Products,Zone D,60.0,99,60,0.0
90129D,7,14,2.0,1266,Slow-Moving Products,Zone D,60.0,98,60,0.0
90177B,7,14,2.0,1521,Slow-Moving Products,Zone D,60.0,98,60,0.0
90162C,7,14,2.0,324,Slow-Moving Products,Zone D,60.0,98,60,0.0
90067A,7,14,2.0,1055,Slow-Moving Products,Zone D,60.0,98,60,0.0
90187B,8,12,1.5,1862,Slow-Moving Products,Zone D,60.0,96,60,0.0
84666,4,24,6.0,97,Slow-Moving Products,Zone D,60.0,96,60,0.0
90211A,8,12,1.5,1668,Slow-Moving Products,Zone D,60.0,96,60,0.0
90063A,8,12,1.5,333,Slow-Moving Products,Zone D,60.0,96,60,0.0
21331,8,12,1.5,696,Slow-Moving Products,Zone D,60.0,96,60,0.0
35818B,3,31,10.333333333333334,135,Slow-Moving Products,Zone D,60.0,93,60,0.0
84798A,4,23,5.75,314,Slow-Moving Products,Zone D,60.0,92,60,0.0
35597D,2,46,23.0,35,Slow-Moving Products,Zone D,60.0,92,60,0.0
84497,7,13,1.8571428571428572,368,Slow-Moving Products,Zone D,60.0,91,60,0.0
16248B,7,13,1.8571428571428572,487,Slow-Moving Products,Zone D,60.0,91,60,0.0
90190B,7,13,1.8571428571428572,1380,Slow-Moving Products,Zone D,60.0,91,60,0.0
90033,9,10,1.1111111111111112,1485,Slow-Moving Products,Zone D,60.0,90,60,0.0
85030,6,15,2.5,268,Slow-Moving Products,Zone D,60.0,90,60,0.0
21344,6,15,2.5,319,Slow-Moving Products,Zone D,60.0,90,60,0.0
90175B,9,10,1.1111111111111112,1688,Slow-Moving Products,Zone D,60.0,90,60,0.0
16010,3,30,10.0,313,Slow-Moving Products,Zone D,60.0,90,60,0.0
gift_0001_20,9,10,1.1111111111111112,1589,Slow-Moving Products,Zone D,60.0,90,60,0.0
84306,9,10,1.1111111111111112,891,Slow-Moving Products,Zone D,60.0,90,60,0.0
90124C,8,11,1.375,905,Slow-Moving Products,Zone D,60.0,88,60,0.0
84548,4,22,4.4,243,Slow-Moving Products,Zone D,60.0,88,60,0.0
22769,8,11,1.375,1320,Slow-Moving Products,Zone D,60.0,88,60,0.0
37471,3,29,9.666666666666666,113,Slow-Moving Products,Zone D,60.0,87,60,0.0
62043B,5,17,3.4,207,Slow-Moving Products,Zone D,60.0,85,60,0.0
84984B,5,17,3.4,241,Slow-Moving Products,Zone D,60.0,85,60,0.0
81953P,3,28,9.333333333333334,222,Slow-Moving Products,Zone D,60.0,84,60,0.0
37488A,3,28,9.333333333333334,127,Slow-Moving Products,Zone D,60.0,84,60,0.0
85018D,7,12,1.7142857142857142,282,Slow-Moving Products,Zone D,60.0,84,60,0.0
90011B,7,12,1.7142857142857142,1348,Slow-Moving Products,Zone D,60.0,84,60,0.0
90123C,6,14,2.3333333333333335,835,Slow-Moving Products,Zone D,60.0,84,60,0.0
90064B,7,12,1.7142857142857142,205,Slow-Moving Products,Zone D,60.0,84,60,0.0
35809a,9,9,1.0,309,Slow-Moving Products,Zone D,60.0,81,60,0.0
85132b,9,9,1.0,179,Slow-Moving Products,Zone D,60.0,81,60,0.0
90054,9,9,1.0,1699,Slow-Moving Products,Zone D,60.0,81,60,0.0
90183C,9,9,1.0,1663,Slow-Moving Products,Zone D,60.0,81,60,0.0
90141C,8,10,1.25,1671,Slow-Moving Products,Zone D,60.0,80,60,0.0
35910A,4,20,5.0,214,Slow-Moving Products,Zone D,60.0,80,60,0.0
90212B,8,10,1.25,1233,Slow-Moving Products,Zone D,60.0,80,60,0.0
90214O,5,16,3.2,1212,Slow-Moving Products,Zone D,60.0,80,60,0.0
90214W,5,16,3.2,728,Slow-Moving Products,Zone D,60.0,80,60,0.0
10124A,5,16,3.2,196,Slow-Moving Products,Zone D,60.0,80,60,0.0
79331,3,26,8.666666666666666,52,Slow-Moving Products,Zone D,60.0,78,60,0.0
90010B,7,11,1.5714285714285714,936,Slow-Moving Products,Zone D,60.0,77,60,0.0
90000B,7,11,1.5714285714285714,1202,Slow-Moving Products,Zone D,60.0,77,60,0.0
20818,5,15,3.0,978,Slow-Moving Products,Zone D,60.0,75,60,0.0
23448,3,25,8.333333333333334,84,Slow-Moving Products,Zone D,60.0,75,60,0.0
84462,6,12,2.0,200,Slow-Moving Products,Zone D,60.0,72,60,0.0
90199B,8,9,1.125,1546,Slow-Moving Products,Zone D,60.0,72,60,0.0
21777,6,12,2.0,1094,Slow-Moving Products,Zone D,60.0,72,60,0.0
44228,2,36,18.0,40,Slow-Moving Products,Zone D,60.0,72,60,0.0
21655,2,36,18.0,3,Slow-Moving Products,Zone D,60.0,72,60,0.0
23640,8,9,1.125,1613,Slow-Moving Products,Zone D,60.0,72,60,0.0
gift_0001_10,8,9,1.125,1368,Slow-Moving Products,Zone D,60.0,72,60,0.0
84206A,3,24,8.0,201,Slow-Moving Products,Zone D,60.0,72,60,0.0
84881,6,12,2.0,646,Slow-Moving Products,Zone D,60.0,72,60,0.0
17001,1,72,72.0,13,Slow-Moving Products,Zone D,60.0,72,60,0.0
84465,7,10,1.4285714285714286,283,Slow-Moving Products,Zone D,60.0,70,60,0.0
22828,7,10,1.4285714285714286,181,Slow-Moving Products,Zone D,60.0,70,60,0.0
23620,7,10,1.4285714285714286,1104,Slow-Moving Products,Zone D,60.0,70,60,0.0
20785,5,14,2.8,223,Slow-Moving Products,Zone D,60.0,70,60,0.0
90051,7,10,1.4285714285714286,1031,Slow-Moving Products,Zone D,60.0,70,60,0.0
90138,7,10,1.4285714285714286,1590,Slow-Moving Products,Zone D,60.0,70,60,0.0
90040A,5,14,2.8,920,Slow-Moving Products,Zone D,60.0,70,60,0.0
44092B,5,14,2.8,211,Slow-Moving Products,Zone D,60.0,70,60,0.0
22275,1,69,69.0,0,Slow-Moving Products,Zone D,60.0,69,60,0.0
84270,4,17,4.25,1246,Slow-Moving Products,Zone D,60.0,68,60,0.0
10124G,4,17,4.25,199,Slow-Moving Products,Zone D,60.0,68,60,0.0
84803B,4,17,4.25,143,Slow-Moving Products,Zone D,60.0,68,60,0.0
90199A,6,11,1.8333333333333333,1122,Slow-Moving Products,Zone D,60.0,66,60,0.0
23441,3,22,7.333333333333333,57,Slow-Moving Products,Zone D,60.0,66,60,0.0
23613,6,11,1.8333333333333333,1357,Slow-Moving Products,Zone D,60.0,66,60,0.0
90039B,6,11,1.8333333333333333,1423,Slow-Moving Products,Zone D,60.0,66,60,0.0
84801B,3,22,7.333333333333333,89,Slow-Moving Products,Zone D,60.0,66,60,0.0
85089,5,13,2.6,434,Slow-Moving Products,Zone D,60.0,65,60,0.0
62074B,4,16,4.0,149,Slow-Moving Products,Zone D,60.0,64,60,0.0
90182A,8,8,1.0,1805,Slow-Moving Products,Zone D,60.0,64,60,0.0
90178A,8,8,1.0,856,Slow-Moving Products,Zone D,60.0,64,60,0.0
85132a,8,8,1.0,304,Slow-Moving Products,Zone D,60.0,64,60,0.0
23636,7,9,1.2857142857142858,1505,Slow-Moving Products,Zone D,60.0,63,60,0.0
90155,7,9,1.2857142857142858,987,Slow-Moving Products,Zone D,60.0,63,60,0.0
20851,7,9,1.2857142857142858,240,Slow-Moving Products,Zone D,60.0,63,60,0.0
90188,7,9,1.2857142857142858,1836,Slow-Moving Products,Zone D,60.0,63,60,0.0
44089A,4,15,3.75,224,Slow-Moving Products,Zone D,60.0,60,60,0.0
21461,6,10,1.6666666666666667,619,Slow-Moving Products,Zone D,60.0,60,60,0.0
90064A,6,10,1.6666666666666667,863,Slow-Moving Products,Zone D,60.0,60,60,0.0
90036D,5,12,2.4,290,Slow-Moving Products,Zone D,60.0,60,60,0.0
84596e,6,10,1.6666666666666667,327,Slow-Moving Products,Zone D,60.0,60,60,0.0
21011,3,20,6.666666666666667,131,Slow-Moving Products,Zone D,60.0,60,60,0.0
16202B,2,29,14.5,145,Slow-Moving Products,Zone D,60.0,58,60,0.0
23616,7,8,1.1428571428571428,1547,Slow-Moving Products,Zone D,60.0,56,60,0.0
85206B,4,14,3.5,158,Slow-Moving Products,Zone D,60.0,56,60,0.0
23607,7,8,1.1428571428571428,1575,Slow-Moving Products,Zone D,60.0,56,60,0.0
84536a,4,14,3.5,341,Slow-Moving Products,Zone D,60.0,56,60,0.0
84575A,4,14,3.5,146,Slow-Moving Products,Zone D,60.0,56,60,0.0
47013A,4,14,3.5,199,Slow-Moving Products,Zone D,60.0,56,60,0.0
84921,5,11,2.2,229,Slow-Moving Products,Zone D,60.0,55,60,0.0
90012A,5,11,2.2,698,Slow-Moving Products,Zone D,60.0,55,60,0.0
90175C,6,9,1.5,104,Slow-Moving Products,Zone D,60.0,54,60,0.0
84016,2,27,13.5,156,Slow-Moving Products,Zone D,60.0,54,60,0.0
90211B,6,9,1.5,973,Slow-Moving Products,Zone D,60.0,54,60,0.0
90027D,6,9,1.5,1404,Slow-Moving Products,Zone D,60.0,54,60,0.0
35966,2,27,13.5,88,Slow-Moving Products,Zone D,60.0,54,60,0.0
90063B,6,9,1.5,531,Slow-Moving Products,Zone D,60.0,54,60,0.0
85092,2,27,13.5,132,Slow-Moving Products,Zone D,60.0,54,60,0.0
84922,6,9,1.5,389,Slow-Moving Products,Zone D,60.0,54,60,0.0
84984D,4,13,3.25,79,Slow-Moving Products,Zone D,60.0,52,60,0.0
84539,2,26,13.0,36,Slow-Moving Products,Zone D,60.0,52,60,0.0
71496B,4,13,3.25,164,Slow-Moving Products,Zone D,60.0,52,60,0.0
35607A,2,26,13.0,290,Slow-Moving Products,Zone D,60.0,52,60,0.0
35610C,2,25,12.5,610,Slow-Moving Products,Zone D,60.0,50,60,0.0
90120D,5,10,2.0,834,Slow-Moving Products,Zone D,60.0,50,60,0.0
90157,5,10,2.0,1189,Slow-Moving Products,Zone D,60.0,50,60,0.0
90162D,5,10,2.0,211,Slow-Moving Products,Zone D,60.0,50,60,0.0
90037B,5,10,2.0,1087,Slow-Moving Products,Zone D,60.0,50,60,0.0
35400,5,10,2.0,176,Slow-Moving Products,Zone D,60.0,50,60,0.0
gift_0001_30,7,7,1.0,832,Slow-Moving Products,Zone D,60.0,49,60,0.0
90181A,7,7,1.0,1673,Slow-Moving Products,Zone D,60.0,49,60,0.0
17007B,2,24,12.0,38,Slow-Moving Products,Zone D,60.0,48,60,0.0
90024B,6,8,1.3333333333333333,1325,Slow-Moving Products,Zone D,60.0,48,60,0.0
90148,6,8,1.3333333333333333,453,Slow-Moving Products,Zone D,60.0,48,60,0.0
84968e,6,8,1.3333333333333333,565,Slow-Moving Products,Zone D,60.0,48,60,0.0
78034B,6,8,1.1428571428571428,180,Slow-Moving Products,Zone D,60.0,48,60,0.0
90124A,6,8,1.3333333333333333,555,Slow-Moving Products,Zone D,60.0,48,60,0.0
23623,6,8,1.3333333333333333,1193,Slow-Moving Products,Zone D,60.0,48,60,0.0
35443,6,8,1.3333333333333333,363,Slow-Moving Products,Zone D,60.0,48,60,0.0
84715,3,16,5.333333333333333,141,Slow-Moving Products,Zone D,60.0,48,60,0.0
40005B,4,12,3.0,163,Slow-Moving Products,Zone D,60.0,48,60,0.0
16202E,3,15,5.0,117,Slow-Moving Products,Zone D,60.0,45,60,0.0
90036C,5,9,1.8,1040,Slow-Moving Products,Zone D,60.0,45,60,0.0
90141B,5,9,1.8,1324,Slow-Moving Products,Zone D,60.0,45,60,0.0
90123B,5,9,1.8,537,Slow-Moving Products,Zone D,60.0,45,60,0.0
90082D,5,9,1.8,730,Slow-Moving Products,Zone D,60.0,45,60,0.0
72821,4,11,2.75,142,Slow-Moving Products,Zone D,60.0,44,60,0.0
84732B,2,22,11.0,64,Slow-Moving Products,Zone D,60.0,44,60,0.0
82605,3,14,4.666666666666667,91,Slow-Moving Products,Zone D,60.0,42,60,0.0
90036F,5,8,1.6,1205,Slow-Moving Products,Zone D,60.0,40,60,0.0
85028L,4,10,2.5,179,Slow-Moving Products,Zone D,60.0,40,60,0.0
22034,4,10,2.5,943,Slow-Moving Products,Zone D,60.0,40,60,0.0
90142D,4,10,2.5,467,Slow-Moving Products,Zone D,60.0,40,60,0.0
23646,5,8,1.6,1132,Slow-Moving Products,Zone D,60.0,40,60,0.0
90196A,5,8,1.6,224,Slow-Moving Products,Zone D,60.0,40,60,0.0
90079,4,10,2.5,854,Slow-Moving Products,Zone D,60.0,40,60,0.0
72807a,5,8,1.6,452,Slow-Moving Products,Zone D,60.0,40,60,0.0
22125,3,13,4.333333333333333,164,Slow-Moving Products,Zone D,60.0,39,60,0.0
90012B,3,13,4.333333333333333,71,Slow-Moving Products,Zone D,60.0,39,60,0.0
35910B,3,13,4.333333333333333,129,Slow-Moving Products,Zone D,60.0,39,60,0.0
47589,3,13,4.333333333333333,121,Slow-Moving Products,Zone D,60.0,39,60,0.0
35271S,2,19,9.5,82,Slow-Moving Products,Zone D,60.0,38,60,0.0
23645,4,9,2.25,1121,Slow-Moving Products,Zone D,60.0,36,60,0.0
90179C,6,6,1.0,835,Slow-Moving Products,Zone D,60.0,36,60,0.0
90011A,6,6,1.0,1269,Slow-Moving Products,Zone D,60.0,36,60,0.0
90130A,6,6,1.0,1250,Slow-Moving Products,Zone D,60.0,36,60,0.0
90038C,4,9,2.25,581,Slow-Moving Products,Zone D,60.0,36,60,0.0
85231g,6,6,1.0,147,Slow-Moving Products,Zone D,60.0,36,60,0.0
84840,6,6,1.0,1126,Slow-Moving Products,Zone D,60.0,36,60,0.0
82615,1,36,36.0,15,Slow-Moving Products,Zone D,60.0,36,60,0.0
35958,3,12,4.0,108,Slow-Moving Products,Zone D,60.0,36,60,0.0
90122B,6,6,1.0,797,Slow-Moving Products,Zone D,60.0,36,60,0.0
35817P,2,18,9.0,27,Slow-Moving Products,Zone D,60.0,36,60,0.0
90199D,6,6,1.0,1160,Slow-Moving Products,Zone D,60.0,36,60,0.0
90076,4,9,2.25,1202,Slow-Moving Products,Zone D,60.0,36,60,0.0
90060F,6,6,1.0,1355,Slow-Moving Products,Zone D,60.0,36,60,0.0
90039C,6,6,1.0,1569,Slow-Moving Products,Zone D,60.0,36,60,0.0
23625,4,9,2.25,1431,Slow-Moving Products,Zone D,60.0,36,60,0.0
85067,5,7,1.4,81,Slow-Moving Products,Zone D,60.0,35,60,0.0
90163B,5,7,1.4,1587,Slow-Moving Products,Zone D,60.0,35,60,0.0
84596b,5,7,1.4,254,Slow-Moving Products,Zone D,60.0,35,60,0.0
90001D,5,7,1.4,1038,Slow-Moving Products,Zone D,60.0,35,60,0.0
85195,3,11,3.6666666666666665,245,Slow-Moving Products,Zone D,60.0,33,60,0.0
81953B,3,11,2.2,189,Slow-Moving Products,Zone D,60.0,33,60,0.0
84798B,3,11,3.6666666666666665,125,Slow-Moving Products,Zone D,60.0,33,60,0.0
90050,4,8,2.0,509,Slow-Moving Products,Zone D,60.0,32,60,0.0
20793,4,8,2.0,109,Slow-Moving Products,Zone D,60.0,32,60,0.0
90151,4,8,2.0,166,Slow-Moving Products,Zone D,60.0,32,60,0.0
84706D,4,8,2.0,157,Slow-Moving Products,Zone D,60.0,32,60,0.0
72783,2,16,8.0,152,Slow-Moving Products,Zone D,60.0,32,60,0.0
23601,4,8,2.0,1124,Slow-Moving Products,Zone D,60.0,32,60,0.0
22145,1,30,30.0,0,Slow-Moving Products,Zone D,60.0,30,60,0.0
84924F,3,10,3.3333333333333335,115,Slow-Moving Products,Zone D,60.0,30,60,0.0
90159,5,6,1.2,1554,Slow-Moving Products,Zone D,60.0,30,60,0.0
90179A,5,6,1.2,1427,Slow-Moving Products,Zone D,60.0,30,60,0.0
90123D,5,6,1.2,1372,Slow-Moving Products,Zone D,60.0,30,60,0.0
35610A,3,10,3.3333333333333335,871,Slow-Moving Products,Zone D,60.0,30,60,0.0
84632,5,6,1.2,55,Slow-Moving Products,Zone D,60.0,30,60,0.0
90065A,4,7,1.75,206,Slow-Moving Products,Zone D,60.0,28,60,0.0
90176D,4,7,1.75,196,Slow-Moving Products,Zone D,60.0,28,60,0.0
44091A,3,9,3.0,253,Slow-Moving Products,Zone D,60.0,27,60,0.0
17174,3,9,3.0,193,Slow-Moving Products,Zone D,60.0,27,60,0.0
85189,3,9,2.25,143,Slow-Moving Products,Zone D,60.0,27,60,0.0
62097B,3,9,3.0,79,Slow-Moving Products,Zone D,60.0,27,60,0.0
84551,2,13,6.5,124,Slow-Moving Products,Zone D,60.0,26,60,0.0
22351,2,13,6.5,716,Slow-Moving Products,Zone D,60.0,26,60,0.0
35647,2,13,6.5,51,Slow-Moving Products,Zone D,60.0,26,60,0.0
84201B,2,13,6.5,162,Slow-Moving Products,Zone D,60.0,26,60,0.0
90152A,5,5,1.0,1102,Slow-Moving Products,Zone D,60.0,25,60,0.0
16161M,1,25,25.0,26,Slow-Moving Products,Zone D,60.0,25,60,0.0
16169N,1,25,25.0,43,Slow-Moving Products,Zone D,60.0,25,60,0.0
90196B,5,5,1.0,311,Slow-Moving Products,Zone D,60.0,25,60,0.0
47518f,5,5,1.0,298,Slow-Moving Products,Zone D,60.0,25,60,0.0
84558a,5,5,1.0,371,Slow-Moving Products,Zone D,60.0,25,60,0.0
90027C,5,5,1.0,1129,Slow-Moving Products,Zone D,60.0,25,60,0.0
22206,5,5,1.0,1110,Slow-Moving Products,Zone D,60.0,25,60,0.0
90055,5,5,1.0,1235,Slow-Moving Products,Zone D,60.0,25,60,0.0
90042C,5,5,1.0,1106,Slow-Moving Products,Zone D,60.0,25,60,0.0
90037C,5,5,1.0,1221,Slow-Moving Products,Zone D,60.0,25,60,0.0
23634,5,5,1.0,1485,Slow-Moving Products,Zone D,60.0,25,60,0.0
90180B,5,5,1.0,1013,Slow-Moving Products,Zone D,60.0,25,60,0.0
90182B,5,5,1.0,1356,Slow-Moving Products,Zone D,60.0,25,60,0.0
23644,5,5,1.0,1175,Slow-Moving Products,Zone D,60.0,25,60,0.0
72807c,5,5,1.0,483,Slow-Moving Products,Zone D,60.0,25,60,0.0
90001C,5,5,1.0,1090,Slow-Moving Products,Zone D,60.0,25,60,0.0
84857B,1,24,24.0,12,Slow-Moving Products,Zone D,60.0,24,60,0.0
20935,4,6,1.5,199,Slow-Moving Products,Zone D,60.0,24,60,0.0
46115B,2,12,6.0,69,Slow-Moving Products,Zone D,60.0,24,60,0.0
21763,4,6,1.5,207,Slow-Moving Products,Zone D,60.0,24,60,0.0
90036A,4,6,1.5,373,Slow-Moving Products,Zone D,60.0,24,60,0.0
84750A,1,24,24.0,21,Slow-Moving Products,Zone D,60.0,24,60,0.0
37491A,4,6,1.5,1487,Slow-Moving Products,Zone D,60.0,24,60,0.0
35909A,3,8,2.6666666666666665,209,Slow-Moving Products,Zone D,60.0,24,60,0.0
23621,4,6,1.5,1269,Slow-Moving Products,Zone D,60.0,24,60,0.0
20910,3,8,2.6666666666666665,119,Slow-Moving Products,Zone D,60.0,24,60,0.0
35809B,3,8,2.6666666666666665,98,Slow-Moving Products,Zone D,60.0,24,60,0.0
35610B,1,24,24.0,6,Slow-Moving Products,Zone D,60.0,24,60,0.0
90039A,3,8,2.6666666666666665,978,Slow-Moving Products,Zone D,60.0,24,60,0.0
84415A,2,12,6.0,51,Slow-Moving Products,Zone D,60.0,24,60,0.0
84415B,3,8,2.6666666666666665,60,Slow-Moving Products,Zone D,60.0,24,60,0.0
79329,2,12,6.0,72,Slow-Moving Products,Zone D,60.0,24,60,0.0
84732D,2,11,5.5,64,Slow-Moving Products,Zone D,60.0,22,60,0.0
79151B,2,11,5.5,74,Slow-Moving Products,Zone D,60.0,22,60,0.0
71215,2,11,5.5,58,Slow-Moving Products,Zone D,60.0,22,60,0.0
21769,2,11,5.5,16,Slow-Moving Products,Zone D,60.0,22,60,0.0
90120A,3,7,2.3333333333333335,981,Slow-Moving Products,Zone D,60.0,21,60,0.0
90212C,3,7,2.3333333333333335,42,Slow-Moving Products,Zone D,60.0,21,60,0.0
72798C,3,7,2.3333333333333335,64,Slow-Moving Products,Zone D,60.0,21,60,0.0
90024F,4,5,1.25,1616,Slow-Moving Products,Zone D,60.0,20,60,0.0
90014C,4,5,1.25,577,Slow-Moving Products,Zone D,60.0,20,60,0.0
20695,4,5,1.25,213,Slow-Moving Products,Zone D,60.0,20,60,0.0
35591T,4,5,1.25,280,Slow-Moving Products,Zone D,60.0,20,60,0.0
90001A,4,5,1.25,1309,Slow-Moving Products,Zone D,60.0,20,60,0.0
37351,2,10,5.0,66,Slow-Moving Products,Zone D,60.0,20,60,0.0
82613c,4,5,1.25,299,Slow-Moving Products,Zone D,60.0,20,60,0.0
20671,2,10,5.0,98,Slow-Moving Products,Zone D,60.0,20,60,0.0
90041,4,5,1.25,971,Slow-Moving Products,Zone D,60.0,20,60,0.0
90029,4,5,1.25,668,Slow-Moving Products,Zone D,60.0,20,60,0.0
18097A,4,5,1.25,205,Slow-Moving Products,Zone D,60.0,20,60,0.0
84509b,4,5,1.25,399,Slow-Moving Products,Zone D,60.0,20,60,0.0
21416,4,5,1.25,248,Slow-Moving Products,Zone D,60.0,20,60,0.0
23654,4,5,1.25,1160,Slow-Moving Products,Zone D,60.0,20,60,0.0
84613A,3,6,2.0,274,Slow-Moving Products,Zone D,60.0,18,60,0.0
84675,2,9,4.5,70,Slow-Moving Products,Zone D,60.0,18,60,0.0
84809B,1,18,18.0,47,Slow-Moving Products,Zone D,60.0,18,60,0.0
85225,3,6,2.0,46,Slow-Moving Products,Zone D,60.0,18,60,0.0
35598A,2,9,4.5,129,Slow-Moving Products,Zone D,60.0,18,60,0.0
21757,3,6,2.0,134,Slow-Moving Products,Zone D,60.0,18,60,0.0
90027A,3,6,2.0,697,Slow-Moving Products,Zone D,60.0,18,60,0.0
21827,3,6,2.0,157,Slow-Moving Products,Zone D,60.0,18,60,0.0
90013D,3,6,2.0,1125,Slow-Moving Products,Zone D,60.0,18,60,0.0
90053,4,4,1.0,988,Slow-Moving Products,Zone D,60.0,16,60,0.0
90056,4,4,1.0,1313,Slow-Moving Products,Zone D,60.0,16,60,0.0
23615,4,4,1.0,1144,Slow-Moving Products,Zone D,60.0,16,60,0.0
23639,4,4,1.0,1397,Slow-Moving Products,Zone D,60.0,16,60,0.0
35909B,2,8,4.0,114,Slow-Moving Products,Zone D,60.0,16,60,0.0
23624,4,4,1.0,935,Slow-Moving Products,Zone D,60.0,16,60,0.0
90025F,4,4,1.0,648,Slow-Moving Products,Zone D,60.0,16,60,0.0
90135,2,8,4.0,189,Slow-Moving Products,Zone D,60.0,16,60,0.0
84206C,2,8,4.0,132,Slow-Moving Products,Zone D,60.0,16,60,0.0
20816,2,8,4.0,29,Slow-Moving Products,Zone D,60.0,16,60,0.0
82613b,4,4,1.0,193,Slow-Moving Products,Zone D,60.0,16,60,0.0
23650,4,4,1.0,1216,Slow-Moving Products,Zone D,60.0,16,60,0.0
gift_0001_50,4,4,1.0,1003,Slow-Moving Products,Zone D,60.0,16,60,0.0
90195B,4,4,1.0,419,Slow-Moving Products,Zone D,60.0,16,60,0.0
DCGS0003,4,4,1.0,990,Slow-Moving Products,Zone D,60.0,16,60,0.0
72807b,4,4,1.0,113,Slow-Moving Products,Zone D,60.0,16,60,0.0
10123C,3,5,1.6666666666666667,85,Slow-Moving Products,Zone D,60.0,15,60,0.0
22764,3,5,1.6666666666666667,242,Slow-Moving Products,Zone D,60.0,15,60,0.0
84968a,3,5,1.6666666666666667,250,Slow-Moving Products,Zone D,60.0,15,60,0.0
90035A,3,5,1.6666666666666667,472,Slow-Moving Products,Zone D,60.0,15,60,0.0
90001B,3,5,1.6666666666666667,494,Slow-Moving Products,Zone D,60.0,15,60,0.0
21836,3,5,1.6666666666666667,243,Slow-Moving Products,Zone D,60.0,15,60,0.0
79157V,3,5,1.6666666666666667,105,Slow-Moving Products,Zone D,60.0,15,60,0.0
90049,3,5,1.6666666666666667,607,Slow-Moving Products,Zone D,60.0,15,60,0.0
16244B,2,7,3.5,77,Slow-Moving Products,Zone D,60.0,14,60,0.0
16202A,2,7,3.5,96,Slow-Moving Products,Zone D,60.0,14,60,0.0
72802a,2,7,3.5,74,Slow-Moving Products,Zone D,60.0,14,60,0.0
16206B,2,7,3.5,133,Slow-Moving Products,Zone D,60.0,14,60,0.0
23627,2,7,3.5,788,Slow-Moving Products,Zone D,60.0,14,60,0.0
84499,2,7,3.5,61,Slow-Moving Products,Zone D,60.0,14,60,0.0
90075,3,4,1.3333333333333333,744,Slow-Moving Products,Zone D,60.0,12,60,0.0
20892,3,4,1.3333333333333333,684,Slow-Moving Products,Zone D,60.0,12,60,0.0
90074,3,4,1.3333333333333333,1031,Slow-Moving Products,Zone D,60.0,12,60,0.0
90214U,1,12,12.0,44,Slow-Moving Products,Zone D,60.0,12,60,0.0
90156,3,4,1.3333333333333333,91,Slow-Moving Products,Zone D,60.0,12,60,0.0
84705C,1,12,12.0,7,Slow-Moving Products,Zone D,60.0,12,60,0.0
37444B,3,4,1.3333333333333333,145,Slow-Moving Products,Zone D,60.0,12,60,0.0
44242A,1,12,12.0,26,Slow-Moving Products,Zone D,60.0,12,60,0.0
23702,3,4,1.3333333333333333,0,Slow-Moving Products,Zone D,60.0,12,60,0.0
23449,1,12,12.0,14,Slow-Moving Products,Zone D,60.0,12,60,0.0
84679,2,6,3.0,37,Slow-Moving Products,Zone D,60.0,12,60,0.0
23608,3,4,1.3333333333333333,1031,Slow-Moving Products,Zone D,60.0,12,60,0.0
35645,3,4,1.3333333333333333,125,Slow-Moving Products,Zone D,60.0,12,60,0.0
90026C,3,4,1.3333333333333333,388,Slow-Moving Products,Zone D,60.0,12,60,0.0
90024C,3,4,1.3333333333333333,760,Slow-Moving Products,Zone D,60.0,12,60,0.0
90176B,3,4,1.3333333333333333,769,Slow-Moving Products,Zone D,60.0,12,60,0.0
85109,1,12,12.0,28,Slow-Moving Products,Zone D,60.0,12,60,0.0
90176E,3,4,1.3333333333333333,713,Slow-Moving Products,Zone D,60.0,12,60,0.0
84387A,1,11,11.0,64,Slow-Moving Products,Zone D,60.0,11,60,0.0
21144,2,5,2.5,164,Slow-Moving Products,Zone D,60.0,10,60,0.0
21538,2,5,2.5,84,Slow-Moving Products,Zone D,60.0,10,60,0.0
20820,2,5,2.5,92,Slow-Moving Products,Zone D,60.0,10,60,0.0
90167,1,10,10.0,50,Slow-Moving Products,Zone D,60.0,10,60,0.0
90102,1,10,10.0,47,Slow-Moving Products,Zone D,60.0,10,60,0.0
21228,2,5,2.5,92,Slow-Moving Products,Zone D,60.0,10,60,0.0
90141E,2,5,2.5,76,Slow-Moving Products,Zone D,60.0,10,60,0.0
23612,2,5,2.5,714,Slow-Moving Products,Zone D,60.0,10,60,0.0
90131,2,5,2.5,229,Slow-Moving Products,Zone D,60.0,10,60,0.0
84975,2,5,2.5,58,Slow-Moving Products,Zone D,60.0,10,60,0.0
90179B,3,3,1.0,921,Slow-Moving Products,Zone D,60.0,9,60,0.0
85132c,3,3,1.0,125,Slow-Moving Products,Zone D,60.0,9,60,0.0
84562A,3,3,1.0,78,Slow-Moving Products,Zone D,60.0,9,60,0.0
15060b,3,3,1.0,343,Slow-Moving Products,Zone D,60.0,9,60,0.0
85231b,3,3,1.0,119,Slow-Moving Products,Zone D,60.0,9,60,0.0
84617,3,3,1.0,70,Slow-Moving Products,Zone D,60.0,9,60,0.0
21661,3,3,1.0,297,Slow-Moving Products,Zone D,60.0,9,60,0.0
90132,3,3,1.0,947,Slow-Moving Products,Zone D,60.0,9,60,0.0
90016C,3,3,1.0,1004,Slow-Moving Products,Zone D,60.0,9,60,0.0
90026B,3,3,1.0,285,Slow-Moving Products,Zone D,60.0,9,60,0.0
23633,3,3,1.0,1380,Slow-Moving Products,Zone D,60.0,9,60,0.0
23635,3,3,1.0,1056,Slow-Moving Products,Zone D,60.0,9,60,0.0
90130D,3,3,1.0,1053,Slow-Moving Products,Zone D,60.0,9,60,0.0
90027B,3,3,1.0,978,Slow-Moving Products,Zone D,60.0,9,60,0.0
84968d,3,3,1.0,159,Slow-Moving Products,Zone D,60.0,9,60,0.0
90025D,3,3,1.0,555,Slow-Moving Products,Zone D,60.0,9,60,0.0
90137,3,3,1.0,954,Slow-Moving Products,Zone D,60.0,9,60,0.0
90011E,3,3,1.0,900,Slow-Moving Products,Zone D,60.0,9,60,0.0
90026D,3,3,1.0,132,Slow-Moving Products,Zone D,60.0,9,60,0.0
90011D,3,3,1.0,955,Slow-Moving Products,Zone D,60.0,9,60,0.0
23610,3,3,1.0,748,Slow-Moving Products,Zone D,60.0,9,60,0.0
85034a,3,3,1.0,275,Slow-Moving Products,Zone D,60.0,9,60,0.0
90060D,3,3,1.0,59,Slow-Moving Products,Zone D,60.0,9,60,0.0
90077,3,3,1.0,962,Slow-Moving Products,Zone D,60.0,9,60,0.0
gift_0001_40,3,3,1.0,548,Slow-Moving Products,Zone D,60.0,9,60,0.0
PADS,3,3,1.0,113,Slow-Moving Products,Zone D,60.0,9,60,0.0
79157B,2,4,2.0,71,Slow-Moving Products,Zone D,60.0,8,60,0.0
37491C,1,8,8.0,48,Slow-Moving Products,Zone D,60.0,8,60,0.0
37491D,2,4,2.0,250,Slow-Moving Products,Zone D,60.0,8,60,0.0
23619,2,4,2.0,636,Slow-Moving Products,Zone D,60.0,8,60,0.0
90043,2,4,2.0,387,Slow-Moving Products,Zone D,60.0,8,60,0.0
90141D,2,4,2.0,478,Slow-Moving Products,Zone D,60.0,8,60,0.0
90036B,2,4,2.0,315,Slow-Moving Products,Zone D,60.0,8,60,0.0
17191A,2,4,2.0,33,Slow-Moving Products,Zone D,60.0,8,60,0.0
79323B,1,8,8.0,2,Slow-Moving Products,Zone D,60.0,8,60,0.0
84660a,2,4,2.0,71,Slow-Moving Products,Zone D,60.0,8,60,0.0
23604,2,4,2.0,477,Slow-Moving Products,Zone D,60.0,8,60,0.0
47574B,2,4,2.0,90,Slow-Moving Products,Zone D,60.0,8,60,0.0
46776f,1,7,7.0,1109,Slow-Moving Products,Zone D,60.0,7,60,0.0
DCGS0076,2,3,1.5,739,Slow-Moving Products,Zone D,60.0,6,60,0.0
85160A,1,6,6.0,2,Slow-Moving Products,Zone D,60.0,6,60,0.0
47503J,2,3,1.5,79,Slow-Moving Products,Zone D,60.0,6,60,0.0
90136,2,3,1.5,50,Slow-Moving Products,Zone D,60.0,6,60,0.0
72815,2,3,1.5,142,Slow-Moving Products,Zone D,60.0,6,60,0.0
90176A,2,3,1.5,216,Slow-Moving Products,Zone D,60.0,6,60,0.0
37464,2,3,1.5,86,Slow-Moving Products,Zone D,60.0,6,60,0.0
90042A,2,3,1.5,61,Slow-Moving Products,Zone D,60.0,6,60,0.0
37379A,1,6,6.0,45,Slow-Moving Products,Zone D,60.0,6,60,0.0
90162A,1,6,6.0,12,Slow-Moving Products,Zone D,60.0,6,60,0.0
20906,2,3,1.5,165,Slow-Moving Products,Zone D,60.0,6,60,0.0
37330,1,6,6.0,150,Slow-Moving Products,Zone D,60.0,6,60,0.0
85047,2,3,1.5,174,Slow-Moving Products,Zone D,60.0,6,60,0.0
79192A,2,3,1.5,255,Slow-Moving Products,Zone D,60.0,6,60,0.0
45013,2,3,1.5,36,Slow-Moving Products,Zone D,60.0,6,60,0.0
84689,2,3,1.5,39,Slow-Moving Products,Zone D,60.0,6,60,0.0
17028J,1,6,6.0,18,Slow-Moving Products,Zone D,60.0,6,60,0.0
90176C,2,3,1.5,208,Slow-Moving Products,Zone D,60.0,6,60,0.0
47593b,1,6,6.0,1109,Slow-Moving Products,Zone D,60.0,6,60,0.0
90128A,2,3,1.5,739,Slow-Moving Products,Zone D,60.0,6,60,0.0
84854,1,5,5.0,33,Slow-Moving Products,Zone D,60.0,5,60,0.0
84536b,1,5,5.0,110,Slow-Moving Products,Zone D,60.0,5,60,0.0
46776a,1,5,5.0,1109,Slow-Moving Products,Zone D,60.0,5,60,0.0
84206B,1,5,5.0,32,Slow-Moving Products,Zone D,60.0,5,60,0.0
84201C,1,5,5.0,19,Slow-Moving Products,Zone D,60.0,5,60,0.0
84593,1,5,2.5,10,Slow-Moving Products,Zone D,60.0,5,60,0.0
85035a,2,2,1.0,142,Slow-Moving Products,Zone D,60.0,4,60,0.0
84990,2,2,1.0,36,Slow-Moving Products,Zone D,60.0,4,60,0.0
90128D,2,2,1.0,704,Slow-Moving Products,Zone D,60.0,4,60,0.0
90128B,2,2,1.0,684,Slow-Moving Products,Zone D,60.0,4,60,0.0
85049b,2,2,1.0,205,Slow-Moving Products,Zone D,60.0,4,60,0.0
84660b,2,2,1.0,263,Slow-Moving Products,Zone D,60.0,4,60,0.0
23649,2,2,1.0,826,Slow-Moving Products,Zone D,60.0,4,60,0.0
20954,2,2,1.0,764,Slow-Moving Products,Zone D,60.0,4,60,0.0
90152B,2,2,1.0,532,Slow-Moving Products,Zone D,60.0,4,60,0.0
47570b,2,2,1.0,154,Slow-Moving Products,Zone D,60.0,4,60,0.0
84534b,2,2,1.0,144,Slow-Moving Products,Zone D,60.0,4,60,0.0
85049d,2,2,1.0,81,Slow-Moving Products,Zone D,60.0,4,60,0.0
90025A,2,2,1.0,82,Slow-Moving Products,Zone D,60.0,4,60,0.0
90034,2,2,1.0,748,Slow-Moving Products,Zone D,60.0,4,60,0.0
84802B,1,4,4.0,37,Slow-Moving Products,Zone D,60.0,4,60,0.0
37491B,1,4,4.0,48,Slow-Moving Products,Zone D,60.0,4,60,0.0
90067B,2,2,1.0,558,Slow-Moving Products,Zone D,60.0,4,60,0.0
20678,1,4,4.0,119,Slow-Moving Products,Zone D,60.0,4,60,0.0
90052,2,2,1.0,733,Slow-Moving Products,Zone D,60.0,4,60,0.0
23605,1,4,4.0,216,Slow-Moving Products,Zone D,60.0,4,60,0.0
23638,2,2,1.0,762,Slow-Moving Products,Zone D,60.0,4,60,0.0
90065B,2,2,1.0,61,Slow-Moving Products,Zone D,60.0,4,60,0.0
21895,2,2,1.0,147,Slow-Moving Products,Zone D,60.0,4,60,0.0
37509,2,2,1.0,83,Slow-Moving Products,Zone D,60.0,4,60,0.0
90128C,2,2,1.0,789,Slow-Moving Products,Zone D,60.0,4,60,0.0
85184c,2,2,1.0,291,Slow-Moving Products,Zone D,60.0,4,60,0.0
84824,2,2,1.0,52,Slow-Moving Products,Zone D,60.0,4,60,0.0
90189A,2,2,1.0,95,Slow-Moving Products,Zone D,60.0,4,60,0.0
21595,2,2,1.0,944,Slow-Moving Products,Zone D,60.0,4,60,0.0
21594,2,2,1.0,837,Slow-Moving Products,Zone D,60.0,4,60,0.0
79323P,1,4,4.0,2,Slow-Moving Products,Zone D,60.0,4,60,0.0
85136B,2,2,1.0,118,Slow-Moving Products,Zone D,60.0,4,60,0.0
84856L,2,2,1.0,599,Slow-Moving Products,Zone D,60.0,4,60,0.0
84731,2,2,1.0,213,Slow-Moving Products,Zone D,60.0,4,60,0.0
90011C,2,2,1.0,836,Slow-Moving Products,Zone D,60.0,4,60,0.0
35598C,2,2,1.0,52,Slow-Moving Products,Zone D,60.0,4,60,0.0
84873A,2,2,1.0,53,Slow-Moving Products,Zone D,60.0,4,60,0.0
AMAZONFEE,2,2,1.0,0,Slow-Moving Products,Zone D,60.0,4,60,0.0
79161A,2,2,1.0,149,Slow-Moving Products,Zone D,60.0,4,60,0.0
S,2,2,1.0,0,Slow-Moving Products,Zone D,60.0,4,60,0.0
20861,2,2,1.0,128,Slow-Moving Products,Zone D,60.0,4,60,0.0
90140,2,2,1.0,735,Slow-Moving Products,Zone D,60.0,4,60,0.0
84509g,2,2,1.0,77,Slow-Moving Products,Zone D,60.0,4,60,0.0
90024E,2,2,1.0,633,Slow-Moving Products,Zone D,60.0,4,60,0.0
21681,2,2,1.0,36,Slow-Moving Products,Zone D,60.0,4,60,0.0
90024D,2,2,1.0,244,Slow-Moving Products,Zone D,60.0,4,60,0.0
84968B,2,2,1.0,71,Slow-Moving Products,Zone D,60.0,4,60,0.0
84963A,1,4,4.0,62,Slow-Moving Products,Zone D,60.0,4,60,0.0
23630,2,2,1.0,687,Slow-Moving Products,Zone D,60.0,4,60,0.0
84856S,1,4,4.0,23,Slow-Moving Products,Zone D,60.0,4,60,0.0
84773,1,3,3.0,42,Slow-Moving Products,Zone D,60.0,3,60,0.0
84596g,1,3,3.0,48,Slow-Moving Products,Zone D,60.0,3,60,0.0
90046,1,3,3.0,28,Slow-Moving Products,Zone D,60.0,3,60,0.0
90048,1,3,3.0,28,Slow-Moving Products,Zone D,60.0,3,60,0.0
85031C,1,3,3.0,38,Slow-Moving Products,Zone D,60.0,3,60,0.0
84803A,1,3,3.0,35,Slow-Moving Products,Zone D,60.0,3,60,0.0
85224,1,3,3.0,22,Slow-Moving Products,Zone D,60.0,3,60,0.0
85115B,1,3,3.0,292,Slow-Moving Products,Zone D,60.0,3,60,0.0
84963B,1,3,3.0,1,Slow-Moving Products,Zone D,60.0,3,60,0.0
85126,1,2,2.0,73,Slow-Moving Products,Zone D,60.0,2,60,0.0
84614A,1,2,2.0,23,Slow-Moving Products,Zone D,60.0,2,60,0.0
44265,1,2,2.0,13,Slow-Moving Products,Zone D,60.0,2,60,0.0
84795C,1,2,2.0,18,Slow-Moving Products,Zone D,60.0,2,60,0.0
90127A,1,2,2.0,378,Slow-Moving Products,Zone D,60.0,2,60,0.0
23652,1,2,2.0,571,Slow-Moving Products,Zone D,60.0,2,60,0.0
84802A,1,2,2.0,28,Slow-Moving Products,Zone D,60.0,2,60,0.0
90026A,1,2,2.0,69,Slow-Moving Products,Zone D,60.0,2,60,0.0
21667,1,2,2.0,33,Slow-Moving Products,Zone D,60.0,2,60,0.0
84620,1,2,2.0,38,Slow-Moving Products,Zone D,60.0,2,60,0.0
84971l,1,2,2.0,246,Slow-Moving Products,Zone D,60.0,2,60,0.0
90035C,1,2,2.0,14,Slow-Moving Products,Zone D,60.0,2,60,0.0
90069,1,2,2.0,45,Slow-Moving Products,Zone D,60.0,2,60,0.0
20871,1,2,2.0,56,Slow-Moving Products,Zone D,60.0,2,60,0.0
90078,1,2,2.0,49,Slow-Moving Products,Zone D,60.0,2,60,0.0
62096B,1,2,2.0,88,Slow-Moving Products,Zone D,60.0,2,60,0.0
85036a,1,2,2.0,30,Slow-Moving Products,Zone D,60.0,2,60,0.0
23617,1,2,2.0,502,Slow-Moving Products,Zone D,60.0,2,60,0.0
35833G,1,2,2.0,567,Slow-Moving Products,Zone D,60.0,2,60,0.0
47016,1,2,2.0,144,Slow-Moving Products,Zone D,60.0,2,60,0.0
20964,1,2,2.0,49,Slow-Moving Products,Zone D,60.0,2,60,0.0
90126C,1,2,2.0,378,Slow-Moving Products,Zone D,60.0,2,60,0.0
21186,1,2,2.0,56,Slow-Moving Products,Zone D,60.0,2,60,0.0
21268,1,2,2.0,95,Slow-Moving Products,Zone D,60.0,2,60,0.0
90112,1,2,2.0,10,Slow-Moving Products,Zone D,60.0,2,60,0.0
47591b,1,1,1.0,203,Slow-Moving Products,Zone D,60.0,1,60,0.0
90100,1,1,1.0,66,Slow-Moving Products,Zone D,60.0,1,60,0.0
21839,1,1,1.0,48,Slow-Moving Products,Zone D,60.0,1,60,0.0
90126A,1,1,1.0,487,Slow-Moving Products,Zone D,60.0,1,60,0.0
90060B,1,1,1.0,34,Slow-Moving Products,Zone D,60.0,1,60,0.0
84227,1,1,1.0,49,Slow-Moving Products,Zone D,60.0,1,60,0.0
85036b,1,1,1.0,139,Slow-Moving Products,Zone D,60.0,1,60,0.0
90068,1,1,1.0,8,Slow-Moving Products,Zone D,60.0,1,60,0.0
DCGS0070,1,1,1.0,136,Slow-Moving Products,Zone D,60.0,1,60,0.0
90081B,1,1,1.0,1,Slow-Moving Products,Zone D,60.0,1,60,0.0
90084,1,1,1.0,38,Slow-Moving Products,Zone D,60.0,1,60,0.0
90092,1,1,1.0,459,Slow-Moving Products,Zone D,60.0,1,60,0.0
23609,1,1,1.0,538,Slow-Moving Products,Zone D,60.0,1,60,0.0
B,1,1,1.0,0,Slow-Moving Products,Zone D,60.0,1,60,0.0
85035b,1,1,1.0,65,Slow-Moving Products,Zone D,60.0,1,60,0.0
85035c,1,1,1.0,122,Slow-Moving Products,Zone D,60.0,1,60,0.0
85034b,1,1,1.0,246,Slow-Moving Products,Zone D,60.0,1,60,0.0
51014c,1,1,1.0,1109,Slow-Moving Products,Zone D,60.0,1,60,0.0
22218,1,1,1.0,5,Slow-Moving Products,Zone D,60.0,1,60,0.0
85031B,1,1,1.0,39,Slow-Moving Products,Zone D,60.0,1,60,0.0
85049c,1,1,1.0,281,Slow-Moving Products,Zone D,60.0,1,60,0.0
22146,1,1,1.0,39,Slow-Moving Products,Zone D,60.0,1,60,0.0
22016,1,1,1.0,181,Slow-Moving Products,Zone D,60.0,1,60,0.0
84977,1,1,1.0,12,Slow-Moving Products,Zone D,60.0,1,60,0.0
84968f,1,1,1.0,39,Slow-Moving Products,Zone D,60.0,1,60,0.0
20703,1,1,1.0,34,Slow-Moving Products,Zone D,60.0,1,60,0.0
22323,1,1,1.0,25,Slow-Moving Products,Zone D,60.0,1,60,0.0
35650,1,1,1.0,63,Slow-Moving Products,Zone D,60.0,1,60,0.0
90152C,1,1,1.0,41,Slow-Moving Products,Zone D,60.0,1,60,0.0
21310,1,1,1.0,1,Slow-Moving Products,Zone D,60.0,1,60,0.0
84031b,1,1,1.0,1109,Slow-Moving Products,Zone D,60.0,1,60,0.0
85119,1,1,1.0,122,Slow-Moving Products,Zone D,60.0,1,60,0.0
84569C,1,1,1.0,30,Slow-Moving Products,Zone D,60.0,1,60,0.0
84031a,1,1,1.0,1109,Slow-Moving Products,Zone D,60.0,1,60,0.0
46776b,1,1,1.0,1109,Slow-Moving Products,Zone D,60.0,1,60,0.0
46776e,1,1,1.0,1109,Slow-Moving Products,Zone D,60.0,1,60,0.0
47579,1,1,1.0,94,Slow-Moving Products,Zone D,60.0,1,60,0.0
84510e,1,1,1.0,42,Slow-Moving Products,Zone D,60.0,1,60,0.0
84550,1,1,1.0,54,Slow-Moving Products,Zone D,60.0,1,60,0.0
90025B,1,1,1.0,186,Slow-Moving Products,Zone D,60.0,1,60,0.0
90037A,1,1,1.0,174,Slow-Moving Products,Zone D,60.0,1,60,0.0
90142A,1,1,1.0,454,Slow-Moving Products,Zone D,60.0,1,60,0.0
23628,1,1,1.0,1109,Slow-Moving Products,Zone D,60.0,1,60,0.0
90135A,1,1,1.0,171,Slow-Moving Products,Zone D,60.0,1,60,0.0
90025E,1,1,1.0,134,Slow-Moving Products,Zone D,60.0,1,60,0.0
21160,1,1,1.0,56,Slow-Moving Products,Zone D,60.0,1,60,0.0
90020,1,1,1.0,187,Slow-Moving Products,Zone D,60.0,1,60,0.0
90021,1,1,1.0,59,Slow-Moving Products,Zone D,60.0,1,60,0.0
20860,1,1,1.0,15,Slow-Moving Products,Zone D,60.0,1,60,0.0
23602,1,1,1.0,502,Slow-Moving Products,Zone D,60.0,1,60,0.0
35609A,1,1,1.0,606,Slow-Moving Products,Zone D,60.0,1,60,0.0
22528,1,1,1.0,147,Slow-Moving Products,Zone D,60.0,1,60,0.0
90183c,1,1,1.0,1109,Slow-Moving Products,Zone D,60.0,1,60,0.0
21491,1,1,1.0,15,Slow-Moving Products,Zone D,60.0,1,60,0.0
84661b,1,1,1.0,133,Slow-Moving Products,Zone D,60.0,1,60,0.0
84661a,1,1,1.0,39,Slow-Moving Products,Zone D,60.0,1,60,0.0
82613a,1,1,1.0,57,Slow-Moving Products,Zone D,60.0,1,60,0.0
37461,1,1,1.0,40,Slow-Moving Products,Zone D,60.0,1,60,0.0
37474,1,1,1.0,673,Slow-Moving Products,Zone D,60.0,1,60,0.0
90181C,1,1,1.0,242,Slow-Moving Products,Zone D,60.0,1,60,0.0
21009,1,1,1.0,21,Slow-Moving Products,Zone D,60.0,1,60,0.0
90178B,1,1,1.0,26,Slow-Moving Products,Zone D,60.0,1,60,0.0
23643,1,1,1.0,1109,Slow-Moving Products,Zone D,60.0,1,60,0.0
84613C,1,1,1.0,58,Slow-Moving Products,Zone D,60.0,1,60,0.0
21120,1,1,1.0,647,Slow-Moving Products,Zone D,60.0,1,60,0.0
77079,1,1,1.0,80,Slow-Moving Products,Zone D,60.0,1,60,0.0
72802c,1,1,1.0,281,Slow-Moving Products,Zone D,60.0,1,60,0.0
72803b,1,1,1.0,0,Slow-Moving Products,Zone D,60.0,1,60,0.0
84596l,1,1,1.0,57,Slow-Moving Products,Zone D,60.0,1,60,0.0
21410,1,1,1.0,78,Slow-Moving Products,Zone D,60.0,1,60,0.0
35597A,1,1,1.0,22,Slow-Moving Products,Zone D,60.0,1,60,0.0
35597B,1,1,1.0,22,Slow-Moving Products,Zone D,60.0,1,60,0.0
90184c,1,1,1.0,1109,Slow-Moving Products,Zone D,60.0,1,60,0.0
23664,1,1,1.0,28,Slow-Moving Products,Zone D,60.0,1,60,0.0
21414,1,1,1.0,77,Slow-Moving Products,Zone D,60.0,1,60,0.0
85160a,1,1,1.0,77,Slow-Moving Products,Zone D,60.0,1,60,0.0
90187A,1,1,1.0,176,Slow-Moving Products,Zone D,60.0,1,60,0.0
35004P,1,1,1.0,37,Slow-Moving Products,Zone D,60.0,1,60,0.0
85170A,1,1,1.0,33,Slow-Moving Products,Zone D,60.0,1,60,0.0
85179a,1,1,1.0,237,Slow-Moving Products,Zone D,60.0,1,60,0.0
84743C,1,1,1.0,35,Slow-Moving Products,Zone D,60.0,1,60,0.0
DCGS0069,1,1,1.0,177,Slow-Moving Products,Zone D,60.0,1,60,0.0
DCGS0004,1,1,1.0,131,Slow-Moving Products,Zone D,60.0,1,60,0.0
m,1,1,1.0,77,Slow-Moving Products,Zone D,60.0,1,60,0.0
