StockCode,order_frequency,total_quantity,avg_quantity_per_order,related_product_count
10002,71,860,12.112676056338028,2067
10080,22,303,13.772727272727273,908
10120,29,192,6.620689655172414,1001
10123C,3,5,1.6666666666666667,85
10124A,5,16,3.2,196
10124G,4,17,4.25,199
10125,91,1295,14.23076923076923,2373
10133,196,2856,14.571428571428571,2732
10135,175,2229,12.737142857142857,2893
11001,113,1615,14.29203539823009,2803
15030,12,143,11.916666666666666,465
15034,138,6591,47.76086956521739,2868
15036,518,23826,45.996138996138995,3267
15039,145,2090,14.413793103448276,2953
15044A,102,458,4.490196078431373,2355
15044B,60,321,5.35,1739
15044C,88,313,3.5568181818181817,2369
15044D,84,644,7.666666666666667,2108
15056BL,321,2844,8.85981308411215,2929
15056N,456,3950,8.662280701754385,3161
15056P,144,776,5.388888888888889,2395
15056bl,62,87,1.403225806451613,973
15056n,84,127,1.5119047619047619,958
15056p,26,33,1.2692307692307692,777
15058A,89,200,2.247191011235955,2157
15058B,97,228,2.350515463917526,2232
15058C,72,240,3.3333333333333335,2406
15060B,131,451,3.4427480916030535,2671
15060b,3,3,1.0,343
16008,70,2892,41.31428571428572,1437
16010,3,30,10.0,313
16011,46,1749,38.02173913043478,1120
16012,35,1220,34.857142857142854,968
16014,54,13328,246.8148148148148,1000
16015,24,662,27.583333333333332,506
16016,65,1273,19.584615384615386,1207
16020C,17,84,4.9411764705882355,1527
16033,4,840,210.0,89
16043,2,98,49.0,46
16045,68,8900,130.88235294117646,1328
16046,14,65,4.642857142857143,597
16048,67,1460,21.791044776119403,2415
16049,5,504,100.8,167
16052,13,479,36.84615384615385,1351
16054,33,1166,35.333333333333336,1039
16151A,3,49,16.333333333333332,53
16156L,18,475,26.38888888888889,465
16156S,167,5800,34.73053892215569,1786
16161G,22,700,31.818181818181817,547
16161M,1,25,25.0,26
16161P,248,7201,29.036290322580644,2069
16161U,134,4075,30.41044776119403,1717
16162L,8,20,2.5,308
16162M,8,28,3.5,377
16168M,41,371,9.048780487804878,2504
16169E,149,4563,30.624161073825505,1727
16169K,8,200,25.0,404
16169M,25,660,26.4,734
16169N,1,25,25.0,43
16169P,2,50,25.0,89
16202A,2,7,3.5,96
16202B,2,29,14.5,145
16202E,3,15,5.0,117
16206B,2,7,3.5,133
16207A,34,60,1.7647058823529411,1687
16207B,18,29,1.6111111111111112,1512
16216,45,3333,74.06666666666666,1772
16218,64,3821,59.703125,2274
16219,100,3048,30.48,2763
16225,102,813,7.970588235294118,2771
16235,168,3068,18.261904761904763,3062
16236,136,1438,10.573529411764707,2977
16237,290,4991,17.21034482758621,3208
16238,134,1396,10.417910447761194,3007
16244B,2,7,3.5,77
16248B,7,13,1.8571428571428572,487
16254,17,40,2.3529411764705883,1546
16258A,59,472,8.0,2456
16259,31,3380,109.03225806451613,696
17001,1,72,72.0,13
17003,239,23020,96.31799163179916,3023
17007B,2,24,12.0,38
17011F,7,81,11.571428571428571,702
17012A,65,323,4.969230769230769,2595
17012B,85,525,6.176470588235294,2817
17012C,85,420,4.9411764705882355,2814
17012D,97,461,4.752577319587629,2850
17012E,10,44,4.4,1509
17012F,94,448,4.76595744680851,2900
17013D,13,535,41.15384615384615,915
17014A,8,155,19.375,710
17021,47,2391,50.87234042553192,1171
17028J,1,6,6.0,18
17038,34,1525,44.85294117647059,2122
17084A,7,200,28.571428571428573,256
17084J,8,225,28.125,224
17084N,101,1264,12.514851485148515,2877
17084P,39,423,10.846153846153847,2388
17084R,27,4032,149.33333333333334,971
17090A,10,109,10.9,291
17090D,12,29,2.4166666666666665,404
17091A,25,171,6.84,636
17091J,95,2084,21.936842105263157,2148
17096,24,2545,106.04166666666667,1669
17107D,46,170,3.6956521739130435,1437
17109D,5,61,12.2,277
17129F,57,588,10.31578947368421,2538
17136A,17,352,20.705882352941178,489
17164B,9,27,3.0,300
17165D,7,27,3.857142857142857,300
17174,3,9,3.0,193
17191A,2,4,2.0,33
18007,30,5884,196.13333333333333,1917
18094C,42,192,4.571428571428571,2099
18097A,4,5,1.25,205
18097C,69,695,10.072463768115941,2444
18098C,49,213,4.346938775510204,1987
18098c,12,52,4.333333333333333,394
20615,95,309,3.2526315789473683,2772
20616,71,194,2.732394366197183,2709
20617,43,93,2.1627906976744184,2307
20618,76,148,1.9473684210526316,2526
20619,99,262,2.6464646464646466,2764
20622,51,185,3.627450980392157,2546
20652,78,265,3.3974358974358974,2729
20653,33,73,2.212121212121212,2340
20654,49,152,3.1020408163265305,2591
20655,99,197,1.9898989898989898,2748
20657,33,73,2.212121212121212,1880
20658,105,433,4.123809523809523,2415
20659,62,158,2.5483870967741935,2693
20661,33,44,1.3333333333333333,2181
20662,20,31,1.55,1911
20663,20,25,1.25,2024
20664,18,32,1.7777777777777777,1540
20665,156,461,2.9551282051282053,3043
20666,17,30,1.7647058823529411,1584
20667,16,20,1.25,1476
20668,215,12883,59.92093023255814,2935
20669,96,304,3.1666666666666665,2899
20670,11,14,1.2727272727272727,1246
20671,2,10,5.0,98
20674,205,1563,7.624390243902439,2769
20675,322,3120,9.68944099378882,2882
20676,448,5023,11.212053571428571,3144
20677,333,3674,11.033033033033034,2944
20678,1,4,4.0,119
20679,326,1710,5.245398773006135,2924
20681,46,140,3.0434782608695654,1658
20682,237,1235,5.210970464135021,2996
20684,35,80,2.2857142857142856,1574
20685,696,4088,5.873563218390805,3254
20686,77,267,3.4675324675324677,2431
20694,16,43,2.6875,1372
20695,4,5,1.25,213
20696,30,54,1.8,2323
20697,11,19,1.7272727272727273,625
20698,8,17,2.125,499
20699,41,97,2.3658536585365852,2121
20700,54,73,1.3518518518518519,2350
20701,18,25,1.3888888888888888,1562
20702,42,134,3.1904761904761907,1235
20703,1,1,1.0,34
20704,44,216,4.909090909090909,1758
20705,28,143,5.107142857142857,930
20707,149,464,3.1140939597315436,2780
20711,522,5007,9.591954022988507,3169
20712,863,9773,11.324449594438008,3327
20713,657,11429,17.395738203957382,3276
20716,73,400,5.47945205479452,2171
20717,412,2855,6.929611650485437,3248
20718,575,4769,8.29391304347826,3293
20719,833,13290,15.95438175270108,3318
20723,722,9793,13.563711911357341,3320
20724,1032,17761,17.210271317829456,3390
20725,1565,19432,12.416613418530352,3469
20726,1017,9909,9.743362831858407,3339
20727,1273,12195,9.57973291437549,3438
20728,1150,11786,10.248695652173913,3329
20731,16,92,5.75,926
20733,205,1234,6.019512195121951,3134
20734,26,158,6.076923076923077,221
20735,112,623,5.5625,2569
20748,34,57,1.6764705882352942,930
20749,383,1762,4.600522193211488,2721
20750,385,1747,4.537662337662337,2649
20751,198,971,4.904040404040404,2893
20752,148,407,2.75,2747
20754,304,1457,4.792763157894737,3081
20755,62,306,4.935483870967742,2277
20756,22,63,2.8636363636363638,822
20757,33,158,4.787878787878788,1370
20758,42,159,3.7857142857142856,1301
20759,20,64,3.2,834
20760,21,69,3.2857142857142856,857
20761,63,120,1.9047619047619047,2288
20762,56,106,1.8928571428571428,2164
20763,27,73,2.7037037037037037,1559
20764,76,142,1.868421052631579,2584
20765,59,102,1.728813559322034,1971
20766,57,122,2.1403508771929824,2285
20767,79,250,3.1645569620253164,2564
20768,55,176,3.2,2152
20769,34,80,2.3529411764705883,1984
20770,72,184,2.5555555555555554,2629
20771,40,102,2.55,2151
20772,65,247,3.8,2411
20773,23,56,2.4347826086956523,963
20774,44,86,1.9545454545454546,1888
20775,63,134,2.126984126984127,2580
20777,80,169,2.1125,2643
20778,8,15,1.875,369
20780,28,47,1.6785714285714286,2051
20781,25,35,1.4,1554
20782,27,53,1.962962962962963,2147
20785,5,14,2.8,223
20793,4,8,2.0,109
20794,27,99,3.6666666666666665,2115
20795,11,49,4.454545454545454,1237
20796,9,62,6.888888888888889,1371
20798,5,36,7.2,250
20801,81,1013,12.506172839506172,2101
20802,63,739,11.73015873015873,2000
20803,40,939,23.475,1629
20816,2,8,4.0,29
20818,5,15,3.0,978
20819,27,64,2.3703703703703702,2108
20820,2,5,2.5,92
20821,6,17,2.8333333333333335,128
20823,8,164,20.5,178
20826,8,276,34.5,220
20827,2,88,44.0,64
20828,241,1128,4.680497925311204,2954
20829,194,1314,6.77319587628866,2804
20830,37,136,3.675675675675676,1981
20831,39,216,5.538461538461538,1838
20832,82,1067,13.012195121951219,2420
20835,8,67,8.375,693
20836,17,170,10.0,445
20837,15,141,9.4,594
20838,57,385,6.754385964912281,2216
20839,105,575,5.476190476190476,2741
20840,74,533,7.202702702702703,2433
20845,11,19,1.7272727272727273,379
20846,88,716,8.136363636363637,2654
20847,18,52,2.888888888888889,1620
20848,8,21,2.625,483
20851,7,9,1.2857142857142858,240
20854,41,242,5.902439024390244,1911
20856,61,216,3.540983606557377,2333
20857,8,32,4.0,324
20860,1,1,1.0,15
20861,2,2,1.0,128
20866,90,597,6.633333333333334,2804
20867,62,331,5.338709677419355,2507
20868,46,458,9.956521739130435,2225
20869,29,180,6.206896551724138,1987
20871,1,2,2.0,56
20878,7,24,3.4285714285714284,355
20886,103,485,4.70873786407767,2226
20892,3,4,1.3333333333333333,684
20893,26,268,10.307692307692308,1615
20894,15,33,2.2,989
20897,24,107,4.458333333333333,1937
20898,13,38,2.923076923076923,1318
20901,15,19,1.2666666666666666,1355
20902,56,112,2.0,2449
20903,56,82,1.4642857142857142,2313
20906,2,3,1.5,165
20910,3,8,2.6666666666666665,119
20914,880,6361,7.228409090909091,3333
20931,68,299,4.397058823529412,2641
20932,35,204,5.828571428571428,2150
20933,9,23,2.5555555555555554,493
20934,32,68,2.125,1504
20935,4,6,1.5,199
20936,34,100,2.9411764705882355,2074
20941,19,64,3.3684210526315788,662
20954,2,2,1.0,764
20956,101,822,8.138613861386139,2867
20960,10,29,2.9,214
20961,228,1232,5.4035087719298245,3133
20963,229,1336,5.834061135371179,3151
20964,1,2,2.0,49
20966,97,719,7.412371134020619,2274
20967,83,265,3.1927710843373496,1861
20969,305,1960,6.426229508196721,2998
20970,262,1116,4.259541984732825,2807
20971,522,10993,21.059386973180075,3200
20972,616,7337,11.910714285714286,3227
20973,355,4497,12.667605633802816,3175
20974,355,6976,19.65070422535211,3009
20975,362,6633,18.323204419889503,3055
20977,185,1739,9.4,2579
20978,263,1795,6.82509505703422,3029
20979,325,3734,11.489230769230769,3011
20980,20,79,3.95,1356
20981,249,1974,7.927710843373494,2762
20982,256,2151,8.40234375,2804
20983,268,2737,10.212686567164178,2741
20984,170,3785,22.264705882352942,2021
20985,131,1179,9.0,2922
20986,113,654,5.787610619469026,2763
20992,277,4425,15.974729241877256,2906
20996,225,3191,14.182222222222222,2930
20997,34,59,1.7352941176470589,2337
20998,69,185,2.681159420289855,2469
21000,52,96,1.8461538461538463,2693
21001,50,73,1.46,2649
21002,66,125,1.893939393939394,2384
21003,46,78,1.6956521739130435,2337
21009,1,1,1.0,21
21011,3,20,6.666666666666667,131
21012,199,1169,5.874371859296482,3092
21014,119,1385,11.638655462184873,2831
21015,142,1483,10.443661971830986,2978
21018,6,24,4.0,265
21025,56,174,3.107142857142857,2615
21026,68,255,3.75,2736
21027,42,167,3.9761904761904763,1992
21028,58,187,3.2241379310344827,2565
21030,33,131,3.9696969696969697,1851
21031,19,52,2.736842105263158,1743
21032,30,97,3.2333333333333334,2110
21033,300,1932,6.44,2863
21034,871,1878,2.156142365097589,3050
21035,394,2599,6.596446700507614,3200
21038,23,77,3.347826086956522,704
21039,90,523,5.811111111111111,2287
21040,8,22,2.75,428
21041,255,914,3.5843137254901962,2852
21042,131,334,2.549618320610687,2429
21043,90,492,5.466666666666667,2205
21051,51,192,3.764705882352941,2118
21054,29,70,2.413793103448276,942
21055,105,178,1.6952380952380952,2634
21056,72,184,2.5555555555555554,2023
21058,122,1154,9.459016393442623,2703
21059,94,611,6.5,2358
21060,71,405,5.704225352112676,2381
21061,83,488,5.879518072289157,2163
21062,74,538,7.27027027027027,2010
21063,102,528,5.176470588235294,2465
21064,101,296,2.9306930693069306,2690
21065,90,562,6.2444444444444445,2780
21066,54,702,13.0,2175
21067,76,317,4.171052631578948,2411
21068,198,1638,8.272727272727273,2941
21069,86,1949,22.662790697674417,2369
21070,107,1106,10.336448598130842,2695
21071,177,991,5.598870056497175,2954
21078,313,2769,8.84664536741214,2921
21080,986,13202,13.389452332657202,3372
21082,25,88,3.52,190
21084,181,2610,14.41988950276243,2786
21086,428,7121,16.63785046728972,3042
21087,16,141,8.8125,971
21088,103,1678,16.29126213592233,2414
21089,25,233,9.32,725
21090,217,2413,11.119815668202765,2962
21094,527,8758,16.618595825426944,3168
21095,14,125,8.928571428571429,698
21096,105,1259,11.99047619047619,2517
21098,248,3719,14.995967741935484,3130
21100,27,65,2.4074074074074074,615
21106,53,237,4.471698113207547,2325
21107,97,901,9.288659793814434,2706
21108,262,10241,39.087786259541986,3091
21109,112,936,8.357142857142858,2673
21110,134,1105,8.246268656716419,2674
21111,94,900,9.574468085106384,2651
21112,82,1359,16.573170731707318,2581
21114,138,1341,9.717391304347826,2455
21115,162,562,3.4691358024691357,2677
21116,251,695,2.768924302788845,3058
21117,14,109,7.785714285714286,454
21120,1,1,1.0,647
21121,379,6606,17.430079155672825,2940
21122,344,5325,15.479651162790697,3010
21123,154,1143,7.422077922077922,2824
21124,240,4011,16.7125,2579
21125,103,657,6.378640776699029,2680
21126,126,592,4.698412698412699,2821
21128,36,68,1.8888888888888888,2246
21129,27,52,1.9259259259259258,1527
21131,28,106,3.7857142857142856,1912
21132,22,44,2.0,1464
21135,177,2869,16.2090395480226,2608
21136,370,4687,12.667567567567568,2837
21137,375,11651,31.069333333333333,3006
21143,36,327,9.083333333333334,1698
21144,2,5,2.5,164
21145,8,122,15.25,352
21147,76,203,2.6710526315789473,2796
21154,451,4034,8.944567627494457,3302
21155,485,3155,6.505154639175258,3005
21156,358,3170,8.854748603351956,2934
21157,34,78,2.2941176470588234,860
21158,170,1469,8.641176470588235,2888
21159,124,1126,9.080645161290322,2574
21160,1,1,1.0,56
21161,43,143,3.3255813953488373,1771
21162,162,1462,9.024691358024691,2796
21163,127,1196,9.417322834645669,2596
21164,282,1766,6.26241134751773,3073
21165,449,4154,9.251670378619155,3309
21166,723,10324,14.279391424619641,3344
21167,67,1432,21.37313432835821,2618
21169,450,4413,9.806666666666667,3145
21171,73,438,6.0,2131
21172,467,3485,7.462526766595289,3081
21174,538,4175,7.760223048327138,3360
21175,809,12207,15.088998763906057,3396
21179,266,1940,7.293233082706767,2864
21181,845,12274,14.52544378698225,3362
21186,1,2,2.0,56
21187,48,369,7.6875,2007
21188,50,326,6.52,1944
21189,72,355,4.930555555555555,2713
21190,7,168,24.0,229
21191,95,562,5.91578947368421,2825
21192,88,1092,12.409090909090908,2711
21194,65,498,7.661538461538462,2231
21195,80,693,8.6625,2356
21196,13,108,8.307692307692308,887
21197,27,284,10.518518518518519,2050
21198,71,1028,14.47887323943662,2149
21199,78,966,12.384615384615385,2279
21200,75,1119,14.92,2495
21201,101,1240,12.277227722772277,2506
21202,25,474,18.96,925
21204,85,499,5.870588235294117,2504
21205,68,253,3.7205882352941178,2185
21206,109,1290,11.8348623853211,2479
21207,132,1067,8.083333333333334,2736
21208,83,940,11.325301204819278,2277
21209,89,1224,13.752808988764045,2391
21210,453,5808,12.821192052980132,3173
21211,103,883,8.572815533980583,2426
21212,1320,36396,27.572727272727274,3438
21213,663,15169,22.879336349924586,3267
21215,124,1087,8.766129032258064,2602
21216,430,2128,4.948837209302326,3137
21217,344,1088,3.1627906976744184,3003
21218,394,2433,6.175126903553299,3032
21219,89,448,5.033707865168539,2764
21220,89,338,3.797752808988764,2862
21221,54,261,4.833333333333333,2506
21222,73,265,3.6301369863013697,2711
21224,165,914,5.539393939393939,2996
21226,20,93,4.65,1666
21228,2,5,2.5,92
21231,509,6054,11.893909626719058,3252
21232,831,11842,14.250300842358604,3436
21238,387,3969,10.255813953488373,2895
21239,307,3016,9.824104234527688,2858
21240,325,3570,10.984615384615385,2788
21242,304,3373,11.095394736842104,2813
21243,210,2285,10.880952380952381,2515
21244,196,2282,11.642857142857142,2201
21245,128,1075,8.3984375,2371
21246,96,286,2.9791666666666665,2343
21248,66,205,3.106060606060606,2383
21249,119,724,6.084033613445378,2822
21250,20,95,4.75,1225
21251,46,182,3.9565217391304346,2084
21253,62,134,2.161290322580645,2410
21257,261,688,2.636015325670498,2989
21258,163,532,3.263803680981595,2968
21259,285,1179,4.136842105263158,2863
21260,166,1161,6.993975903614458,2582
21261,45,187,4.155555555555556,2230
21262,78,332,4.256410256410256,2530
21263,42,167,3.9761904761904763,1893
21264,48,283,5.895833333333333,1890
21265,19,131,6.894736842105263,1186
21268,1,2,2.0,95
21269,19,29,1.5263157894736843,1089
21270,36,50,1.3888888888888888,1865
21272,103,548,5.320388349514563,2473
21275,12,13,1.0833333333333333,1025
21277,22,26,1.1818181818181819,762
21278,7,31,4.428571428571429,371
21279,29,85,2.9310344827586206,2084
21280,12,65,5.416666666666667,514
21281,14,43,3.0714285714285716,1578
21284,42,403,9.595238095238095,2247
21285,43,365,8.488372093023257,2040
21286,30,273,9.1,2130
21287,55,1790,32.54545454545455,1343
21288,110,355,3.227272727272727,2903
21289,49,567,11.571428571428571,2205
21291,52,943,18.134615384615383,2048
21292,28,867,30.964285714285715,938
21293,24,116,4.833333333333333,1874
21294,71,1618,22.788732394366196,1908
21306,44,494,11.227272727272727,1884
21307,13,79,6.076923076923077,514
21310,1,1,1.0,1
21311,51,459,9.0,1609
21313,214,3321,15.518691588785046,3072
21314,541,4246,7.848428835489834,3285
21316,15,159,10.6,1253
21317,34,111,3.264705882352941,1791
21318,49,694,14.16326530612245,1723
21319,19,161,8.473684210526315,1469
21320,19,197,10.368421052631579,1117
21324,28,81,2.892857142857143,1449
21326,340,10535,30.985294117647058,3028
21327,252,864,3.4285714285714284,3030
21328,346,1337,3.8641618497109826,3254
21329,287,941,3.278745644599303,3074
21331,8,12,1.5,696
21332,13,19,1.4615384615384615,794
21333,16,56,3.5,835
21336,10,27,2.7,1148
21340,290,975,3.3620689655172415,2773
21344,6,15,2.5,319
21348,6,140,23.333333333333332,452
21349,11,18,1.6363636363636365,1176
21351,34,104,3.0588235294117645,1457
21352,77,378,4.909090909090909,2654
21354,95,799,8.410526315789474,2432
21355,120,789,6.575,2425
21356,151,642,4.251655629139073,3033
21357,10,19,1.9,456
21358,108,411,3.8055555555555554,2753
21359,29,129,4.448275862068965,1190
21360,16,39,2.4375,673
21361,69,106,1.536231884057971,1938
21363,125,243,1.944,2252
21364,24,30,1.25,1154
21365,52,363,6.980769230769231,1991
21366,46,89,1.934782608695652,2561
21367,43,171,3.9767441860465116,2112
21368,33,163,4.9393939393939394,1278
21369,16,101,6.3125,1179
21370,9,16,1.7777777777777777,1209
21371,38,287,7.552631578947368,1514
21372,33,75,2.272727272727273,1799
21373,47,512,10.893617021276595,1039
21374,46,304,6.608695652173913,1640
21375,27,41,1.5185185185185186,1994
21376,17,33,1.9411764705882353,1403
21377,41,121,2.951219512195122,2471
21378,34,142,4.176470588235294,2330
21379,50,178,3.56,2595
21380,290,2165,7.4655172413793105,2877
21381,224,1811,8.084821428571429,2999
21382,128,1143,8.9296875,2578
21383,167,991,5.934131736526946,2988
21385,317,3883,12.249211356466876,3174
21386,51,709,13.901960784313726,1546
21389,128,1113,8.6953125,2606
21390,212,3903,18.410377358490567,2844
21391,106,1069,10.084905660377359,2491
21392,7,34,4.857142857142857,594
21393,7,29,4.142857142857143,393
21394,131,3865,29.50381679389313,2190
21395,90,2838,31.533333333333335,1812
21397,65,1075,16.53846153846154,1928
21398,63,1532,24.317460317460316,1957
21399,71,2054,28.929577464788732,1564
21400,72,881,12.23611111111111,2564
21401,82,1052,12.829268292682928,2593
21402,92,1369,14.880434782608695,2628
21403,106,1857,17.5188679245283,2748
21407,138,290,2.101449275362319,2858
21408,117,285,2.4358974358974357,2891
21410,1,1,1.0,78
21411,241,785,3.2572614107883817,2771
21413,17,48,2.823529411764706,1634
21414,1,1,1.0,77
21415,46,219,4.760869565217392,2154
21416,4,5,1.25,248
21417,68,340,5.0,2668
21418,25,74,2.96,1732
21420,19,53,2.789473684210526,1263
21421,14,299,21.357142857142858,701
21422,63,1607,25.50793650793651,2132
21424,70,346,4.942857142857143,1265
21425,30,87,2.9,1124
21426,46,256,5.565217391304348,1183
21427,41,96,2.341463414634146,1148
21428,262,1207,4.606870229007634,2911
21429,286,1740,6.083916083916084,3165
21430,477,3034,6.360587002096436,3066
21439,130,1430,11.0,2898
21441,62,421,6.790322580645161,2368
21442,59,437,7.406779661016949,2349
21445,21,214,10.19047619047619,923
21446,105,449,4.276190476190476,2881
21447,148,969,6.547297297297297,2647
21448,77,344,4.467532467532467,2242
21452,184,817,4.440217391304348,2812
21454,136,572,4.205882352941177,2749
21455,117,612,5.230769230769231,2587
21456,25,171,6.84,1005
21457,25,124,4.96,1139
21458,36,182,5.055555555555555,1727
21459,19,76,4.0,741
21460,11,28,2.5454545454545454,654
21461,6,10,1.6666666666666667,619
21462,73,198,2.712328767123288,1739
21463,134,649,4.843283582089552,1586
21464,105,249,2.3714285714285714,1481
21465,79,237,3.0,2193
21466,112,304,2.7142857142857144,2449
21467,104,264,2.5384615384615383,2507
21468,66,148,2.242424242424242,2135
21469,89,290,3.258426966292135,2130
21470,140,381,2.7214285714285715,2700
21471,163,639,3.920245398773006,2893
21472,37,123,3.324324324324324,1201
21473,21,27,1.2857142857142858,542
21476,24,41,1.7083333333333333,738
21479,499,3915,7.845691382765531,3257
21481,490,3307,6.748979591836735,3246
21484,402,1871,4.654228855721393,3103
21485,623,3524,5.656500802568218,3246
21486,11,36,3.272727272727273,1560
21488,16,69,4.3125,1446
21491,1,1,1.0,15
21494,313,1928,6.159744408945687,3200
21495,165,5800,35.15151515151515,1793
21497,230,8550,37.17391304347826,2034
21498,336,10526,31.327380952380953,2278
21499,217,6927,31.921658986175114,2034
21500,213,6350,29.812206572769952,2082
21503,23,726,31.565217391304348,620
21504,115,1891,16.443478260869565,2591
21506,323,4922,15.238390092879257,3101
21507,262,3320,12.67175572519084,3077
21508,213,2478,11.633802816901408,2960
21509,274,3741,13.653284671532846,3026
21518,38,318,8.368421052631579,1909
21519,246,3299,13.410569105691057,2862
21520,58,504,8.689655172413794,2505
21523,502,3245,6.464143426294821,3180
21524,480,1752,3.65,3116
21527,144,477,3.3125,1846
21528,111,215,1.936936936936937,2616
21530,104,777,7.471153846153846,2556
21531,246,1516,6.162601626016261,2676
21533,339,1351,3.9852507374631267,2753
21534,155,370,2.3870967741935485,2764
21535,343,2487,7.2507288629737605,2720
21537,61,332,5.442622950819672,1883
21538,2,5,2.5,84
21539,238,969,4.071428571428571,2593
21544,174,1972,11.333333333333334,2947
21547,22,79,3.590909090909091,1550
21555,69,137,1.9855072463768115,2704
21556,114,977,8.570175438596491,2439
21557,162,551,3.4012345679012346,2911
21558,412,2131,5.172330097087379,3172
21559,573,3933,6.863874345549738,3277
21561,213,1281,6.014084507042254,2945
21562,28,324,11.571428571428571,1148
21563,159,1395,8.773584905660377,2736
21564,123,1042,8.471544715447154,2430
21576,78,252,3.230769230769231,2566
21577,175,720,4.114285714285714,2983
21578,127,746,5.874015748031496,2519
21579,50,176,3.52,2216
21580,62,181,2.9193548387096775,2408
21581,79,252,3.189873417721519,2617
21584,146,1059,7.2534246575342465,1965
21586,67,743,11.08955223880597,1187
21587,26,195,7.5,879
21588,132,1494,11.318181818181818,1817
21591,146,1374,9.41095890410959,2077
21592,216,2149,9.949074074074074,2365
21594,2,2,1.0,837
21595,2,2,1.0,944
21609,76,763,10.039473684210526,1509
21613,42,227,5.404761904761905,1093
21614,9,51,5.666666666666667,388
21615,135,891,6.6,2857
21616,138,822,5.956521739130435,2829
21617,102,525,5.147058823529412,2671
21618,91,404,4.43956043956044,2740
21619,164,974,5.939024390243903,2951
21620,165,881,5.33939393939394,2968
21621,475,2787,5.867368421052632,3002
21622,104,380,3.6538461538461537,2281
21623,221,3269,14.79185520361991,2605
21624,95,216,2.2736842105263158,2447
21625,169,407,2.408284023668639,3006
21626,99,794,8.02020202020202,2353
21627,47,63,1.3404255319148937,2059
21628,33,63,1.9090909090909092,2160
21629,42,71,1.6904761904761905,2142
21630,35,69,1.9714285714285715,1919
21631,27,169,6.2592592592592595,1389
21632,24,88,3.6666666666666665,1647
21633,42,125,2.9761904761904763,2164
21634,28,976,34.857142857142854,1420
21635,16,271,16.9375,635
21636,73,913,12.506849315068493,1726
21637,6,109,18.166666666666668,246
21638,40,247,6.175,2039
21640,78,650,8.333333333333334,2700
21641,49,1153,23.53061224489796,2278
21642,101,2471,24.465346534653467,2407
21643,60,550,9.166666666666666,2435
21644,32,215,6.71875,989
21647,25,107,4.28,792
21648,66,729,11.045454545454545,2752
21650,132,2550,19.318181818181817,2968
21651,11,127,11.545454545454545,737
21654,59,974,16.508474576271187,1838
21655,2,36,18.0,3
21656,47,219,4.659574468085107,1964
21657,17,30,1.7647058823529411,1162
21658,212,878,4.1415094339622645,2643
21661,3,3,1.0,297
21662,26,86,3.3076923076923075,1795
21664,18,98,5.444444444444445,563
21666,43,412,9.581395348837209,1774
21667,1,2,2.0,33
21668,437,5494,12.5720823798627,3028
21669,425,5252,12.35764705882353,3005
21670,374,4328,11.572192513368984,2902
21671,369,4402,11.929539295392955,2987
21672,409,4992,12.205378973105134,3001
21673,365,4372,11.978082191780821,2987
21675,110,628,5.709090909090909,2899
21676,61,257,4.213114754098361,2640
21677,119,835,7.016806722689076,2838
21678,32,125,3.90625,2316
21679,138,1140,8.26086956521739,2826
21680,103,868,8.427184466019417,2769
21681,2,2,1.0,36
21682,55,182,3.309090909090909,1596
21683,58,310,5.344827586206897,1968
21684,47,771,16.404255319148938,2179
21686,20,35,1.75,744
21688,57,348,6.105263157894737,2163
21689,26,95,3.6538461538461537,934
21690,7,22,3.142857142857143,256
21692,7,17,2.4285714285714284,241
21693,50,361,7.22,1922
21694,24,307,12.791666666666666,1113
21695,41,284,6.926829268292683,1741
21696,33,224,6.787878787878788,1421
21698,45,296,6.5777777777777775,2586
21700,198,1726,8.717171717171718,2481
21703,294,9390,31.93877551020408,3054
21704,248,5144,20.741935483870968,3014
21705,141,1459,10.347517730496454,2822
21706,120,346,2.8833333333333333,2696
21707,74,160,2.1621621621621623,2481
21708,64,190,2.96875,2472
21709,59,133,2.2542372881355934,2393
21710,45,107,2.3777777777777778,2222
21711,36,104,2.888888888888889,2056
21713,157,786,5.006369426751593,2697
21714,225,1651,7.337777777777778,2791
21715,231,1330,5.757575757575758,2970
21716,244,1425,5.840163934426229,3034
21717,41,408,9.951219512195122,1508
21718,229,1493,6.5196506550218345,3005
21719,58,345,5.948275862068965,2464
21720,8,57,7.125,284
21721,33,195,5.909090909090909,2058
21722,36,98,2.7222222222222223,2494
21723,59,397,6.728813559322034,2548
21724,81,408,5.037037037037037,2654
21725,50,301,6.02,2288
21726,42,237,5.642857142857143,1752
21730,131,517,3.946564885496183,2582
21731,849,14001,16.491166077738516,3396
21733,741,7872,10.623481781376519,3275
21735,83,212,2.5542168674698793,1311
21736,5,80,16.0,173
21738,21,46,2.1904761904761907,1441
21739,111,254,2.2882882882882885,2674
21741,40,147,3.675,2015
21742,91,194,2.131868131868132,2003
21743,49,299,6.1020408163265305,2169
21744,127,529,4.165354330708661,2664
21745,214,935,4.369158878504673,2477
21746,226,3075,13.606194690265486,2732
21747,54,485,8.981481481481481,2040
21749,140,1963,14.021428571428572,2548
21750,24,90,3.75,1568
21754,777,2759,3.550836550836551,3296
21755,629,2011,3.1971383147853736,3202
21756,270,809,2.9962962962962965,2796
21757,3,6,2.0,134
21758,32,50,1.5625,2270
21761,10,10,1.0,353
21763,4,6,1.5,207
21769,2,11,5.5,16
21770,388,1638,4.221649484536083,2772
21773,163,1170,7.177914110429448,3035
21774,186,1095,5.887096774193548,3135
21775,139,515,3.7050359712230216,2990
21777,6,12,2.0,1094
21781,101,168,1.6633663366336633,2135
21784,44,57,1.2954545454545454,1567
21785,5,411,82.2,655
21786,226,1937,8.570796460176991,3124
21787,243,8875,36.522633744855966,3068
21788,85,1293,15.211764705882352,2298
21789,92,925,10.054347826086957,2482
21790,926,14521,15.681425485961123,3399
21791,607,7864,12.955518945634267,3309
21792,76,344,4.526315789473684,1721
21793,74,304,4.108108108108108,2138
21794,106,522,4.9245283018867925,2240
21801,125,1251,10.008,2858
21802,180,2122,11.78888888888889,3073
21803,198,2353,11.883838383838384,3142
21804,65,225,3.4615384615384617,2349
21807,30,438,14.6,1151
21808,48,180,3.75,2201
21809,117,1964,16.786324786324787,2695
21810,252,5840,23.174603174603174,2999
21811,245,4850,19.79591836734694,3025
21812,100,393,3.93,2750
21813,112,549,4.901785714285714,2885
21814,15,74,4.933333333333334,820
21815,29,158,5.448275862068965,2099
21816,7,33,4.714285714285714,359
21817,58,906,15.620689655172415,1893
21818,163,2737,16.791411042944784,2588
21819,124,2470,19.919354838709676,2418
21820,90,329,3.6555555555555554,2572
21821,62,251,4.048387096774194,2577
21822,97,698,7.195876288659794,2624
21823,97,1372,14.144329896907216,2572
21824,117,1916,16.376068376068375,2587
21826,35,125,3.5714285714285716,1867
21827,3,6,2.0,157
21828,84,330,3.9285714285714284,2468
21829,177,6765,38.220338983050844,2807
21830,99,2621,26.474747474747474,2345
21832,198,954,4.818181818181818,3074
21833,168,2726,16.226190476190474,2911
21836,3,5,1.6666666666666667,243
21839,1,1,1.0,48
21841,21,73,3.4761904761904763,1093
21843,539,2012,3.732838589981447,3111
21844,156,1847,11.83974358974359,2690
21845,82,1906,23.24390243902439,1465
21846,103,424,4.116504854368932,2908
21847,33,76,2.303030303030303,2218
21849,66,173,2.621212121212121,2620
21850,54,129,2.388888888888889,2603
21851,63,141,2.238095238095238,2749
21864,184,828,4.5,2729
21865,106,271,2.556603773584906,2706
21866,193,747,3.8704663212435233,2941
21867,121,348,2.87603305785124,2820
21868,302,2477,8.201986754966887,3122
21870,163,1407,8.631901840490798,2386
21871,357,5453,15.27450980392157,3236
21872,142,1292,9.098591549295774,2756
21873,116,1618,13.948275862068966,2729
21874,295,2974,10.08135593220339,3195
21875,148,2055,13.885135135135135,2970
21876,333,3789,11.378378378378379,3198
21877,349,5411,15.504297994269342,3153
21878,224,2523,11.263392857142858,2941
21879,94,1176,12.51063829787234,2533
21880,240,1903,7.929166666666666,3022
21881,79,1102,13.949367088607595,2493
21882,70,704,10.057142857142857,2442
21883,133,1653,12.428571428571429,2623
21884,93,1166,12.53763440860215,2705
21888,378,1688,4.465608465608466,3151
21889,587,6390,10.885860306643952,3317
21890,231,1147,4.965367965367966,2956
21891,425,8130,19.129411764705882,3192
21892,412,3192,7.747572815533981,3256
21894,130,592,4.553846153846154,2879
21895,2,2,1.0,147
21896,110,980,8.909090909090908,2385
21897,3,405,135.0,31
21898,25,493,19.72,1341
21899,278,2679,9.636690647482014,3106
21900,372,3228,8.67741935483871,3202
21901,308,1828,5.935064935064935,3139
21902,210,1962,9.342857142857143,2983
21903,180,1160,6.444444444444445,2835
21904,23,50,2.1739130434782608,680
21905,160,760,4.75,2836
21906,173,581,3.3583815028901736,2996
21907,367,2371,6.460490463215259,2978
21908,468,3771,8.057692307692308,3313
21910,8,36,4.5,522
21911,29,114,3.9310344827586206,1621
21912,396,1786,4.51010101010101,3214
21913,148,398,2.689189189189189,2940
21914,603,7876,13.061359867330017,3196
21915,661,21903,33.13615733736763,3214
21916,359,4599,12.81058495821727,3193
21917,225,4151,18.448888888888888,2889
21918,369,7199,19.509485094850948,3250
21922,208,898,4.3173076923076925,2713
21925,65,403,6.2,1277
21926,60,414,6.9,1221
21927,99,623,6.292929292929293,1579
21928,806,10468,12.987593052109181,3311
21929,865,11006,12.723699421965318,3363
21930,705,6438,9.13191489361702,3272
21931,1184,13651,11.52956081081081,3472
21932,446,2720,6.098654708520179,3108
21933,410,2672,6.517073170731707,3130
21934,411,2421,5.890510948905109,3267
21935,530,3393,6.40188679245283,3354
21936,531,3985,7.504708097928437,3160
21937,251,1707,6.800796812749004,2483
21942,103,287,2.7864077669902914,3019
21943,50,119,2.38,2601
21944,100,337,3.37,2876
21945,105,358,3.4095238095238094,2991
21946,25,86,3.44,2087
21947,152,811,5.3355263157894735,2950
21948,153,640,4.183006535947713,2971
21949,144,801,5.5625,2989
21955,206,1228,5.961165048543689,2561
21967,232,5271,22.719827586206897,3072
21972,65,335,5.153846153846154,2391
21973,30,159,5.3,909
21974,360,2219,6.163888888888889,3147
21975,601,12312,20.48585690515807,3228
21976,393,5199,13.229007633587786,3177
21977,869,24820,28.56156501726122,3415
21980,297,6685,22.50841750841751,3043
21981,271,5468,20.177121771217713,3158
21982,359,7173,19.98050139275766,3273
21983,155,2301,14.845161290322581,2870
21984,212,3458,16.31132075471698,3066
21985,427,8775,20.550351288056206,3207
21986,189,4067,21.51851851851852,2923
21987,171,2113,12.35672514619883,2321
21988,193,2321,12.025906735751295,2406
21989,335,2409,7.191044776119403,2828
21990,366,1672,4.5683060109289615,3267
21991,211,635,3.009478672985782,3119
21992,436,1901,4.360091743119266,3283
21993,425,1937,4.557647058823529,3298
22016,1,1,1.0,181
22021,71,365,5.140845070422535,1361
22023,146,1206,8.26027397260274,2898
22024,213,2406,11.295774647887324,3094
22025,130,1835,14.115384615384615,2779
22026,160,1644,10.275,2900
22027,362,4368,12.066298342541437,3113
22028,262,3042,11.610687022900763,3063
22029,527,8161,15.485768500948767,3246
22030,274,5527,20.17153284671533,2758
22031,80,504,6.3,2657
22032,60,427,7.116666666666666,2421
22033,22,337,15.318181818181818,1003
22034,4,10,2.5,943
22035,137,1452,10.598540145985401,2811
22037,354,3929,11.098870056497175,3119
22038,19,475,25.0,519
22039,7,250,35.714285714285715,298
22040,28,725,25.892857142857142,694
22041,361,4374,12.11634349030471,3020
22042,39,399,10.23076923076923,2187
22043,64,1238,19.34375,2428
22044,36,816,22.666666666666668,1007
22045,208,6527,31.379807692307693,1846
22046,75,2250,30.0,1299
22047,106,3375,31.839622641509433,1719
22048,32,975,30.46875,884
22049,33,1050,31.818181818181817,809
22050,40,1225,30.625,1010
22051,39,975,25.0,932
22052,27,650,24.074074074074073,761
22053,28,4244,151.57142857142858,669
22055,220,1375,6.25,2556
22057,61,584,9.573770491803279,1280
22059,173,1780,10.289017341040463,2551
22060,34,231,6.794117647058823,689
22061,146,582,3.9863013698630136,2126
22062,73,583,7.986301369863014,2233
22063,120,583,4.858333333333333,2470
22064,241,1728,7.170124481327801,3125
22065,241,6729,27.92116182572614,3062
22066,135,2239,16.585185185185185,2240
22067,70,408,5.828571428571428,2436
22068,143,526,3.6783216783216783,2897
22069,146,414,2.835616438356164,2895
22070,116,948,8.172413793103448,2692
22071,86,729,8.476744186046512,2411
22072,162,848,5.234567901234568,2346
22073,69,334,4.840579710144928,1784
22074,199,1402,7.045226130653266,3003
22075,200,1773,8.865,2912
22076,225,1259,5.595555555555555,2989
22077,955,9172,9.604188481675394,3433
22078,192,1369,7.130208333333333,2909
22079,323,1897,5.8730650154798765,3046
22080,155,1206,7.780645161290322,2585
22081,138,644,4.666666666666667,2880
22082,409,2680,6.552567237163815,3164
22083,610,4616,7.567213114754098,3316
22084,436,5181,11.88302752293578,2686
22085,97,548,5.649484536082475,2464
22086,1160,19329,16.66293103448276,3372
22087,326,4082,12.521472392638037,2816
22088,238,1893,7.953781512605042,2556
22089,272,1423,5.231617647058823,2738
22090,798,7562,9.476190476190476,3312
22091,167,1983,11.874251497005988,2938
22092,91,670,7.362637362637362,2042
22093,160,1830,11.4375,2499
22094,200,2166,10.83,2795
22095,143,1643,11.48951048951049,2916
22096,117,1366,11.675213675213675,2374
22097,145,1596,11.006896551724138,2609
22098,172,1992,11.581395348837209,2852
22099,153,1440,9.411764705882353,2870
22100,59,755,12.796610169491526,2467
22101,69,1438,20.840579710144926,2595
22102,31,1622,52.32258064516129,1572
22103,26,1248,48.0,1469
22104,59,288,4.88135593220339,2721
22105,33,574,17.393939393939394,2255
22106,47,349,7.425531914893617,2641
22107,179,592,3.3072625698324023,3035
22108,63,152,2.4126984126984126,2751
22109,296,1640,5.54054054054054,3211
22110,279,1172,4.200716845878136,3050
22111,771,4655,6.0376134889753565,3276
22112,858,6017,7.012820512820513,3249
22113,561,3220,5.739750445632799,3115
22114,643,5740,8.926905132192847,3173
22115,228,1549,6.793859649122807,2995
22116,148,575,3.885135135135135,2941
22117,95,1320,13.894736842105264,2556
22118,89,230,2.5842696629213484,2452
22119,106,345,3.2547169811320753,1937
22120,188,523,2.7819148936170213,2495
22121,133,352,2.6466165413533833,2645
22123,122,508,4.163934426229508,2944
22124,76,149,1.9605263157894737,2813
22125,3,13,4.333333333333333,164
22127,22,404,18.363636363636363,1029
22128,76,1762,23.18421052631579,1448
22129,100,1188,11.88,2563
22130,110,2277,20.7,2548
22131,291,2031,6.979381443298969,3075
22132,154,1038,6.740259740259741,2994
22133,133,816,6.135338345864661,2947
22134,162,889,5.487654320987654,3029
22135,179,567,3.1675977653631286,3099
22136,84,378,4.5,2342
22137,14,82,5.857142857142857,700
22138,934,4937,5.285867237687366,3218
22139,962,4518,4.696465696465697,3268
22141,457,2791,6.107221006564552,3186
22142,377,3247,8.612732095490717,3024
22144,544,4073,7.487132352941177,3238
22145,1,30,30.0,0
22146,1,1,1.0,39
22147,481,6226,12.943866943866944,3128
22148,186,1933,10.39247311827957,2369
22149,547,6070,11.09689213893967,3157
22150,468,3021,6.455128205128205,3190
22151,332,15126,45.56024096385542,2975
22152,105,2407,22.923809523809524,2519
22153,131,2593,19.793893129770993,2875
22154,162,3745,23.117283950617285,2955
22155,142,2452,17.267605633802816,2936
22156,256,2196,8.578125,3197
22157,11,212,19.272727272727273,418
22158,303,3413,11.264026402640264,3034
22161,340,5083,14.95,3258
22162,91,264,2.901098901098901,2866
22163,122,875,7.172131147540983,2923
22164,15,78,5.2,1188
22165,146,415,2.8424657534246576,3040
22166,87,207,2.3793103448275863,2515
22167,156,236,1.5128205128205128,2983
22168,76,143,1.881578947368421,1253
22169,372,1197,3.217741935483871,3100
22170,265,1068,4.030188679245283,2961
22171,382,1794,4.696335078534031,3069
22173,493,2444,4.9574036511156185,3310
22174,321,3218,10.024922118380061,3247
22175,171,877,5.128654970760234,2782
22176,115,512,4.452173913043478,2297
22178,1037,24275,23.40887174541948,3451
22179,289,966,3.342560553633218,3042
22180,155,330,2.129032258064516,2340
22181,57,591,10.368421052631579,2358
22182,122,372,3.0491803278688523,2810
22183,129,322,2.496124031007752,2559
22184,35,56,1.6,2095
22185,162,1472,9.08641975308642,2786
22186,149,848,5.691275167785235,2671
22187,192,1266,6.59375,2831
22188,189,4870,25.767195767195766,2754
22189,524,8284,15.80916030534351,3213
22190,116,676,5.827586206896552,2977
22191,415,1445,3.4819277108433737,2767
22192,365,954,2.6136986301369864,2842
22193,460,1400,3.0434782608695654,2880
22194,44,66,1.5,1689
22195,373,1976,5.297587131367292,3264
22196,472,2847,6.031779661016949,3332
22197,1392,56898,40.875,3545
22198,86,1025,11.918604651162791,2225
22199,167,467,2.7964071856287425,2875
22200,140,398,2.842857142857143,2652
22201,87,193,2.218390804597701,2699
22202,37,64,1.7297297297297298,1577
22203,145,403,2.779310344827586,2883
22204,79,197,2.4936708860759493,2519
22206,5,5,1.0,1110
22207,208,1333,6.408653846153846,3037
22208,280,1509,5.389285714285714,3135
22209,173,945,5.46242774566474,2899
22210,187,1017,5.438502673796791,2894
22211,196,1008,5.142857142857143,3023
22212,399,1609,4.032581453634085,3306
22214,56,193,3.4464285714285716,2482
22215,101,343,3.396039603960396,2372
22216,68,588,8.647058823529411,2702
22217,82,839,10.231707317073171,2403
22218,1,1,1.0,5
22219,544,4133,7.5974264705882355,3407
22220,86,231,2.686046511627907,2232
22221,51,131,2.5686274509803924,1968
22222,222,1057,4.761261261261262,2963
22223,78,441,5.653846153846154,2522
22224,164,834,5.085365853658536,2954
22227,289,2341,8.100346020761245,3148
22228,147,1000,6.802721088435374,2642
22229,101,568,5.623762376237623,2496
22230,101,1047,10.366336633663366,2652
22231,144,998,6.930555555555555,2719
22232,83,690,8.313253012048193,2318
22233,105,596,5.6761904761904765,2512
22236,88,308,3.5,1175
22241,239,1952,8.167364016736402,2710
22242,34,640,18.823529411764707,1624
22243,131,3098,23.64885496183206,2334
22244,159,1703,10.71069182389937,2761
22245,98,1262,12.877551020408163,2358
22246,90,431,4.788888888888889,2846
22247,113,668,5.911504424778761,2619
22248,109,593,5.440366972477064,2715
22249,145,928,6.4,2776
22250,147,819,5.571428571428571,2876
22251,137,712,5.197080291970803,2825
22252,67,643,9.597014925373134,1771
22254,61,657,10.770491803278688,2087
22255,77,629,8.168831168831169,2463
22256,50,286,5.72,1877
22257,42,373,8.880952380952381,1851
22258,77,912,11.844155844155845,2185
22259,44,481,10.931818181818182,1914
22260,104,552,5.3076923076923075,2875
22261,107,579,5.411214953271028,2795
22262,137,1023,7.467153284671533,2885
22263,51,326,6.392156862745098,2623
22264,96,1561,16.260416666666668,2536
22265,64,536,8.375,2202
22266,92,1887,20.51086956521739,2229
22267,83,836,10.072289156626505,1780
22268,158,2009,12.715189873417721,2659
22269,125,932,7.456,2662
22270,53,243,4.584905660377358,1549
22271,301,1701,5.651162790697675,2940
22272,48,196,4.083333333333333,1473
22273,331,4509,13.622356495468278,3030
22274,267,1340,5.0187265917602994,2929
22275,1,69,69.0,0
22276,85,290,3.411764705882353,2467
22277,100,417,4.17,2750
22278,178,405,2.2752808988764044,2977
22279,128,831,6.4921875,2967
22280,95,468,4.926315789473684,2797
22281,63,131,2.0793650793650795,1817
22282,99,149,1.505050505050505,2742
22283,155,299,1.929032258064516,2751
22284,131,927,7.076335877862595,2651
22285,120,870,7.25,2542
22286,115,1123,9.765217391304347,2583
22287,80,794,9.925,2418
22288,58,474,8.172413793103448,2096
22289,34,148,4.352941176470588,1997
22291,120,1289,10.741666666666667,2366
22292,112,1136,10.142857142857142,2436
22293,122,903,7.401639344262295,2588
22294,299,5457,18.25083612040134,3172
22295,250,2789,11.156,3020
22296,318,3140,9.874213836477987,3033
22297,378,4164,11.015873015873016,3229
22299,80,1379,17.2375,2704
22300,196,1528,7.795918367346939,2932
22301,252,2205,8.75,3044
22302,212,2329,10.985849056603774,2476
22303,261,2816,10.789272030651341,2654
22304,61,761,12.475409836065573,2289
22305,51,693,13.588235294117647,1992
22306,111,1162,10.468468468468469,2352
22307,74,770,10.405405405405405,2290
22308,105,250,2.380952380952381,2906
22309,121,369,3.049586776859504,2872
22310,109,668,6.128440366972477,2914
22311,142,1132,7.971830985915493,2912
22312,131,645,4.923664122137405,2816
22313,65,565,8.692307692307692,1949
22314,133,570,4.285714285714286,2862
22315,172,916,5.325581395348837,2944
22316,55,660,12.0,2341
22317,89,286,3.2134831460674156,2667
22318,142,462,3.2535211267605635,2808
22319,61,1322,21.672131147540984,1423
22320,73,189,2.589041095890411,1613
22321,132,893,6.765151515151516,2900
22322,139,820,5.899280575539568,2778
22323,1,1,1.0,25
22324,74,286,3.864864864864865,2781
22325,93,249,2.6774193548387095,2384
22326,732,8535,11.65983606557377,3201
22327,287,1167,4.066202090592334,3019
22328,581,6835,11.764199655765921,3133
22329,238,1603,6.735294117647059,3060
22331,183,1840,10.05464480874317,2783
22332,148,1032,6.972972972972973,2237
22333,317,4492,14.170347003154575,2852
22334,101,707,7.0,2053
22335,225,2380,10.577777777777778,3107
22336,79,2381,30.139240506329113,2553
22337,77,912,11.844155844155845,2673
22338,180,4679,25.994444444444444,2885
22339,83,2468,29.734939759036145,2548
22340,128,1398,10.921875,2760
22341,78,453,5.8076923076923075,2602
22342,128,997,7.7890625,2903
22343,94,1974,21.0,2508
22344,76,1225,16.11842105263158,2482
22345,71,1117,15.732394366197184,2451
22346,59,1034,17.52542372881356,2319
22348,358,4084,11.40782122905028,3183
22349,131,1366,10.427480916030534,2550
22350,120,1410,11.75,2694
22351,2,13,6.5,716
22352,482,3088,6.406639004149378,3223
22353,24,60,2.5,754
22354,83,750,9.036144578313253,2321
22355,882,18124,20.54875283446712,3378
22356,742,9716,13.09433962264151,3340
22357,180,468,2.6,3027
22358,255,698,2.7372549019607844,3104
22359,81,183,2.259259259259259,2605
22360,214,1010,4.719626168224299,2999
22361,268,727,2.712686567164179,3211
22362,133,408,3.0676691729323307,2952
22363,81,480,5.925925925925926,2696
22364,164,616,3.7560975609756095,3050
22365,179,789,4.407821229050279,2771
22366,220,800,3.6363636363636362,2842
22367,550,3749,6.816363636363636,3202
22371,392,1086,2.770408163265306,3328
22372,147,279,1.8979591836734695,2986
22374,223,546,2.4484304932735426,3095
22375,167,346,2.07185628742515,3099
22376,122,252,2.0655737704918034,2916
22377,207,1330,6.42512077294686,2943
22378,293,2283,7.791808873720137,3165
22379,748,6896,9.219251336898395,3345
22380,285,1312,4.603508771929825,3059
22381,469,3439,7.332622601279318,3118
22382,1157,10427,9.012100259291271,3339
22383,1285,12518,9.741634241245135,3452
22384,1090,10487,9.621100917431193,3337
22385,686,8666,12.63265306122449,3218
22386,1218,21448,17.60919540229885,3354
22389,45,338,7.511111111111111,2054
22390,36,266,7.388888888888889,1962
22391,29,158,5.448275862068965,1972
22393,71,510,7.183098591549296,2593
22394,23,168,7.304347826086956,1672
22395,33,152,4.606060606060606,2330
22396,128,1226,9.578125,2746
22398,248,2575,10.383064516129032,2709
22399,98,1152,11.755102040816327,2146
22400,150,1393,9.286666666666667,2380
22402,151,1719,11.3841059602649,2374
22403,125,1322,10.576,2767
22405,70,372,5.314285714285714,2555
22406,84,346,4.119047619047619,2615
22407,24,94,3.9166666666666665,1302
22408,29,145,5.0,1963
22409,57,228,4.0,2068
22410,58,237,4.086206896551724,2211
22411,1175,12574,10.70127659574468,3428
22412,147,911,6.197278911564626,2559
22413,412,3774,9.160194174757281,3111
22414,95,279,2.9368421052631577,2294
22415,13,19,1.4615384615384615,399
22416,76,868,11.421052631578947,2313
22417,520,8420,16.192307692307693,3156
22418,318,6564,20.641509433962263,3038
22419,272,3338,12.272058823529411,3169
22420,126,1333,10.579365079365079,2869
22421,213,2597,12.192488262910798,3084
22422,205,1273,6.209756097560976,3168
22423,1988,13851,6.967303822937626,3537
22424,454,873,1.922907488986784,3143
22425,166,460,2.7710843373493974,2689
22426,208,742,3.5673076923076925,2606
22427,506,2106,4.16205533596838,2949
22428,114,246,2.1578947368421053,2559
22429,376,1262,3.356382978723404,3125
22430,195,617,3.164102564102564,2599
22431,334,2058,6.161676646706587,2960
22432,277,1716,6.194945848375451,2771
22433,227,1394,6.140969162995595,2704
22434,124,793,6.395161290322581,2437
22435,266,2757,10.364661654135338,2968
22436,163,2134,13.0920245398773,2413
22437,226,2828,12.513274336283185,2891
22438,98,1009,10.295918367346939,2567
22439,197,1898,9.634517766497462,2908
22440,154,6010,39.02597402597402,2408
22441,219,1047,4.780821917808219,3063
22442,78,296,3.7948717948717947,1964
22443,90,164,1.8222222222222222,2030
22444,57,838,14.701754385964913,2170
22445,130,534,4.107692307692307,2814
22446,133,439,3.300751879699248,2854
22447,45,137,3.0444444444444443,2292
22448,45,201,4.466666666666667,2132
22449,143,491,3.4335664335664338,2712
22450,58,194,3.3448275862068964,1678
22451,51,222,4.352941176470588,1894
22452,144,722,5.013888888888889,2800
22453,78,442,5.666666666666667,2517
22454,41,266,6.487804878048781,1444
22456,476,1727,3.6281512605042017,3126
22457,1249,9119,7.301040832666133,3508
22458,23,523,22.73913043478261,1579
22459,25,386,15.44,1739
22460,211,2546,12.066350710900474,2958
22461,53,239,4.509433962264151,1924
22464,351,3402,9.692307692307692,3145
22465,198,2053,10.368686868686869,2885
22466,209,3069,14.68421052631579,2937
22467,681,7926,11.638766519823788,3367
22468,153,517,3.3790849673202614,2721
22469,1201,17963,14.956702747710242,3522
22470,925,9887,10.688648648648648,3395
22471,105,419,3.9904761904761905,2782
22472,107,320,2.9906542056074765,2708
22473,112,503,4.491071428571429,2649
22474,132,303,2.2954545454545454,2744
22475,138,313,2.2681159420289854,2685
22476,125,880,7.04,2834
22477,127,1364,10.740157480314961,2882
22478,140,1537,10.978571428571428,2916
22479,98,1139,11.622448979591837,2727
22480,73,630,8.63013698630137,1713
22481,128,825,6.4453125,2789
22482,53,478,9.018867924528301,1173
22483,169,770,4.556213017751479,2888
22485,208,526,2.5288461538461537,2718
22486,25,71,2.84,1930
22487,429,784,1.8275058275058276,3051
22488,415,3195,7.698795180722891,3156
22489,443,9719,21.939051918735892,3209
22491,219,3947,18.022831050228312,2600
22492,380,26633,70.08684210526316,2917
22493,220,2461,11.186363636363636,2836
22494,245,1088,4.440816326530612,3141
22495,98,282,2.877551020408163,2809
22496,79,253,3.2025316455696204,2241
22497,100,224,2.24,2649
22498,150,333,2.22,2711
22499,407,2091,5.137592137592137,2964
22500,96,248,2.5833333333333335,2343
22501,445,1602,3.6,2980
22502,463,1937,4.183585313174946,2973
22503,34,99,2.911764705882353,2043
22504,68,247,3.6323529411764706,2171
22505,311,1457,4.684887459807074,3074
22507,459,2960,6.44880174291939,3167
22508,296,1594,5.385135135135135,3046
22509,86,209,2.4302325581395348,1989
22510,42,210,5.0,1070
22511,54,251,4.648148148148148,1937
22512,37,122,3.2972972972972974,1662
22513,67,152,2.2686567164179103,2097
22514,99,302,3.0505050505050506,2454
22515,84,266,3.1666666666666665,2394
22516,62,206,3.3225806451612905,2349
22517,69,199,2.8840579710144927,2308
22518,81,363,4.481481481481482,1365
22519,88,411,4.670454545454546,1835
22520,113,719,6.3628318584070795,1750
22521,104,609,5.855769230769231,1874
22522,128,930,7.265625,1973
22523,135,864,6.4,2491
22524,81,642,7.925925925925926,1604
22525,74,489,6.608108108108108,1924
22526,79,125,1.5822784810126582,2112
22528,1,1,1.0,147
22529,70,851,12.157142857142857,2098
22530,233,3628,15.570815450643776,2948
22531,200,3382,16.91,2825
22532,73,1072,14.684931506849315,2167
22533,88,1782,20.25,2370
22534,261,4496,17.226053639846743,3022
22535,134,1763,13.156716417910447,2687
22536,156,4752,30.46153846153846,2572
22537,171,1929,11.280701754385966,2698
22538,40,402,10.05,2199
22539,136,2918,21.455882352941178,2951
22540,91,2519,27.681318681318682,2503
22541,35,503,14.371428571428572,2169
22543,55,1453,26.418181818181818,2310
22544,175,4518,25.81714285714286,2993
22545,75,1142,15.226666666666667,2607
22546,86,2103,24.453488372093023,2672
22547,101,809,8.009900990099009,2823
22548,209,1975,9.44976076555024,2896
22549,356,3188,8.955056179775282,3195
22550,217,1162,5.354838709677419,3035
22551,673,8074,11.99702823179792,3256
22553,560,4242,7.575,3312
22554,704,7803,11.083806818181818,3291
22555,515,6010,11.669902912621358,3104
22556,571,6113,10.705779334500876,3106
22557,566,4712,8.325088339222615,3296
22558,772,8676,11.238341968911918,3348
22559,81,505,6.234567901234568,2669
22560,389,8144,20.93573264781491,3110
22561,433,5883,13.58660508083141,2969
22562,211,1413,6.696682464454977,2748
22563,281,2823,10.04626334519573,2830
22564,186,2697,14.5,2654
22565,148,933,6.304054054054054,2856
22566,150,873,5.82,2786
22567,222,2448,11.027027027027026,3012
22568,470,3373,7.176595744680851,3099
22569,348,2759,7.92816091954023,2911
22570,386,3086,7.994818652849741,2964
22571,254,2434,9.582677165354331,3076
22572,179,1380,7.709497206703911,2960
22573,221,2684,12.144796380090497,3036
22574,222,2333,10.50900900900901,3028
22575,90,636,7.066666666666666,2384
22576,173,1538,8.890173410404625,2906
22577,538,10608,19.71747211895911,3172
22578,512,10460,20.4296875,3075
22579,338,5167,15.28698224852071,2987
22580,246,1311,5.329268292682927,2909
22581,177,1569,8.864406779661017,2920
22582,102,1061,10.401960784313726,2654
22583,111,573,5.162162162162162,2775
22584,196,2330,11.887755102040817,2919
22585,395,6221,15.749367088607595,3169
22586,161,856,5.316770186335404,2912
22587,161,918,5.701863354037267,2875
22588,175,684,3.9085714285714284,2974
22589,79,379,4.7974683544303796,2653
22591,86,413,4.8023255813953485,2312
22592,135,658,4.874074074074074,2739
22593,198,2263,11.429292929292929,2975
22594,196,2006,10.23469387755102,3024
22595,467,6788,14.535331905781584,3224
22596,262,3476,13.267175572519085,2636
22597,186,2821,15.166666666666666,2989
22598,95,990,10.421052631578947,2606
22599,123,1953,15.878048780487806,2645
22600,193,1698,8.797927461139896,3011
22601,200,2479,12.395,3000
22602,273,2215,8.113553113553113,3137
22603,171,1387,8.11111111111111,3008
22604,125,1251,10.008,2508
22605,299,782,2.6153846153846154,2982
22606,142,313,2.204225352112676,1903
22607,358,1327,3.706703910614525,2933
22608,144,5211,36.1875,2833
22609,155,5874,37.89677419354839,2769
22610,216,9572,44.31481481481482,2777
22611,46,225,4.891304347826087,1530
22613,145,1538,10.606896551724137,2634
22614,219,3032,13.844748858447488,2973
22615,102,2073,20.323529411764707,2708
22616,512,26119,51.013671875,3319
22617,464,2209,4.760775862068965,2946
22618,28,69,2.4642857142857144,863
22619,443,2480,5.598194130925508,3252
22620,483,4889,10.122153209109731,3266
22621,609,6148,10.095238095238095,3282
22622,267,1342,5.02621722846442,2753
22623,235,937,3.9872340425531916,2754
22624,711,1883,2.648382559774965,3250
22625,546,1620,2.967032967032967,3237
22626,199,517,2.5979899497487438,2619
22627,357,852,2.3865546218487395,3040
22628,190,965,5.078947368421052,2903
22629,900,14249,15.832222222222223,3353
22630,850,11780,13.858823529411765,3385
22631,396,3677,9.285353535353535,3096
22632,392,4468,11.39795918367347,2907
22633,479,4851,10.127348643006263,2960
22634,222,763,3.436936936936937,2580
22635,194,681,3.5103092783505154,2509
22636,198,595,3.005050505050505,2577
22637,329,2760,8.389057750759878,3016
22638,52,300,5.769230769230769,2255
22639,148,805,5.4391891891891895,2743
22640,57,237,4.157894736842105,2341
22641,37,139,3.7567567567567566,2185
22642,51,269,5.2745098039215685,2085
22643,48,238,4.958333333333333,2335
22644,276,2214,8.021739130434783,3015
22645,351,2354,6.706552706552706,3148
22646,390,4160,10.666666666666666,3119
22647,45,732,16.266666666666666,1930
22649,200,795,3.975,2722
22650,143,851,5.951048951048951,2800
22651,170,2166,12.741176470588234,3090
22652,467,5091,10.901498929336189,2956
22653,250,1876,7.504,3062
22654,328,1411,4.301829268292683,3171
22655,38,60,1.5789473684210527,642
22656,20,26,1.3,339
22659,707,11504,16.27157001414427,3365
22660,102,364,3.5686274509803924,2521
22661,415,5194,12.51566265060241,3082
22662,682,6706,9.832844574780058,3218
22663,450,3419,7.597777777777778,3148
22664,162,713,4.401234567901234,2929
22665,356,1516,4.258426966292135,3076
22666,1111,8269,7.442844284428443,3501
22667,464,2882,6.211206896551724,2859
22668,345,2179,6.315942028985507,3066
22669,234,1128,4.82051282051282,3033
22670,301,1882,6.25249169435216,3095
22671,144,962,6.680555555555555,2794
22672,219,1476,6.739726027397261,2923
22673,131,791,6.038167938931298,2576
22674,187,1346,7.197860962566845,2838
22675,164,1240,7.560975609756097,2815
22676,199,1155,5.8040201005025125,2837
22677,188,1001,5.324468085106383,2735
22678,160,843,5.26875,2859
22679,152,740,4.868421052631579,2695
22680,153,842,5.503267973856209,2684
22681,126,710,5.634920634920635,2581
22682,113,677,5.991150442477876,2394
22683,119,644,5.411764705882353,2571
22684,98,531,5.418367346938775,2477
22685,99,594,6.0,2260
22686,158,993,6.284810126582278,2771
22687,52,590,11.346153846153847,2199
22688,32,705,22.03125,1056
22689,146,673,4.609589041095891,2697
22690,285,1619,5.680701754385965,2632
22691,120,371,3.091666666666667,2306
22692,443,1522,3.435665914221219,3082
22693,305,16244,53.25901639344262,2915
22694,405,1842,4.548148148148148,3234
22695,123,741,6.024390243902439,2782
22696,151,729,4.827814569536423,2727
22697,1013,7278,7.184600197433366,3469
22698,765,5788,7.566013071895425,3242
22699,1065,9864,9.261971830985916,3438
22700,52,1196,23.0,1440
22701,115,549,4.773913043478261,2874
22702,49,1363,27.816326530612244,1933
22703,123,360,2.926829268292683,2838
22704,174,5253,30.189655172413794,1704
22705,77,1883,24.454545454545453,1404
22706,71,2057,28.971830985915492,1232
22707,49,1257,25.653061224489797,869
22708,100,2800,28.0,1568
22709,39,1325,33.97435897435897,959
22710,104,4501,43.27884615384615,1468
22711,103,2902,28.174757281553397,1428
22712,312,4435,14.21474358974359,3072
22713,217,3441,15.857142857142858,3024
22714,225,3487,15.497777777777777,2996
22715,130,1543,11.86923076923077,2502
22716,288,3201,11.114583333333334,3047
22717,131,1229,9.381679389312977,2793
22718,168,1633,9.720238095238095,2854
22719,109,620,5.6880733944954125,2165
22720,1385,7483,5.4028880866426,3432
22721,297,1020,3.4343434343434343,2978
22722,834,5966,7.15347721822542,3324
22723,295,1164,3.9457627118644067,3039
22725,428,1980,4.626168224299065,3071
22726,980,6419,6.55,3341
22727,1051,7800,7.421503330161751,3320
22728,783,5356,6.840357598978288,3314
22729,445,2323,5.2202247191011235,2903
22730,570,2885,5.06140350877193,3122
22731,143,1172,8.195804195804195,2618
22732,188,1645,8.75,2834
22733,197,1583,8.035532994923859,2721
22734,422,3261,7.7274881516587675,2895
22735,136,741,5.448529411764706,2726
22736,223,1222,5.479820627802691,2941
22737,259,1388,5.359073359073359,2991
22738,275,2173,7.901818181818181,3058
22739,318,1818,5.716981132075472,3174
22740,170,6842,40.247058823529414,2665
22741,233,8547,36.682403433476395,3037
22742,101,639,6.326732673267327,2534
22743,206,930,4.514563106796117,3042
22744,172,867,5.040697674418604,2843
22745,423,2021,4.777777777777778,3195
22746,328,1447,4.411585365853658,3094
22747,227,954,4.202643171806168,2868
22748,436,2117,4.855504587155964,3172
22749,449,2362,5.260579064587973,3105
22750,413,2001,4.845036319612591,3055
22751,290,1563,5.389655172413793,2978
22752,380,1787,4.7026315789473685,3179
22753,217,1010,4.654377880184332,3075
22754,266,1951,7.334586466165414,3170
22755,251,1687,6.721115537848606,3110
22756,123,599,4.869918699186992,2782
22757,163,1096,6.723926380368098,3053
22758,178,1195,6.713483146067416,3014
22759,422,5435,12.87914691943128,3224
22760,80,275,3.4375,2105
22761,26,36,1.3846153846153846,899
22762,112,171,1.5267857142857142,2418
22763,108,206,1.9074074074074074,2576
22764,3,5,1.6666666666666667,242
22765,5,27,5.4,945
22766,504,3267,6.482142857142857,3168
22767,218,774,3.55045871559633,2514
22768,260,867,3.3346153846153848,2895
22769,8,11,1.375,1320
22770,62,94,1.5161290322580645,1695
22771,441,6539,14.82766439909297,3200
22772,254,3793,14.933070866141732,2876
22773,191,2075,10.863874345549739,2832
22774,140,2254,16.1,2768
22775,237,3105,13.10126582278481,2917
22776,536,1244,2.3208955223880596,3068
22777,58,352,6.068965517241379,1950
22778,143,808,5.65034965034965,2548
22779,149,1537,10.315436241610739,1786
22780,132,1346,10.196969696969697,1724
22781,232,621,2.6767241379310347,3042
22782,74,241,3.2567567567567566,1381
22783,33,463,14.030303030303031,688
22784,299,1272,4.254180602006689,2961
22785,74,245,3.310810810810811,2582
22786,47,123,2.617021276595745,1820
22788,60,220,3.6666666666666665,1897
22789,138,844,6.115942028985507,2481
22791,345,7955,23.057971014492754,3136
22792,206,2785,13.519417475728156,3087
22794,182,326,1.7912087912087913,2528
22795,368,1211,3.2907608695652173,3162
22796,232,582,2.5086206896551726,2758
22797,91,163,1.7912087912087913,2279
22798,267,1798,6.734082397003745,3076
22799,89,207,2.3258426966292136,1886
22800,203,870,4.285714285714286,3009
22801,220,1027,4.668181818181818,3023
22802,49,87,1.7755102040816326,1544
22803,31,54,1.7419354838709677,1084
22804,474,3131,6.605485232067511,3218
22805,195,1890,9.692307692307692,2883
22806,38,260,6.842105263157895,1718
22807,195,818,4.194871794871795,3046
22808,75,345,4.6,2267
22809,204,1240,6.078431372549019,2787
22810,165,944,5.721212121212122,2810
22811,108,881,8.157407407407407,2915
22812,185,1725,9.324324324324325,2930
22813,218,2372,10.880733944954128,3003
22814,235,2129,9.059574468085106,3087
22815,268,2628,9.805970149253731,3126
22816,266,3987,14.988721804511279,3094
22817,290,2639,9.1,3173
22818,244,3633,14.889344262295081,3034
22819,270,2608,9.65925925925926,3090
22820,77,940,12.207792207792208,2459
22821,139,1171,8.424460431654676,2929
22822,158,433,2.740506329113924,2436
22823,13,24,1.8461538461538463,493
22824,43,55,1.2790697674418605,1152
22825,28,73,2.607142857142857,1049
22826,41,58,1.4146341463414633,596
22827,26,35,1.3461538461538463,460
22828,7,10,1.4285714285714286,181
22829,109,227,2.0825688073394497,2151
22830,6,131,21.833333333333332,176
22831,121,706,5.8347107438016526,2465
22832,76,162,2.1315789473684212,2224
22833,5,76,15.2,403
22834,368,4941,13.42663043478261,3162
22835,657,3441,5.237442922374429,3287
22837,178,1173,6.589887640449438,2572
22838,168,689,4.101190476190476,2399
22839,201,445,2.2139303482587063,2906
22840,271,913,3.3690036900369003,2756
22841,213,529,2.483568075117371,2671
22842,162,589,3.6358024691358026,2435
22843,126,450,3.5714285714285716,2151
22844,416,1003,2.4110576923076925,3029
22845,316,802,2.537974683544304,2973
22846,278,665,2.3920863309352516,2703
22847,376,905,2.4069148936170213,2787
22848,128,323,2.5234375,2152
22849,129,323,2.503875968992248,1829
22851,350,2741,7.831428571428572,3092
22852,125,390,3.12,2225
22853,116,472,4.068965517241379,2193
22854,161,767,4.763975155279503,2336
22855,237,2642,11.147679324894515,2689
22856,27,569,21.074074074074073,1228
22857,61,1145,18.770491803278688,1463
22858,136,1126,8.279411764705882,1994
22859,158,1203,7.613924050632911,2313
22860,107,589,5.5046728971962615,1833
22861,50,305,6.1,1429
22862,66,171,2.590909090909091,2122
22863,110,719,6.536363636363636,2261
22865,654,8439,12.903669724770642,3189
22866,548,6611,12.063868613138686,3167
22867,554,6433,11.611913357400722,3240
22868,20,63,3.15,1611
22869,44,96,2.1818181818181817,2148
22870,39,93,2.3846153846153846,2124
22871,25,67,2.68,1507
22872,30,72,2.4,1873
22873,26,60,2.3076923076923075,1660
22874,21,65,3.0952380952380953,1507
22875,25,63,2.52,1867
22876,20,61,3.05,1721
22877,19,63,3.3157894736842106,1118
22878,33,75,2.272727272727273,2080
22879,16,70,4.375,1332
22880,32,97,3.03125,2086
22881,34,102,3.0,2058
22882,42,108,2.5714285714285716,2339
22883,32,100,3.125,2230
22884,36,99,2.75,2086
22885,28,96,3.4285714285714284,2094
22886,25,87,3.48,1599
22887,23,78,3.391304347826087,1596
22888,21,76,3.619047619047619,1808
22889,33,169,5.121212121212121,2236
22890,165,385,2.3333333333333335,2790
22891,168,420,2.5,2933
22892,199,2472,12.422110552763819,2002
22893,142,1872,13.183098591549296,2956
22894,122,305,2.5,1895
22895,284,2058,7.246478873239437,3020
22896,288,1584,5.5,2905
22897,211,1350,6.398104265402844,2854
22898,365,2414,6.6136986301369864,2942
22899,313,2069,6.610223642172524,3023
22900,533,4907,9.206378986866792,3257
22902,136,1288,9.470588235294118,2772
22903,59,193,3.2711864406779663,2611
22904,271,1834,6.767527675276753,2992
22905,110,581,5.281818181818182,2777
22906,251,1733,6.904382470119522,3079
22907,670,6573,9.81044776119403,3304
22908,375,4380,11.68,3068
22909,610,8976,14.714754098360656,3227
22910,820,10594,12.919512195121952,3232
22911,94,463,4.925531914893617,2268
22912,100,287,2.87,2370
22913,112,352,3.142857142857143,2485
22914,154,467,3.0324675324675323,2768
22915,184,3152,17.130434782608695,2964
22916,237,1905,8.037974683544304,3010
22917,240,1937,8.070833333333333,3018
22918,238,1869,7.852941176470588,3009
22919,240,1753,7.304166666666666,2987
22920,242,3423,14.144628099173554,2982
22921,209,1716,8.210526315789474,2925
22922,102,1587,15.558823529411764,2392
22923,80,1360,17.0,1878
22924,87,1295,14.885057471264368,2525
22925,182,449,2.467032967032967,2540
22926,195,594,3.046153846153846,2258
22927,148,430,2.9054054054054053,2460
22928,115,288,2.5043478260869567,2682
22929,13,19,1.4615384615384615,581
22930,189,1108,5.862433862433862,2844
22931,129,813,6.3023255813953485,2627
22932,72,884,12.277777777777779,2154
22933,122,940,7.704918032786885,2356
22934,78,589,7.551282051282051,1786
22935,65,690,10.615384615384615,2196
22936,50,279,5.58,2311
22937,160,972,6.075,2729
22938,186,2367,12.725806451612904,2502
22939,125,469,3.752,2523
22940,321,1915,5.965732087227415,2912
22941,311,1670,5.369774919614148,2994
22942,152,608,4.0,2570
22943,209,1355,6.483253588516747,2884
22944,111,3375,30.405405405405407,2697
22945,172,2991,17.38953488372093,2864
22946,137,453,3.3065693430656933,2602
22947,137,746,5.445255474452555,2348
22948,136,1599,11.757352941176471,2948
22949,105,956,9.104761904761904,2528
22950,185,5209,28.156756756756756,2228
22951,437,7481,17.11899313501144,3251
22952,619,16056,25.93861066235864,3257
22953,98,502,5.122448979591836,2423
22954,40,197,4.925,1876
22955,134,1040,7.7611940298507465,2759
22956,198,2050,10.353535353535353,2871
22957,214,1775,8.294392523364486,1983
22959,142,4901,34.514084507042256,1704
22960,1132,8695,7.681095406360424,3433
22961,1162,16396,14.110154905335628,3475
22962,342,3896,11.391812865497077,3132
22963,307,3290,10.716612377850163,3147
22964,378,2624,6.941798941798941,3133
22965,236,1371,5.809322033898305,2847
22966,670,7440,11.104477611940299,3343
22967,138,1171,8.485507246376812,1556
22968,189,794,4.201058201058201,2937
22969,646,12520,19.38080495356037,3305
22970,317,4334,13.67192429022082,2830
22971,272,2431,8.9375,2824
22972,229,1795,7.8384279475982535,3014
22973,144,1255,8.715277777777779,2773
22974,204,1598,7.833333333333333,2979
22975,186,1204,6.473118279569892,2915
22976,143,1066,7.454545454545454,2825
22977,135,950,7.037037037037037,2710
22978,238,2464,10.352941176470589,2742
22979,381,4090,10.73490813648294,3046
22980,291,2363,8.120274914089347,2915
22981,105,471,4.485714285714286,2551
22982,212,1154,5.443396226415095,2919
22983,443,5290,11.941309255079007,3209
22984,163,2693,16.521472392638035,2724
22985,99,3782,38.2020202020202,1386
22986,155,4105,26.483870967741936,1922
22987,5,102,20.4,125
22988,418,9073,21.705741626794257,3235
22989,372,2811,7.556451612903226,3031
22990,164,633,3.8597560975609757,2513
22991,274,3887,14.186131386861314,2760
22992,348,5233,15.03735632183908,2924
22993,1073,12649,11.788443616029824,3337
22994,218,2194,10.064220183486238,2934
22995,266,2381,8.951127819548873,3042
22996,408,4801,11.767156862745098,3154
22997,222,2545,11.463963963963964,2859
22998,534,12366,23.15730337078652,3189
22999,222,2894,13.036036036036036,2809
23000,278,3169,11.399280575539569,2988
23002,192,2119,11.036458333333334,2869
23003,53,542,10.226415094339623,1047
23004,221,2002,9.058823529411764,2978
23005,241,4733,19.639004149377595,2783
23006,173,1758,10.16184971098266,2754
23007,184,498,2.7065217391304346,2727
23008,133,433,3.255639097744361,2289
23009,103,263,2.5533980582524274,2536
23010,111,315,2.8378378378378377,2407
23012,246,1071,4.353658536585366,2758
23013,223,924,4.143497757847534,2709
23014,209,856,4.095693779904306,2727
23015,18,40,2.2222222222222223,733
23016,24,74,3.0833333333333335,1135
23017,22,67,3.0454545454545454,999
23018,21,51,2.4285714285714284,697
23019,28,81,2.892857142857143,685
23020,76,180,2.3684210526315788,1730
23021,27,120,4.444444444444445,882
23022,22,422,19.181818181818183,453
23023,25,274,10.96,993
23024,11,255,23.181818181818183,294
23025,54,350,6.481481481481482,1502
23026,62,556,8.96774193548387,1838
23027,30,295,9.833333333333334,844
23028,137,1369,9.992700729927007,2172
23029,156,1352,8.666666666666666,2262
23031,155,1278,8.245161290322581,2366
23032,199,2328,11.698492462311558,2305
23033,74,714,9.64864864864865,1962
23034,88,979,11.125,2067
23035,191,2191,11.471204188481675,2501
23036,16,184,11.5,730
23037,20,196,9.8,1075
23038,8,44,5.5,1248
23039,28,199,7.107142857142857,1517
23040,41,253,6.170731707317073,1378
23041,54,272,5.037037037037037,1391
23042,28,103,3.6785714285714284,1048
23043,23,81,3.5217391304347827,1209
23044,25,101,4.04,882
23045,25,118,4.72,701
23046,36,349,9.694444444444445,928
23047,25,58,2.32,540
23048,99,577,5.828282828282828,2118
23049,186,456,2.4516129032258065,2343
23050,205,497,2.424390243902439,2442
23051,162,365,2.253086419753086,2440
23052,278,654,2.352517985611511,2755
23053,164,364,2.2195121951219514,2426
23054,130,295,2.269230769230769,2343
23055,38,657,17.289473684210527,920
23056,39,963,24.692307692307693,1146
23057,45,773,17.177777777777777,1050
23058,48,490,10.208333333333334,1762
23060,42,249,5.928571428571429,1479
23061,117,1015,8.675213675213675,2540
23064,23,221,9.608695652173912,798
23065,99,273,2.757575757575758,1585
23066,85,259,3.0470588235294116,1910
23067,78,294,3.769230769230769,2023
23068,136,809,5.948529411764706,2290
23069,32,88,2.75,845
23070,44,160,3.6363636363636362,1949
23071,19,315,16.57894736842105,709
23072,30,334,11.133333333333333,1333
23073,61,143,2.3442622950819674,1166
23074,48,246,5.125,2258
23075,80,472,5.9,1655
23076,277,8076,29.15523465703971,2670
23077,344,10395,30.218023255813954,2816
23078,257,6831,26.579766536964982,2742
23079,106,251,2.3679245283018866,1719
23080,257,1074,4.178988326848249,2577
23081,139,483,3.4748201438848922,2425
23082,297,2328,7.838383838383838,2755
23083,246,1932,7.853658536585366,2644
23084,994,30739,30.924547283702214,3122
23085,78,376,4.82051282051282,1944
23086,47,1225,26.06382978723404,1937
23087,69,868,12.579710144927537,2291
23088,79,795,10.063291139240507,2346
23089,225,2354,10.462222222222222,2882
23090,149,2237,15.013422818791947,2605
23091,209,580,2.77511961722488,2387
23092,135,523,3.8740740740740742,2052
23093,142,939,6.612676056338028,2357
23094,79,152,1.9240506329113924,1561
23096,146,1033,7.075342465753424,2587
23099,58,137,2.3620689655172415,1695
23100,257,2166,8.428015564202335,2731
23101,213,2031,9.535211267605634,2546
23102,157,1274,8.114649681528663,2448
23103,365,4072,11.156164383561643,2916
23104,46,118,2.5652173913043477,1567
23106,53,291,5.490566037735849,1617
23107,73,359,4.917808219178082,2313
23108,372,2219,5.96505376344086,2658
23109,268,2386,8.902985074626866,2786
23110,255,700,2.7450980392156863,2593
23111,138,312,2.260869565217391,2270
23112,241,546,2.2655601659751037,2811
23113,57,1154,20.24561403508772,1999
23114,45,149,3.311111111111111,1788
23115,45,152,3.3777777777777778,1747
23116,22,76,3.4545454545454546,1552
23117,45,93,2.066666666666667,1629
23118,258,813,3.1511627906976742,2700
23119,151,2282,15.112582781456954,2574
23120,100,1685,16.85,2316
23121,111,2501,22.53153153153153,2423
23122,133,2251,16.924812030075188,2589
23123,95,935,9.842105263157896,2491
23124,43,567,13.186046511627907,2073
23125,38,459,12.078947368421053,1984
23126,291,1109,3.810996563573883,2717
23127,194,736,3.7938144329896906,2344
23128,139,448,3.223021582733813,2313
23129,172,950,5.523255813953488,2283
23130,184,962,5.228260869565218,2463
23131,115,942,8.191304347826087,1927
23132,152,1020,6.7105263157894735,2476
23133,155,782,5.04516129032258,2439
23134,38,1065,28.026315789473685,827
23135,45,1541,34.24444444444445,1241
23136,49,135,2.7551020408163267,1619
23137,23,83,3.608695652173913,1204
23138,82,879,10.71951219512195,2035
23139,27,414,15.333333333333334,1646
23140,52,182,3.5,2050
23141,25,79,3.16,1676
23142,40,121,3.025,1205
23143,16,30,1.875,1234
23144,274,5089,18.572992700729927,2698
23145,169,2084,12.331360946745562,2367
23146,227,798,3.515418502202643,2375
23147,261,1868,7.157088122605364,2388
23148,247,2139,8.65991902834008,2460
23149,21,99,4.714285714285714,811
23150,49,148,3.020408163265306,1946
23151,21,61,2.9047619047619047,1293
23152,159,554,3.4842767295597485,2106
23153,90,263,2.922222222222222,2204
23154,235,2701,11.493617021276595,2613
23155,135,2221,16.451851851851853,2437
23156,205,1665,8.121951219512194,2592
23157,163,2557,15.687116564417177,2532
23158,255,2633,10.325490196078432,2904
23159,223,2293,10.282511210762332,2689
23160,76,1450,19.07894736842105,2062
23161,98,1715,17.5,2448
23162,176,1412,8.022727272727273,2629
23163,209,1832,8.76555023923445,2705
23164,92,578,6.282608695652174,2186
23165,280,3114,11.121428571428572,2814
23166,247,78033,315.9230769230769,2784
23167,231,5847,25.31168831168831,2776
23168,337,3291,9.765578635014837,2888
23169,314,1556,4.955414012738854,2798
23170,445,6857,15.408988764044944,2949
23171,381,6247,16.396325459317584,2947
23172,305,3861,12.659016393442624,2858
23173,416,2766,6.649038461538462,2863
23174,322,3055,9.487577639751553,2764
23175,329,3160,9.604863221884498,2823
23176,226,2165,9.579646017699115,2876
23177,267,2532,9.48314606741573,2950
23178,68,327,4.8088235294117645,2232
23179,53,324,6.113207547169812,2084
23180,49,122,2.489795918367347,2100
23181,82,201,2.451219512195122,2186
23182,433,3741,8.639722863741339,3148
23183,84,226,2.6904761904761907,2472
23184,264,874,3.3106060606060606,2992
23185,30,317,10.566666666666666,1001
23186,70,1982,28.314285714285713,1552
23187,74,2338,31.594594594594593,1471
23188,333,3471,10.423423423423424,2828
23189,141,1249,8.858156028368795,2461
23190,202,1702,8.425742574257425,2390
23191,281,2201,7.832740213523132,2738
23192,345,3516,10.191304347826087,2688
23193,175,1922,10.982857142857142,2826
23194,214,1835,8.574766355140186,2895
23196,298,1872,6.281879194630872,2836
23197,249,1478,5.93574297188755,2846
23198,475,3342,7.03578947368421,2983
23199,978,14908,15.243353783231084,3185
23200,595,7067,11.877310924369748,3004
23201,906,13366,14.752759381898455,3135
23202,879,10941,12.447098976109215,3030
23203,1231,20485,16.640942323314377,3110
23204,583,7976,13.680960548885077,2974
23205,467,5857,12.541755888650963,2911
23206,1036,12147,11.724903474903474,3104
23207,740,7830,10.58108108108108,2989
23208,668,6308,9.44311377245509,2923
23209,1098,13170,11.994535519125684,3054
23210,192,2849,14.838541666666666,2661
23211,160,2329,14.55625,2688
23212,186,2296,12.344086021505376,2664
23213,152,1682,11.06578947368421,2518
23214,103,789,7.660194174757281,2291
23215,210,3564,16.97142857142857,2368
23216,44,525,11.931818181818182,1849
23217,97,1309,13.494845360824742,2338
23218,40,379,9.475,2056
23219,61,430,7.049180327868853,2304
23220,103,993,9.640776699029127,2506
23221,145,1536,10.593103448275862,2589
23222,75,799,10.653333333333334,2163
23223,88,801,9.102272727272727,2380
23224,71,738,10.394366197183098,2272
23225,88,1355,15.397727272727273,2400
23226,98,1247,12.724489795918368,2427
23227,117,1642,14.034188034188034,2487
23228,125,1492,11.936,2614
23229,256,1869,7.30078125,2605
23230,235,7976,33.94042553191489,1950
23231,260,7277,27.98846153846154,1973
23232,238,8526,35.8235294117647,2090
23233,158,5175,32.75316455696203,1736
23234,277,1722,6.216606498194946,2682
23235,105,736,7.0095238095238095,2024
23236,327,2493,7.623853211009174,2754
23237,177,1053,5.9491525423728815,2079
23238,274,1849,6.748175182481752,2720
23239,178,842,4.730337078651686,2586
23240,536,4177,7.792910447761194,2851
23241,363,2165,5.964187327823692,2931
23242,214,1470,6.869158878504673,2616
23243,470,4800,10.212765957446809,2915
23244,112,936,8.357142857142858,2173
23245,873,6345,7.268041237113402,3084
23247,309,2194,7.100323624595469,2627
23249,81,842,10.395061728395062,1769
23250,110,1179,10.718181818181819,2018
23251,120,1712,14.266666666666667,2044
23252,138,603,4.369565217391305,2078
23253,70,258,3.6857142857142855,2262
23254,299,1703,5.695652173913044,2382
23255,158,1014,6.417721518987341,2179
23256,368,2113,5.741847826086956,2726
23263,445,3863,8.680898876404495,2905
23264,299,1963,6.565217391304348,2843
23265,293,1769,6.037542662116041,2798
23266,319,2053,6.435736677115988,2824
23267,108,1202,11.12962962962963,2283
23268,89,1447,16.258426966292134,2079
23269,94,779,8.287234042553191,2406
23270,125,1174,9.392,2352
23271,104,1731,16.64423076923077,2429
23272,44,364,8.272727272727273,1999
23273,112,969,8.651785714285714,2313
23274,119,1180,9.915966386554622,2372
23275,325,3720,11.446153846153846,2867
23280,157,2023,12.885350318471337,2513
23281,101,1280,12.673267326732674,2291
23282,135,812,6.014814814814815,2595
23283,233,994,4.266094420600858,2567
23284,728,5487,7.537087912087912,3007
23285,191,4807,25.167539267015705,2724
23286,222,5048,22.73873873873874,2745
23287,198,1879,9.48989898989899,2709
23288,185,4625,25.0,2700
23289,191,1622,8.492146596858639,2628
23290,214,2430,11.355140186915888,2644
23291,195,1634,8.37948717948718,2668
23292,222,2181,9.824324324324325,2733
23293,552,8471,15.346014492753623,2926
23294,354,4392,12.40677966101695,2835
23295,444,6134,13.815315315315315,2899
23296,378,4979,13.171957671957673,2728
23297,161,4303,26.726708074534162,2021
23298,1146,8466,7.387434554973822,3132
23299,146,1012,6.931506849315069,2476
23300,758,6809,8.982849604221636,3151
23301,913,8807,9.646221248630887,3183
23302,230,1536,6.678260869565217,2850
23303,6,65,10.833333333333334,50
23304,9,71,7.888888888888889,206
23305,9,82,9.11111111111111,114
23306,277,2808,10.137184115523466,2794
23307,629,12049,19.155802861685213,3013
23308,382,6139,16.07068062827225,2923
23309,407,8275,20.331695331695332,2973
23310,245,12050,49.183673469387756,2676
23311,344,2390,6.9476744186046515,2685
23312,214,1423,6.649532710280374,2393
23313,401,2990,7.456359102244389,2711
23314,117,407,3.4786324786324787,2175
23315,86,213,2.4767441860465116,1939
23316,110,250,2.272727272727273,2305
23317,82,173,2.1097560975609757,2080
23318,376,3809,10.13031914893617,2756
23319,403,3720,9.23076923076923,2639
23320,333,2661,7.990990990990991,2536
23321,629,4716,7.497615262321145,2918
23322,562,3069,5.460854092526691,2886
23323,294,1469,4.996598639455782,2677
23324,44,399,9.068181818181818,1495
23325,35,462,13.2,1577
23326,76,3442,45.28947368421053,2171
23327,41,1734,42.292682926829265,1324
23328,405,2841,7.014814814814815,2881
23329,233,1767,7.583690987124464,2384
23330,216,1794,8.305555555555555,2411
23331,109,1596,14.642201834862385,2410
23332,287,2059,7.174216027874564,2540
23333,233,2089,8.965665236051501,2328
23334,130,2271,17.46923076923077,2476
23335,96,377,3.9270833333333335,2268
23336,85,225,2.6470588235294117,2448
23337,69,180,2.608695652173913,2128
23338,109,431,3.9541284403669725,2446
23339,76,173,2.276315789473684,2305
23340,151,2500,16.556291390728475,2449
23341,121,307,2.5371900826446283,2345
23342,163,373,2.2883435582822087,2089
23343,476,6078,12.768907563025211,2890
23344,716,10285,14.364525139664805,2962
23345,174,2451,14.086206896551724,2585
23346,184,2628,14.282608695652174,2650
23347,97,860,8.8659793814433,2419
23348,168,746,4.440476190476191,2596
23349,337,3221,9.557863501483679,2731
23350,305,2712,8.891803278688524,2694
23351,354,3535,9.985875706214689,2734
23352,212,1800,8.49056603773585,2434
23353,327,4007,12.253822629969418,2737
23354,322,3740,11.614906832298137,2713
23355,782,5816,7.437340153452685,2830
23356,476,2359,4.955882352941177,2673
23357,102,450,4.411764705882353,2079
23358,89,594,6.674157303370786,2245
23359,79,990,12.531645569620252,1575
23360,114,1182,10.368421052631579,2002
23365,169,1857,10.988165680473372,2559
23366,195,2249,11.533333333333333,2652
23367,282,3278,11.624113475177305,2672
23368,232,2379,10.254310344827585,2665
23369,126,1105,8.76984126984127,2386
23370,151,1550,10.264900662251655,2493
23371,185,1705,9.216216216216216,2555
23372,147,1389,9.448979591836734,2499
23373,100,1608,16.08,2128
23374,131,2456,18.748091603053435,2030
23375,103,1342,13.029126213592233,2228
23376,155,3039,19.606451612903225,2484
23377,133,1351,10.157894736842104,2560
23378,176,3997,22.710227272727273,2506
23379,76,1220,16.05263157894737,2369
23380,121,2344,19.371900826446282,2395
23381,80,1496,18.7,2282
23382,220,1875,8.522727272727273,2553
23388,154,821,5.3311688311688314,2336
23389,237,1115,4.70464135021097,2481
23390,163,747,4.58282208588957,2220
23391,87,389,4.471264367816092,2164
23392,113,662,5.8584070796460175,2478
23393,229,801,3.497816593886463,2478
23394,150,435,2.9,2420
23395,210,748,3.5619047619047617,2578
23396,196,654,3.336734693877551,2489
23397,217,489,2.2534562211981566,2539
23398,69,606,8.782608695652174,2135
23399,225,1914,8.506666666666666,2619
23400,107,461,4.308411214953271,1950
23401,83,459,5.530120481927711,2130
23402,68,296,4.352941176470588,2160
23403,134,625,4.664179104477612,2417
23404,169,1011,5.982248520710059,2457
23405,70,252,3.6,2171
23406,111,456,4.108108108108108,2045
23407,133,265,1.9924812030075187,2317
23408,59,310,5.254237288135593,1352
23409,43,215,5.0,1266
23410,18,36,2.0,855
23411,56,227,4.053571428571429,1897
23412,76,358,4.7105263157894735,1450
23413,58,173,2.9827586206896552,1941
23414,64,141,2.203125,1305
23415,47,328,6.9787234042553195,1537
23416,25,132,5.28,1743
23417,27,146,5.407407407407407,1828
23418,79,557,7.050632911392405,2200
23419,86,473,5.5,2303
23420,32,164,5.125,1642
23421,33,160,4.848484848484849,1712
23422,47,213,4.531914893617022,2160
23423,66,219,3.3181818181818183,2073
23424,135,462,3.422222222222222,2398
23425,56,275,4.910714285714286,2165
23426,206,1275,6.189320388349515,2603
23427,114,237,2.0789473684210527,1940
23428,33,77,2.3333333333333335,1704
23429,23,47,2.0434782608695654,1046
23430,18,36,2.0,906
23431,72,1449,20.125,1692
23432,74,1276,17.243243243243242,1742
23433,89,1258,14.134831460674157,1835
23434,199,2095,10.527638190954773,2585
23435,99,824,8.323232323232324,2437
23436,114,1979,17.359649122807017,2179
23437,131,1939,14.801526717557252,2255
23438,109,1809,16.59633027522936,2145
23439,397,3986,10.040302267002518,2642
23440,5,164,32.8,186
23441,3,22,7.333333333333333,57
23442,7,40,5.714285714285714,279
23444,79,79,1.0,707
23445,101,2668,26.415841584158414,1659
23446,3,157,52.333333333333336,140
23447,4,158,39.5,160
23448,3,25,8.333333333333334,84
23449,1,12,12.0,14
23451,52,277,5.326923076923077,1938
23452,87,518,5.954022988505747,1870
23453,47,316,6.723404255319149,1015
23454,52,174,3.3461538461538463,1636
23455,35,207,5.914285714285715,816
23456,36,158,4.388888888888889,777
23457,31,112,3.6129032258064515,903
23458,30,51,1.7,719
23459,19,33,1.736842105263158,490
23460,43,108,2.511627906976744,810
23461,94,847,9.01063829787234,2074
23462,46,80,1.7391304347826086,1073
23463,8,13,1.625,264
23464,8,18,2.25,1067
23465,16,29,1.8125,999
23466,27,55,2.037037037037037,1498
23467,11,32,2.909090909090909,1313
23468,11,19,1.7272727272727273,256
23469,72,332,4.611111111111111,2053
23470,84,232,2.761904761904762,1992
23471,27,65,2.4074074074074074,1002
23472,33,58,1.7575757575757576,1090
23473,51,678,13.294117647058824,1892
23474,37,312,8.432432432432432,1908
23475,31,286,9.225806451612904,1685
23476,22,205,9.318181818181818,1534
23477,13,92,7.076923076923077,1622
23478,13,285,21.923076923076923,1463
23479,44,113,2.5681818181818183,1432
23480,215,1798,8.362790697674418,2501
23481,29,228,7.862068965517241,1135
23482,39,418,10.717948717948717,1661
23483,73,1328,18.19178082191781,1914
23484,35,185,5.285714285714286,1871
23485,83,262,3.1566265060240966,1370
23486,74,275,3.7162162162162162,1880
23487,44,80,1.8181818181818181,1585
23489,159,913,5.7421383647798745,2368
23490,101,542,5.366336633663367,2090
23491,78,228,2.923076923076923,1560
23492,28,76,2.7142857142857144,968
23493,415,3964,9.551807228915663,2767
23494,205,809,3.946341463414634,2518
23495,41,225,5.487804878048781,2051
23496,31,112,3.6129032258064515,1779
23497,195,2558,13.117948717948718,2334
23498,99,1640,16.565656565656564,2045
23499,110,1312,11.927272727272728,2250
23500,98,1626,16.591836734693878,2146
23501,112,1821,16.258928571428573,2311
23502,94,714,7.595744680851064,1760
23503,335,3643,10.874626865671642,2253
23504,208,1927,9.264423076923077,2291
23505,115,1200,10.434782608695652,2081
23506,146,2723,18.65068493150685,2371
23507,119,2882,24.218487394957982,2244
23508,120,2627,21.891666666666666,2284
23509,65,1062,16.338461538461537,1926
23510,120,2521,21.008333333333333,2321
23511,98,571,5.826530612244898,2120
23512,57,500,8.771929824561404,1842
23513,70,566,8.085714285714285,1920
23514,74,478,6.45945945945946,1940
23515,71,579,8.154929577464788,1961
23516,42,296,7.0476190476190474,1082
23517,63,334,5.301587301587301,2053
23518,44,361,8.204545454545455,1424
23519,24,224,9.333333333333334,1344
23520,32,167,5.21875,1314
23521,44,413,9.386363636363637,2174
23522,32,354,11.0625,1996
23523,41,360,8.78048780487805,1338
23524,63,481,7.634920634920635,2108
23525,53,582,10.981132075471699,1913
23526,143,1012,7.076923076923077,2507
23527,48,420,8.75,1552
23528,50,479,9.58,2047
23529,37,637,17.216216216216218,1871
23530,87,1056,12.137931034482758,2093
23531,112,976,8.714285714285714,2085
23532,31,210,6.774193548387097,1572
23533,36,215,5.972222222222222,1698
23534,260,1387,5.334615384615384,2636
23535,215,1324,6.158139534883721,2580
23536,85,626,7.364705882352941,1961
23537,34,111,3.264705882352941,1902
23538,32,331,10.34375,1620
23539,41,247,6.024390243902439,1822
23540,14,150,10.714285714285714,1255
23541,152,872,5.7368421052631575,2368
23542,89,506,5.685393258426966,2184
23543,103,1236,12.0,1812
23544,20,164,8.2,413
23545,84,2480,29.523809523809526,1130
23546,120,3250,27.083333333333332,1731
23547,62,1575,25.403225806451612,1107
23548,43,1075,25.0,1180
23549,52,1305,25.096153846153847,1139
23550,64,1855,28.984375,1152
23551,136,1840,13.529411764705882,2603
23552,116,1863,16.060344827586206,2093
23553,68,568,8.352941176470589,1868
23554,57,422,7.4035087719298245,1843
23555,50,421,8.42,1632
23556,53,436,8.226415094339623,1376
23557,32,350,10.9375,1299
23558,52,415,7.980769230769231,1615
23559,124,649,5.233870967741935,2589
23560,26,172,6.615384615384615,1617
23561,16,170,10.625,1319
23562,43,251,5.837209302325581,1712
23564,76,644,8.473684210526315,2278
23565,63,410,6.507936507936508,2235
23566,83,881,10.614457831325302,2326
23567,37,211,5.702702702702703,2100
23568,48,630,13.125,2139
23569,192,954,4.96875,2337
23570,276,2772,10.043478260869565,2621
23571,257,2841,11.054474708171206,2602
23574,14,14,1.0,106
23575,32,179,5.59375,1856
23576,37,198,5.351351351351352,1799
23578,14,60,4.285714285714286,1266
23579,35,169,4.828571428571428,1894
23580,25,116,4.64,1446
23581,338,5020,14.85207100591716,2541
23582,259,4802,18.54054054054054,2404
23583,325,3385,10.415384615384616,2550
23597,31,249,8.03225806451613,1405
23598,47,427,9.085106382978724,1585
23601,4,8,2.0,1124
23602,1,1,1.0,502
23603,14,20,1.4285714285714286,1831
23604,2,4,2.0,477
23605,1,4,4.0,216
23607,7,8,1.1428571428571428,1575
23608,3,4,1.3333333333333333,1031
23609,1,1,1.0,538
23610,3,3,1.0,748
23611,16,40,2.5,1823
23612,2,5,2.5,714
23613,6,11,1.8333333333333333,1357
23614,11,26,2.3636363636363638,1757
23615,4,4,1.0,1144
23616,7,8,1.1428571428571428,1547
23617,1,2,2.0,502
23619,2,4,2.0,636
23620,7,10,1.4285714285714286,1104
23621,4,6,1.5,1269
23623,6,8,1.3333333333333333,1193
23624,4,4,1.0,935
23625,4,9,2.25,1431
23626,16,43,2.6875,1945
23627,2,7,3.5,788
23628,1,1,1.0,1109
23629,10,24,2.4,1573
23630,2,2,1.0,687
23632,10,15,1.5,1617
23633,3,3,1.0,1380
23634,5,5,1.0,1485
23635,3,3,1.0,1056
23636,7,9,1.2857142857142858,1505
23637,9,11,1.2222222222222223,1481
23638,2,2,1.0,762
23639,4,4,1.0,1397
23640,8,9,1.125,1613
23643,1,1,1.0,1109
23644,5,5,1.0,1175
23645,4,9,2.25,1121
23646,5,8,1.6,1132
23649,2,2,1.0,826
23650,4,4,1.0,1216
23652,1,2,2.0,571
23654,4,5,1.25,1160
23660,42,306,7.285714285714286,1889
23661,33,219,6.636363636363637,1923
23664,1,1,1.0,28
23681,132,1576,11.93939393939394,2101
23691,38,1175,30.92105263157895,827
23692,2,50,25.0,92
23694,41,376,9.170731707317072,2070
23695,57,741,13.0,2009
23697,35,456,13.028571428571428,1855
23702,3,4,1.3333333333333333,0
23843,1,80995,80995.0,0
35001G,30,198,6.6,1579
35001W,5,92,18.4,90
35004B,111,577,5.198198198198198,2451
35004C,39,394,10.102564102564102,598
35004G,21,127,6.0476190476190474,648
35004P,1,1,1.0,37
35095A,100,925,9.25,2967
35095B,98,862,8.795918367346939,2922
35241,44,103,2.340909090909091,1791
35265,12,17,1.4166666666666667,524
35271S,2,19,9.5,82
35400,5,10,2.0,176
35443,6,8,1.3333333333333333,363
35471D,223,1848,8.286995515695068,3118
35591T,4,5,1.25,280
35597A,1,1,1.0,22
35597B,1,1,1.0,22
35597D,2,46,23.0,35
35598A,2,9,4.5,129
35598B,25,558,22.32,1416
35598C,2,2,1.0,52
35598D,42,684,16.285714285714285,2245
35599B,27,217,8.037037037037036,1543
35599D,34,201,5.911764705882353,2063
35607A,2,26,13.0,290
35607B,7,96,13.714285714285714,250
35609A,1,1,1.0,606
35610A,3,10,3.3333333333333335,871
35610B,1,24,24.0,6
35610C,2,25,12.5,610
35637A,28,170,6.071428571428571,1522
35637C,9,30,3.3333333333333335,537
35638A,5,38,7.6,163
35638B,5,57,11.4,488
35645,3,4,1.3333333333333333,125
35646,94,619,6.585106382978723,2826
35647,2,13,6.5,51
35648,128,979,7.6484375,2950
35649,35,57,1.6285714285714286,2395
35650,1,1,1.0,63
35651,58,451,7.775862068965517,2172
35653,52,150,2.8846153846153846,2376
35809A,62,420,6.774193548387097,1944
35809B,3,8,2.6666666666666665,98
35809a,9,9,1.0,309
35810A,75,633,8.44,2274
35810B,26,152,5.846153846153846,1274
35815P,5,162,32.4,214
35816P,2,78,39.0,35
35817P,2,18,9.0,27
35818B,3,31,10.333333333333334,135
35818P,19,263,13.842105263157896,1007
35819B,24,268,11.166666666666666,998
35819P,7,95,13.571428571428571,342
35833G,1,2,2.0,567
35833P,22,49,2.227272727272727,1959
35909A,3,8,2.6666666666666665,209
35909B,2,8,4.0,114
35910A,4,20,5.0,214
35910B,3,13,4.333333333333333,129
35911A,70,319,4.557142857142857,2326
35911B,15,119,7.933333333333334,1126
35912B,20,252,12.6,811
35913B,10,36,3.6,475
35914,40,195,4.875,1752
35915B,50,220,4.4,1795
35915C,60,315,5.25,1899
35916A,29,87,3.0,2049
35916B,32,91,2.84375,2090
35916C,20,106,5.3,1871
35920,15,72,4.8,915
35921,23,68,2.9565217391304346,1227
35922,10,28,2.8,330
35923,62,1318,21.258064516129032,2262
35924,72,820,11.38888888888889,2721
35933,19,226,11.894736842105264,1161
35953,131,3581,27.33587786259542,2583
35954,54,1245,23.055555555555557,2318
35957,41,688,16.78048780487805,2148
35958,3,12,4.0,108
35961,244,2986,12.237704918032787,3156
35964,100,783,7.83,2874
35965,69,366,5.304347826086956,2561
35966,2,27,13.5,88
35967,67,485,7.2388059701492535,2664
35968,19,163,8.578947368421053,1211
35970,456,5050,11.074561403508772,2834
35971,88,462,5.25,2692
35972,16,96,6.0,689
37327,81,1578,19.48148148148148,2495
37330,1,6,6.0,150
37333,17,21,1.2352941176470589,725
37340,135,2544,18.844444444444445,2517
37342,109,1570,14.403669724770642,2435
37343,13,72,5.538461538461538,1357
37351,2,10,5.0,66
37370,159,2567,16.144654088050313,2640
37379A,1,6,6.0,45
37413,81,703,8.679012345679013,1769
37423,3,78,26.0,108
37444A,18,53,2.9444444444444446,1482
37444B,3,4,1.3333333333333333,145
37444C,9,21,2.3333333333333335,1068
37446,183,1354,7.398907103825136,2640
37447,115,820,7.130434782608695,2691
37448,187,1451,7.759358288770054,2675
37449,154,563,3.655844155844156,1920
37450,134,714,5.3283582089552235,2633
37461,1,1,1.0,40
37462E,12,36,3.0,1734
37464,2,3,1.5,86
37467,17,159,9.352941176470589,1469
37468,13,64,4.923076923076923,708
37471,3,29,9.666666666666666,113
37474,1,1,1.0,673
37475,43,70,1.627906976744186,1740
37476,26,37,1.4230769230769231,1715
37479B,21,131,6.238095238095238,989
37479P,32,163,5.09375,1644
37482P,47,494,10.51063829787234,1777
37487B,2,68,34.0,44
37488A,3,28,9.333333333333334,127
37489A,14,33,2.357142857142857,415
37489B,12,31,2.5833333333333335,338
37489C,8,23,2.875,236
37489D,16,40,2.5,469
37491A,4,6,1.5,1487
37491B,1,4,4.0,48
37491C,1,8,8.0,48
37491D,2,4,2.0,250
37495,92,440,4.782608695652174,1857
37500,113,380,3.3628318584070795,2686
37501,49,133,2.7142857142857144,1734
37509,2,2,1.0,83
40001,56,821,14.660714285714286,2184
40003,15,155,10.333333333333334,631
40005B,4,12,3.0,163
40016,97,5556,57.27835051546392,2251
40046A,6,50,8.333333333333334,223
44089A,4,15,3.75,224
44089C,6,24,4.0,199
44091A,3,9,3.0,253
44092B,5,14,2.8,211
44092C,8,20,2.5,243
44228,2,36,18.0,40
44234,33,693,21.0,1805
44235,13,538,41.38461538461539,381
44236,6,52,8.666666666666666,269
44242A,1,12,12.0,26
44242B,3,52,17.333333333333332,69
44265,1,2,2.0,13
45013,2,3,1.5,36
46000M,137,1021,7.452554744525547,1724
46000P,6,18,3.0,80
46000R,38,103,2.710526315789474,993
46000S,185,1556,8.41081081081081,1877
46000U,26,107,4.115384615384615,703
46115B,2,12,6.0,69
46118,46,232,5.043478260869565,2484
46126A,8,52,6.5,499
46138B,12,43,3.5833333333333335,464
46775D,39,60,1.5384615384615385,2113
46776A,70,155,2.2142857142857144,2693
46776B,88,161,1.8295454545454546,2827
46776C,59,117,1.9830508474576272,2706
46776D,37,89,2.4054054054054053,2445
46776E,38,67,1.763157894736842,2401
46776F,89,210,2.359550561797753,2780
46776a,1,5,5.0,1109
46776b,1,1,1.0,1109
46776e,1,1,1.0,1109
46776f,1,7,7.0,1109
47013A,4,14,3.5,199
47013C,12,52,4.333333333333333,846
47016,1,2,2.0,144
47021G,27,582,21.555555555555557,1783
47310M,121,410,3.3884297520661155,2842
47341A,5,27,5.4,115
47341B,11,45,4.090909090909091,614
47343A,14,159,11.357142857142858,468
47344B,6,44,7.333333333333333,281
47348A,15,97,6.466666666666667,320
47351B,9,86,9.555555555555555,422
47367B,43,112,2.604651162790698,2317
47369A,20,33,1.65,1982
47369B,22,35,1.5909090909090908,2152
47420,13,196,15.076923076923077,675
47421,55,994,18.072727272727274,1410
47422,45,617,13.71111111111111,1388
47469,12,469,39.083333333333336,576
47471,39,290,7.435897435897436,2328
47480,86,746,8.674418604651162,2739
47481,23,225,9.782608695652174,1508
47503A,163,2734,16.773006134969325,2188
47503H,37,100,2.7027027027027026,1797
47503J,2,3,1.5,79
47504H,118,978,8.288135593220339,2788
47504K,212,2018,9.518867924528301,2826
47518F,28,827,29.535714285714285,835
47518f,5,5,1.0,298
47556B,2,2600,1300.0,4
47559B,287,2077,7.2369337979094075,3027
47559b,28,103,3.6785714285714284,498
47563A,105,285,2.7142857142857144,2882
47566,1685,18283,10.850445103857567,3480
47566B,365,2379,6.517808219178082,2857
47566b,102,199,1.9509803921568627,866
47567B,133,602,4.526315789473684,2537
47570B,31,185,5.967741935483871,1303
47570b,2,2,1.0,154
47574A,114,548,4.807017543859649,2437
47574B,2,4,2.0,90
47578A,45,213,4.733333333333333,2147
47579,1,1,1.0,94
47580,110,388,3.5272727272727273,2511
47585A,83,264,3.180722891566265,2574
47586A,8,21,2.625,279
47589,3,13,4.333333333333333,121
47590A,390,1990,5.102564102564102,2865
47590B,393,2323,5.910941475826972,2822
47590b,9,12,1.3333333333333333,411
47591B,56,209,3.732142857142857,2222
47591D,439,3207,7.305239179954442,3080
47591b,1,1,1.0,203
47591d,56,134,2.392857142857143,844
47593A,12,33,2.75,558
47593B,245,1987,8.110204081632654,3186
47593b,1,6,6.0,1109
47594A,50,108,2.16,2130
47594B,56,170,3.0357142857142856,2101
47599A,165,2456,14.884848484848485,2395
47599B,118,1480,12.542372881355933,1886
48111,233,1172,5.030042918454936,2963
48116,201,1491,7.417910447761194,2336
48129,205,904,4.409756097560976,2765
48138,616,3751,6.089285714285714,3070
48173C,188,1799,9.569148936170214,2459
48173c,7,15,2.142857142857143,209
48184,407,2035,5.0,2941
48185,365,3615,9.904109589041095,2942
48187,600,3807,6.345,3060
48188,287,2064,7.191637630662021,2917
48189,17,27,1.588235294117647,221
48194,592,3416,5.77027027027027,3162
51008,22,519,23.59090909090909,587
51014A,239,3842,16.07531380753138,3080
51014C,174,2687,15.442528735632184,2927
51014L,149,2059,13.818791946308725,2851
51014c,1,1,1.0,1109
51020A,18,325,18.055555555555557,527
51020B,15,197,13.133333333333333,469
62018,61,4415,72.37704918032787,1240
62043B,5,17,3.4,207
62074B,4,16,4.0,149
62086A,14,88,6.285714285714286,390
62094B,8,19,2.375,1154
62096A,8,106,13.25,140
62096B,1,2,2.0,88
62097B,3,9,3.0,79
70006,120,2702,22.516666666666666,2789
70007,107,841,7.859813084112149,2968
71038,47,238,5.0638297872340425,1001
71050,6,33,5.5,280
71053,333,1944,5.837837837837838,3061
71101E,22,346,15.727272727272727,730
71143,37,178,4.8108108108108105,2362
71215,2,11,5.5,58
71270,49,236,4.816326530612245,2229
71279,38,175,4.605263157894737,2083
71403,33,76,2.303030303030303,1989
71406C,21,138,6.571428571428571,900
71459,440,13605,30.920454545454547,3061
71477,316,6748,21.354430379746834,3071
71495A,8,103,12.875,1109
71495B,8,163,20.375,916
71496A,12,127,10.583333333333334,1533
71496B,4,13,3.25,164
71510,8,52,6.5,490
72024U,3,72,24.0,94
72051S,13,130,10.0,1523
72122,61,324,5.311475409836065,2492
72127,30,169,5.633333333333334,1156
72128,36,193,5.361111111111111,1762
72130,27,219,8.11111111111111,1529
72131,18,136,7.555555555555555,601
72132,12,28,2.3333333333333335,587
72133,16,45,2.8125,1239
72134,11,105,9.545454545454545,1392
72140E,8,31,3.875,292
72225C,17,624,36.705882352941174,968
72232,65,3317,51.03076923076923,1539
72349B,114,729,6.394736842105263,2713
72349b,82,159,1.9390243902439024,1083
72351A,153,1264,8.261437908496733,2717
72351B,186,2096,11.268817204301076,2863
72351a,12,15,1.25,484
72369A,5,30,6.0,592
72586,83,691,8.325301204819278,2750
72598,93,607,6.526881720430108,2849
72709,7,44,6.285714285714286,226
72741,292,5958,20.404109589041095,3013
72760B,153,409,2.673202614379085,2311
72780,20,137,6.85,759
72783,2,16,8.0,152
72798C,3,7,2.3333333333333335,64
72799C,19,81,4.2631578947368425,913
72799E,76,451,5.934210526315789,2688
72799F,30,144,4.8,1628
72800B,38,142,3.736842105263158,1300
72800C,35,130,3.7142857142857144,1526
72800D,31,87,2.806451612903226,980
72800E,136,538,3.9558823529411766,2847
72801C,19,145,7.631578947368421,1506
72801D,18,75,4.166666666666667,1342
72801G,13,45,3.4615384615384617,708
72801c,25,39,1.56,717
72801d,44,75,1.7045454545454546,827
72802A,63,323,5.126984126984127,1837
72802B,82,1028,12.536585365853659,1715
72802C,105,1395,13.285714285714286,2224
72802a,2,7,3.5,74
72802c,1,1,1.0,281
72803A,41,529,12.902439024390244,1429
72803b,1,1,1.0,0
72807A,107,393,3.6728971962616823,2764
72807B,110,395,3.590909090909091,2671
72807C,157,721,4.592356687898089,2827
72807a,5,8,1.6,452
72807b,4,4,1.0,113
72807c,5,5,1.0,483
72811,8,53,6.625,920
72812,11,34,3.090909090909091,1525
72815,2,3,1.5,142
72816,69,892,12.927536231884059,2656
72817,161,1212,7.527950310559007,2961
72818,76,1845,24.276315789473685,2260
72819,43,225,5.232558139534884,2088
72821,4,11,2.75,142
75011,12,172,14.333333333333334,533
75013B,6,25,4.166666666666667,227
75049L,205,7102,34.64390243902439,2799
75131,15,490,32.666666666666664,934
75172,8,93,11.625,230
75178,13,459,35.30769230769231,1111
77079,1,1,1.0,80
77101A,22,387,17.59090909090909,924
78033,8,38,4.75,98
78034B,6,8,1.3333333333333333,180
78124,18,198,11.0,551
79000,125,4162,33.296,2366
79026B,9,25,2.7777777777777777,288
79030D,47,581,12.361702127659575,1915
79030G,67,1403,20.940298507462686,1791
79051A,41,823,20.073170731707318,1409
79062D,4,52,13.0,67
79063C,14,235,16.785714285714285,838
79063D,11,189,17.181818181818183,565
79066K,146,783,5.363013698630137,2889
79066k,10,17,1.7,528
79067,38,172,4.526315789473684,1801
79071B,11,20,1.8181818181818181,417
79144B,53,180,3.3962264150943398,2679
79144C,51,152,2.980392156862745,2673
79149B,8,18,2.25,375
79151B,2,11,5.5,74
79157B,2,4,2.0,71
79157V,3,5,1.6666666666666667,105
79160,49,444,9.061224489795919,1378
79161A,2,2,1.0,149
79163,35,1529,43.68571428571428,712
79164,19,1666,87.6842105263158,466
79190A,63,384,6.095238095238095,2624
79190B,57,707,12.403508771929825,2491
79190D,47,265,5.638297872340425,2474
79191B,30,159,5.3,1703
79191C,65,1105,17.0,1496
79191D,16,35,2.1875,1957
79192A,2,3,1.5,255
79302M,62,370,5.967741935483871,2339
79321,661,10302,15.585476550680786,3313
79323B,1,8,8.0,2
79323P,1,4,4.0,2
79329,2,12,6.0,72
79331,3,26,8.666666666666666,52
79336,3,36,12.0,75
79337,10,644,64.4,187
79403,15,95,6.333333333333333,1241
79406,8,144,18.0,968
81950B,8,116,14.5,471
81950V,6,20,3.3333333333333335,380
81952B,9,200,22.22222222222222,289
81952V,24,365,15.208333333333334,800
81953B,3,11,3.6666666666666665,189
81953P,3,28,9.333333333333334,222
82001S,127,1582,12.456692913385826,2656
82001s,27,122,4.518518518518518,808
82011A,12,18,1.5,272
82011B,21,43,2.0476190476190474,610
82011C,20,51,2.55,612
82095,30,68,2.2666666666666666,1839
82482,1100,8986,8.16909090909091,3417
82483,543,2386,4.394106813996316,3045
82484,685,6012,8.776642335766423,3213
82486,605,2136,3.530578512396694,3057
82494L,910,6735,7.4010989010989015,3301
82494l,61,264,4.327868852459017,995
82551,351,2918,8.313390313390313,3242
82552,364,3012,8.274725274725276,3161
82567,291,711,2.443298969072165,3207
82578,305,2058,6.747540983606557,3210
82580,631,5881,9.32012678288431,3428
82581,405,3883,9.587654320987655,3142
82582,437,4365,9.988558352402746,3189
82583,609,7258,11.917898193760262,3285
82599,141,508,3.602836879432624,2399
82600,545,6013,11.03302752293578,3195
82605,3,14,4.666666666666667,91
82613A,18,71,3.9444444444444446,1012
82613B,111,583,5.252252252252252,2836
82613C,96,537,5.59375,2767
82613D,111,696,6.27027027027027,2858
82613a,1,1,1.0,57
82613b,4,4,1.0,193
82613c,4,5,1.25,299
82615,1,36,36.0,15
82616B,73,343,4.698630136986301,2611
82616C,85,324,3.8117647058823527,2650
84006,105,918,8.742857142857142,2743
84012,115,1265,11.0,2506
84016,2,27,13.5,156
84029E,429,4734,11.034965034965035,3004
84029G,459,3319,7.230936819172113,3217
84030E,334,1497,4.482035928143713,3121
84030e,41,108,2.6341463414634148,243
84031A,165,430,2.606060606060606,3069
84031B,143,303,2.1188811188811187,3018
84031a,1,1,1.0,1109
84031b,1,1,1.0,1109
84032A,313,1003,3.2044728434504792,3261
84032B,255,936,3.6705882352941175,3223
84033,7,23,3.2857142857142856,288
84050,256,3229,12.61328125,3010
84051,25,281,11.24,1103
84077,535,54951,102.71214953271028,3125
84078A,155,415,2.6774193548387095,2655
84086B,7,16,2.2857142857142856,303
84086C,53,218,4.113207547169812,2440
84192,25,111,4.44,738
84199,31,138,4.451612903225806,1048
84201B,2,13,6.5,162
84201C,1,5,5.0,19
84206A,3,24,8.0,201
84206B,1,5,5.0,32
84206C,2,8,4.0,132
84212,111,10315,92.92792792792793,1992
84218,41,123,3.0,1174
84226,10,51,5.1,325
84227,1,1,1.0,49
84228,27,297,11.0,1613
84231,20,108,5.4,838
84247E,48,140,2.9166666666666665,2071
84247G,32,357,11.15625,1696
84247K,9,22,2.4444444444444446,311
84247L,19,128,6.7368421052631575,1541
84247N,18,22,1.2222222222222223,768
84249A,27,174,6.444444444444445,2051
84251B,53,245,4.622641509433962,2352
84251C,40,127,3.175,2020
84251G,53,270,5.09433962264151,2542
84270,4,17,4.25,1246
84279B,69,192,2.782608695652174,1579
84279P,126,377,2.992063492063492,2726
84306,9,10,1.1111111111111112,891
84313B,39,127,3.2564102564102564,1922
84313C,43,504,11.720930232558139,1886
84341B,40,645,16.125,1871
84347,449,9461,21.071269487750556,3261
84352,23,34,1.4782608695652173,1044
84356,82,424,5.170731707317073,2392
84358,13,33,2.5384615384615383,410
84360,20,78,3.9,635
84375,517,4311,8.338491295938104,3311
84378,685,6332,9.243795620437956,3409
84380,688,5799,8.428779069767442,3356
84387A,1,11,11.0,64
84388,6,24,4.0,302
84402B,3,61,20.333333333333332,133
84406B,284,2015,7.095070422535211,2955
84415A,2,12,6.0,51
84415B,3,8,2.6666666666666665,60
84422,15,566,37.733333333333334,1306
84429A,21,54,2.5714285714285716,1788
84452,16,74,4.625,587
84457,26,126,4.846153846153846,1304
84459A,91,716,7.868131868131868,2524
84459B,91,721,7.923076923076923,2216
84461,14,41,2.9285714285714284,531
84462,6,12,2.0,200
84465,7,10,1.4285714285714286,283
84466,10,46,4.6,353
84497,7,13,1.8571428571428572,368
84499,2,7,3.5,61
84507B,22,39,1.7727272727272727,1373
84507C,28,66,2.357142857142857,1199
84508A,36,1631,45.30555555555556,602
84508B,30,56,1.8666666666666667,748
84508C,25,56,2.24,1584
84509A,230,896,3.8956521739130436,3120
84509B,79,217,2.7468354430379747,2384
84509C,51,130,2.549019607843137,2481
84509E,23,91,3.9565217391304346,1961
84509G,66,517,7.833333333333333,2180
84509a,68,104,1.5294117647058822,954
84509b,4,5,1.25,399
84509c,27,43,1.5925925925925926,871
84509g,2,2,1.0,77
84510A,239,1196,5.00418410041841,3103
84510C,54,132,2.4444444444444446,2501
84510E,16,34,2.125,1521
84510a,40,53,1.325,498
84510c,23,40,1.7391304347826086,832
84510e,1,1,1.0,42
84519A,88,512,5.818181818181818,2371
84519B,126,471,3.738095238095238,2623
84520B,80,554,6.925,2175
84522,12,20,1.6666666666666667,1236
84527,8,52,6.5,956
84531A,29,147,5.068965517241379,1215
84531B,28,155,5.535714285714286,1212
84534B,10,53,5.3,1400
84534b,2,2,1.0,144
84535A,21,399,19.0,836
84535B,155,1332,8.593548387096774,2904
84536A,341,3138,9.20234604105572,3241
84536B,178,2102,11.808988764044944,3078
84536a,4,14,3.5,341
84536b,1,5,5.0,110
84539,2,26,13.0,36
84548,4,22,5.5,243
84549,7,38,5.428571428571429,898
84550,1,1,1.0,54
84551,2,13,6.5,124
84558A,81,333,4.111111111111111,2501
84558a,5,5,1.0,371
84559A,94,397,4.223404255319149,2865
84559B,55,237,4.3090909090909095,2176
84559a,22,29,1.3181818181818181,448
84559b,20,23,1.15,581
84562A,3,3,1.0,78
84563A,35,96,2.742857142857143,1745
84563B,38,94,2.473684210526316,1756
84568,147,12442,84.63945578231292,2959
84569A,65,294,4.523076923076923,2571
84569B,19,85,4.473684210526316,1285
84569C,1,1,1.0,30
84569D,98,467,4.76530612244898,2791
84575A,4,14,3.5,146
84576,17,66,3.8823529411764706,1429
84580,165,389,2.3575757575757574,2932
84581,90,187,2.077777777777778,2574
84584,30,144,4.8,1694
84592,22,76,3.4545454545454546,1650
84593,1,5,5.0,10
84595E,22,78,3.5454545454545454,1400
84596B,522,5023,9.622605363984674,3319
84596E,79,564,7.139240506329114,2312
84596F,435,3732,8.579310344827586,3254
84596G,245,1855,7.571428571428571,3113
84596J,68,568,8.352941176470589,2223
84596L,172,1254,7.290697674418604,2705
84596b,5,7,1.4,254
84596e,6,10,1.6666666666666667,327
84596f,12,16,1.3333333333333333,476
84596g,1,3,3.0,48
84596l,1,1,1.0,57
84597B,5,41,8.2,158
84597C,13,46,3.5384615384615383,442
84598,99,1975,19.949494949494948,2837
84600,25,53,2.12,1634
84609,20,93,4.65,1293
84613A,3,6,2.0,274
84613C,1,1,1.0,58
84614A,1,2,2.0,23
84616,9,14,1.5555555555555556,611
84617,3,3,1.0,70
84620,1,2,2.0,38
84625A,42,478,11.380952380952381,1962
84625C,35,449,12.82857142857143,1752
84629,10,20,2.0,378
84631,24,40,1.6666666666666667,1835
84632,5,6,1.2,55
84637,83,116,1.3975903614457832,2499
84638,37,50,1.3513513513513513,1762
84658,22,57,2.590909090909091,1519
84659A,89,280,3.146067415730337,2614
84660A,42,843,20.071428571428573,1530
84660B,40,707,17.675,1619
84660C,45,661,14.688888888888888,2107
84660a,2,4,2.0,71
84660b,2,2,1.0,263
84660c,16,18,1.125,555
84661A,20,104,5.2,1864
84661B,29,115,3.9655172413793105,2246
84661C,14,71,5.071428571428571,1895
84661a,1,1,1.0,39
84661b,1,1,1.0,133
84663A,34,272,8.0,1932
84665,17,105,6.176470588235294,445
84666,4,24,6.0,97
84673A,43,92,2.13953488372093,1931
84673B,66,179,2.712121212121212,2473
84674,47,193,4.1063829787234045,2041
84675,2,9,4.5,70
84678,13,142,10.923076923076923,935
84679,2,6,3.0,37
84683,12,194,16.166666666666668,914
84685,21,34,1.619047619047619,1733
84686,8,49,6.125,243
84687,31,81,2.6129032258064515,1482
84688,15,41,2.7333333333333334,1376
84689,2,3,1.5,39
84691,4,242,60.5,30
84692,583,7903,13.5557461406518,3356
84705C,1,12,12.0,7
84706D,4,8,2.0,157
84706F,10,16,1.6,406
84707A,45,95,2.111111111111111,2365
84707B,18,34,1.8888888888888888,1597
84708B,19,62,3.263157894736842,1384
84709B,11,20,1.8181818181818181,499
84711A,17,25,1.4705882352941178,1434
84711B,13,20,1.5384615384615385,879
84712B,20,30,1.5,1763
84715,3,16,5.333333333333333,141
84723,6,41,6.833333333333333,227
84725,18,41,2.2777777777777777,490
84731,2,2,1.0,213
84732B,2,22,11.0,64
84732D,2,11,5.5,64
84741C,14,60,4.285714285714286,440
84743C,1,1,1.0,35
84744,20,110,5.5,1357
84745A,5,32,6.4,372
84745B,5,32,6.4,372
84746,9,14,1.5555555555555556,1303
84748,61,204,3.3442622950819674,2548
84750A,1,24,24.0,21
84750B,12,61,5.083333333333333,341
84751B,8,17,2.125,228
84754,62,558,9.0,2530
84755,621,16401,26.41062801932367,3191
84760S,8,43,5.375,302
84763,57,601,10.543859649122806,1734
84766,14,146,10.428571428571429,376
84773,1,3,3.0,42
84789,48,186,3.875,1518
84792,241,833,3.4564315352697097,2964
84795B,48,176,3.6666666666666665,1411
84795C,1,2,2.0,18
84795b,14,16,1.1428571428571428,560
84796A,43,61,1.4186046511627908,1972
84796B,124,256,2.064516129032258,2536
84796a,12,17,1.4166666666666667,481
84798A,4,23,5.75,314
84798B,3,11,3.6666666666666665,125
84799,10,224,22.4,283
84800L,22,360,16.363636363636363,530
84800M,11,127,11.545454545454545,290
84800S,9,107,11.88888888888889,296
84801A,5,46,9.2,113
84801B,3,22,7.333333333333333,89
84802A,1,2,2.0,28
84802B,1,4,4.0,37
84803A,1,3,3.0,35
84803B,4,17,4.25,143
84804A,8,70,8.75,166
84804B,6,99,16.5,164
84805A,4,32,8.0,83
84805B,3,38,12.666666666666666,186
84806A,11,137,12.454545454545455,323
84806B,20,308,15.4,671
84809A,8,55,6.875,463
84809B,1,18,18.0,47
84813,38,166,4.368421052631579,2090
84816,10,13,1.3,249
84817,55,951,17.29090909090909,1407
84818,99,1423,14.373737373737374,1645
84819,62,811,13.080645161290322,1410
84820,31,259,8.35483870967742,846
84821,40,935,23.375,1234
84823,25,112,4.48,338
84824,2,2,1.0,52
84826,31,1162,37.483870967741936,914
84827,14,509,36.357142857142854,560
84828,182,1099,6.038461538461538,3055
84832,268,2933,10.944029850746269,3152
84836,535,5937,11.097196261682242,3187
84840,6,6,1.0,1126
84842,9,14,1.5555555555555556,827
84843,48,172,3.5833333333333335,1831
84846A,13,56,4.3076923076923075,1279
84847,11,20,1.8181818181818181,710
84849A,53,180,3.3962264150943398,2433
84849B,76,266,3.5,2161
84849D,114,494,4.333333333333333,2319
84854,1,5,5.0,33
84856L,2,2,1.0,599
84856S,1,4,4.0,23
84857B,1,24,24.0,12
84857C,10,98,9.8,594
84858C,6,186,31.0,341
84859A,35,129,3.6857142857142855,2036
84859B,11,31,2.8181818181818183,1046
84859C,22,84,3.8181818181818183,1287
84865,14,27,1.9285714285714286,924
84870B,25,44,1.76,1820
84870C,28,46,1.6428571428571428,1786
84872A,32,40,1.25,1582
84872a,21,26,1.2380952380952381,458
84873A,2,2,1.0,53
84874B,14,41,2.9285714285714284,962
84875B,20,131,6.55,1592
84875D,8,51,6.375,244
84876B,33,218,6.606060606060606,2048
84876D,16,128,8.0,1128
84877A,4,40,10.0,358
84877B,21,144,6.857142857142857,1583
84877D,18,96,5.333333333333333,1415
84879,1455,36362,24.99106529209622,3351
84880,76,312,4.105263157894737,2185
84881,6,12,2.0,646
84882,18,38,2.111111111111111,1634
84884A,78,301,3.858974358974359,2342
84884a,26,38,1.4615384615384615,780
84898F,19,46,2.4210526315789473,758
84905,20,35,1.75,1537
84906,12,35,2.9166666666666665,716
84907,23,29,1.2608695652173914,1629
84910A,17,26,1.5294117647058822,1516
84912A,74,156,2.108108108108108,2297
84912B,160,323,2.01875,3073
84913A,124,273,2.2016129032258065,2710
84913B,86,196,2.2790697674418605,2494
84915,23,217,9.434782608695652,2128
84916,29,223,7.689655172413793,1754
84917,27,184,6.814814814814815,1807
84919,29,58,2.0,1751
84920,48,115,2.3958333333333335,2343
84921,5,11,2.2,229
84922,6,9,1.5,389
84923,98,162,1.653061224489796,2922
84924A,33,81,2.4545454545454546,1831
84924F,3,10,3.3333333333333335,115
84925D,10,15,1.5,424
84925F,14,79,5.642857142857143,452
84926A,35,604,17.257142857142856,1549
84926D,34,709,20.852941176470587,1616
84926E,39,968,24.82051282051282,1675
84926F,28,430,15.357142857142858,1867
84927A,18,50,2.7777777777777777,1246
84927D,14,47,3.357142857142857,1031
84927E,13,59,4.538461538461538,939
84927F,44,299,6.795454545454546,1606
84929,65,2412,37.10769230769231,1444
84931A,51,133,2.607843137254902,2387
84931B,49,177,3.6122448979591835,2277
84944,83,710,8.55421686746988,1848
84945,347,10545,30.389048991354468,3032
84946,905,19209,21.225414364640883,3395
84947,347,8652,24.93371757925072,3099
84949,290,4789,16.513793103448275,2893
84950,120,3619,30.158333333333335,2794
84951A,93,475,5.10752688172043,2815
84951B,82,451,5.5,2689
84952A,26,92,3.5384615384615383,1929
84952B,29,186,6.413793103448276,1969
84952C,12,144,12.0,932
84963A,1,4,4.0,62
84963B,1,3,3.0,1
84968A,98,267,2.7244897959183674,2650
84968B,2,2,1.0,71
84968C,104,317,3.048076923076923,2699
84968D,55,157,2.8545454545454545,2265
84968E,44,132,3.0,1987
84968F,65,177,2.723076923076923,2257
84968a,3,5,1.6666666666666667,250
84968d,3,3,1.0,159
84968e,6,8,1.3333333333333333,565
84968f,1,1,1.0,39
84969,210,558,2.657142857142857,3058
84970L,457,6064,13.269146608315099,3214
84970S,537,8879,16.534450651769088,3270
84970l,50,201,4.02,980
84970s,66,238,3.606060606060606,1019
84971S,172,1761,10.238372093023257,2989
84971l,1,2,2.0,246
84974,28,39,1.3928571428571428,741
84975,2,5,2.5,58
84976,37,512,13.837837837837839,1870
84977,1,1,1.0,12
84978,728,12493,17.160714285714285,3280
84984A,6,19,3.1666666666666665,242
84984B,5,17,3.4,241
84984D,4,13,3.25,79
84985A,18,41,2.2777777777777777,648
84987,334,3051,9.134730538922156,3049
84988,510,4311,8.452941176470588,3301
84989A,17,27,1.588235294117647,753
84989a,25,42,1.68,236
84990,2,2,1.0,36
84991,828,18189,21.967391304347824,3369
84992,615,13319,21.65691056910569,3340
84993A,55,343,6.236363636363636,2289
84993B,18,58,3.2222222222222223,579
84993a,19,32,1.6842105263157894,693
84997A,260,2573,9.896153846153846,2792
84997B,370,4214,11.389189189189189,2985
84997C,335,3783,11.292537313432836,2731
84997D,473,5103,10.788583509513742,3004
84997a,65,106,1.6307692307692307,926
84997b,67,364,5.432835820895522,625
84997c,62,284,4.580645161290323,248
84997d,73,319,4.36986301369863,609
85006,9,55,6.111111111111111,291
85008,8,13,1.625,753
85014A,278,1163,4.183453237410072,2895
85014B,350,1910,5.457142857142857,3123
85014a,14,18,1.2857142857142858,636
85014b,23,25,1.0869565217391304,783
85015,143,2180,15.244755244755245,2762
85016,42,563,13.404761904761905,1803
85017A,8,16,2.0,1472
85017B,158,1077,6.8164556962025316,3026
85017C,10,49,4.9,515
85018D,7,12,1.7142857142857142,282
85019A,33,414,12.545454545454545,1503
85019B,36,512,14.222222222222221,1954
85019C,11,182,16.545454545454547,671
85020,22,85,3.8636363636363638,1518
85023B,13,105,8.076923076923077,325
85024B,12,193,16.083333333333332,546
85024C,9,12,1.3333333333333333,362
85025B,38,329,8.657894736842104,2224
85025C,39,321,8.23076923076923,1948
85026B,11,79,7.181818181818182,685
85027L,18,70,3.888888888888889,425
85028L,4,10,2.5,179
85028S,8,24,3.0,209
85030,6,15,2.5,268
85031A,7,16,2.2857142857142856,234
85031B,1,1,1.0,39
85031C,1,3,3.0,38
85032A,135,789,5.844444444444444,2721
85032B,133,786,5.909774436090226,2698
85032C,140,683,4.878571428571429,2853
85032D,93,687,7.387096774193548,2619
85034A,74,498,6.72972972972973,2072
85034B,120,945,7.875,2678
85034C,158,1129,7.1455696202531644,2747
85034a,3,3,1.0,275
85034b,1,1,1.0,246
85035A,81,276,3.4074074074074074,2174
85035B,70,619,8.842857142857143,2316
85035C,130,1137,8.746153846153845,2616
85035a,2,2,1.0,142
85035b,1,1,1.0,65
85035c,1,1,1.0,122
85036A,60,211,3.5166666666666666,1976
85036B,49,361,7.36734693877551,1701
85036C,84,742,8.833333333333334,2133
85036a,1,2,2.0,30
85036b,1,1,1.0,139
85038,142,1061,7.471830985915493,2784
85039A,162,704,4.345679012345679,3043
85039B,172,806,4.686046511627907,3045
85039C,67,305,4.552238805970149,2759
85039a,29,40,1.3793103448275863,753
85040A,164,888,5.414634146341464,2946
85040B,35,137,3.914285714285714,1298
85040a,21,32,1.5238095238095237,721
85045,11,42,3.8181818181818183,389
85047,2,3,1.5,174
85048,261,1359,5.206896551724138,2866
85049A,323,3001,9.291021671826625,3128
85049B,13,54,4.153846153846154,495
85049C,224,1215,5.424107142857143,2911
85049D,107,547,5.11214953271028,2010
85049E,409,2860,6.992665036674817,3249
85049F,88,378,4.295454545454546,1922
85049G,258,1608,6.232558139534884,2972
85049H,184,848,4.608695652173913,2989
85049a,36,244,6.777777777777778,974
85049b,2,2,1.0,205
85049c,1,1,1.0,281
85049d,2,2,1.0,81
85049e,42,109,2.5952380952380953,982
85049g,51,113,2.215686274509804,227
85053,317,1693,5.340694006309148,3100
85054,115,587,5.104347826086957,2710
85055,16,45,2.8125,1511
85059,128,411,3.2109375,2835
85061W,162,2146,13.246913580246913,2907
85062,159,1462,9.19496855345912,2725
85064,30,215,7.166666666666667,1697
85066,519,1784,3.4373795761079,3144
85067,5,7,1.4,81
85071A,111,1041,9.378378378378379,2400
85071B,125,1290,10.32,2666
85071C,105,683,6.504761904761905,2607
85071D,84,403,4.7976190476190474,2427
85078,124,1932,15.580645161290322,2694
85084,7,20,2.857142857142857,216
85086A,50,146,2.92,2045
85087,125,339,2.712,2734
85088,51,259,5.078431372549019,2458
85089,5,13,2.6,434
85092,2,27,13.5,132
85093,88,708,8.045454545454545,2657
85094,90,640,7.111111111111111,2827
85095,48,150,3.125,2478
85096,16,25,1.5625,1704
85099B,2089,48371,23.155098133078027,3513
85099C,933,13900,14.89817792068596,3361
85099F,812,17237,21.22783251231527,3267
85099f,10,46,4.6,201
85103,28,143,5.107142857142857,1708
85104,17,201,11.823529411764707,1147
85106,20,649,32.45,1627
85107,27,249,9.222222222222221,948
85109,1,12,12.0,28
85111,57,1409,24.719298245614034,2245
85114A,56,649,11.589285714285714,2423
85114B,77,477,6.194805194805195,2666
85114C,75,516,6.88,2474
85114a,15,49,3.2666666666666666,340
85114b,14,36,2.5714285714285716,625
85114c,35,162,4.628571428571429,887
85115B,1,3,3.0,292
85116,89,941,10.573033707865168,2610
85118,10,146,14.6,915
85119,1,1,1.0,122
85123A,2198,37641,17.12511373976342,3562
85123a,67,292,4.358208955223881,1067
85124B,39,93,2.3846153846153846,2246
85124C,39,94,2.41025641025641,1895
85125,33,161,4.878787878787879,1911
85126,1,2,2.0,73
85127,51,187,3.6666666666666665,2230
85129B,31,119,3.838709677419355,2175
85129C,15,80,5.333333333333333,1491
85129D,65,207,3.1846153846153844,2594
85130A,10,77,7.7,365
85130B,62,834,13.451612903225806,2066
85130C,46,482,10.478260869565217,1586
85130D,62,565,9.112903225806452,2011
85131A,119,996,8.369747899159664,2621
85131B,172,623,3.622093023255814,3023
85131C,50,193,3.86,2433
85131D,206,850,4.12621359223301,3054
85132A,110,545,4.954545454545454,2414
85132B,75,529,7.053333333333334,1904
85132C,211,1520,7.203791469194313,2781
85132a,8,8,1.0,304
85132b,9,9,1.0,179
85132c,3,3,1.0,125
85135A,8,19,2.375,245
85135B,45,65,1.4444444444444444,1931
85135C,67,106,1.5820895522388059,2267
85136A,53,71,1.3396226415094339,2086
85136B,2,2,1.0,118
85136C,36,52,1.4444444444444444,1930
85141,39,120,3.076923076923077,806
85144,41,220,5.365853658536586,973
85145,13,37,2.8461538461538463,382
85146,9,45,5.0,487
85150,478,4037,8.44560669456067,3250
85152,677,8246,12.180206794682423,3270
85159A,47,453,9.638297872340425,1134
85159B,59,622,10.542372881355933,1161
85160A,1,6,6.0,2
85160B,16,106,6.625,915
85160a,1,1,1.0,77
85161,20,35,1.75,1631
85163A,32,66,2.0625,1769
85163B,36,84,2.3333333333333335,2186
85167B,8,50,6.25,739
85168B,35,51,1.457142857142857,2444
85169A,88,812,9.227272727272727,2699
85169B,62,329,5.306451612903226,2618
85169C,46,429,9.326086956521738,2196
85169D,50,351,7.02,2437
85170A,1,1,1.0,33
85170B,39,215,5.512820512820513,2233
85170C,72,335,4.652777777777778,2722
85170D,100,451,4.51,2821
85172,43,1314,30.558139534883722,1555
85173,86,479,5.569767441860465,2713
85174,157,613,3.9044585987261144,3003
85175,143,5321,37.20979020979021,2266
85176,172,918,5.337209302325581,3113
85177,63,812,12.88888888888889,2527
85178,140,2518,17.985714285714284,2801
85179A,59,193,3.2711864406779663,2633
85179C,36,106,2.9444444444444446,2475
85179a,1,1,1.0,237
85180A,63,503,7.984126984126984,2082
85180B,48,271,5.645833333333333,2132
85183A,86,667,7.755813953488372,1833
85183B,118,996,8.440677966101696,2340
85184C,193,1652,8.55958549222798,2948
85184c,2,2,1.0,291
85185B,71,297,4.183098591549296,2281
85185D,8,15,1.875,356
85186A,79,567,7.177215189873418,2209
85186C,78,528,6.769230769230769,2165
85187,69,337,4.884057971014493,1755
85188A,42,319,7.595238095238095,1470
85188B,10,78,7.8,815
85189,3,9,3.0,143
85194L,73,947,12.972602739726028,1879
85194S,72,1197,16.625,2237
85195,3,11,3.6666666666666665,245
85197,19,34,1.7894736842105263,717
85198,9,90,10.0,564
85199L,95,977,10.284210526315789,2633
85199S,261,2660,10.191570881226054,3154
85200,26,183,7.038461538461538,785
85202,106,672,6.339622641509434,2669
85203,127,895,7.047244094488189,2857
85204,104,2050,19.71153846153846,2694
85205B,29,122,4.206896551724138,1049
85206A,114,974,8.543859649122806,1851
85206B,4,14,3.5,158
85208,48,223,4.645833333333333,2166
85211,24,149,6.208333333333333,1601
85212,79,2451,31.025316455696203,2139
85213,33,829,25.12121212121212,1666
85214,58,164,2.8275862068965516,1974
85215,18,223,12.38888888888889,1425
85216,8,55,6.875,414
85224,1,3,3.0,22
85225,3,6,2.0,46
85227,223,1477,6.623318385650224,3109
85230A,18,840,46.666666666666664,762
85230B,39,1288,33.02564102564103,988
85230E,24,1101,45.875,765
85230F,12,338,28.166666666666668,296
85230G,25,1032,41.28,772
85231B,151,868,5.748344370860927,2976
85231G,81,594,7.333333333333333,2477
85231b,3,3,1.0,119
85231g,6,6,1.0,147
85232A,29,78,2.689655172413793,1271
85232B,13,274,21.076923076923077,1253
85232D,69,193,2.7971014492753623,2478
90000A,8,13,1.625,929
90000B,7,11,1.5714285714285714,1202
90000D,14,21,1.5,1958
90001A,4,5,1.25,1309
90001B,3,5,1.6666666666666667,494
90001C,5,5,1.0,1090
90001D,5,7,1.4,1038
90002D,9,13,1.4444444444444444,1145
90003B,10,15,1.5,1755
90003C,24,32,1.3333333333333333,2418
90003D,16,30,1.875,1843
90003E,14,23,1.6428571428571428,2081
90005A,10,14,1.4,1608
90010A,15,18,1.2,1836
90010B,7,11,1.5714285714285714,936
90010E,16,25,1.5625,1950
90011A,6,6,1.0,1269
90011B,7,12,1.7142857142857142,1348
90011C,2,2,1.0,836
90011D,3,3,1.0,955
90011E,3,3,1.0,900
90012A,5,11,2.2,698
90012B,3,13,4.333333333333333,71
90013A,32,52,1.625,2505
90013B,31,36,1.1612903225806452,2528
90013C,28,39,1.3928571428571428,2530
90013D,3,6,2.0,1125
90014A,21,27,1.2857142857142858,1836
90014B,15,17,1.1333333333333333,1669
90014C,4,5,1.25,577
90016A,7,17,2.4285714285714284,616
90016B,19,22,1.1578947368421053,2027
90016C,3,3,1.0,1004
90018A,37,46,1.2432432432432432,2581
90018B,17,22,1.2941176470588236,2089
90018C,9,12,1.3333333333333333,1269
90019A,27,38,1.4074074074074074,2155
90019B,18,18,1.0,2255
90019C,11,13,1.1818181818181819,1876
90020,1,1,1.0,187
90021,1,1,1.0,59
90022,20,24,1.2,2175
90023,9,13,1.4444444444444444,1359
90024B,6,8,1.3333333333333333,1325
90024C,3,4,1.3333333333333333,760
90024D,2,2,1.0,244
90024E,2,2,1.0,633
90024F,4,5,1.25,1616
90025A,2,2,1.0,82
90025B,1,1,1.0,186
90025D,3,3,1.0,555
90025E,1,1,1.0,134
90025F,4,4,1.0,648
90026A,1,2,2.0,69
90026B,3,3,1.0,285
90026C,3,4,1.3333333333333333,388
90026D,3,3,1.0,132
90027A,3,6,2.0,697
90027B,3,3,1.0,978
90027C,5,5,1.0,1129
90027D,6,9,1.5,1404
90028,14,16,1.1428571428571428,1776
90029,4,5,1.25,668
90030A,7,72,10.285714285714286,150
90030B,25,122,4.88,1922
90030C,11,77,7.0,1269
90031,7,50,7.142857142857143,720
90032,8,21,2.625,533
90033,9,10,1.1111111111111112,1485
90034,2,2,1.0,748
90035A,3,5,1.6666666666666667,472
90035C,1,2,2.0,14
90036A,4,6,1.5,373
90036B,2,4,2.0,315
90036C,5,9,1.8,1040
90036D,5,12,2.4,290
90036E,11,14,1.2727272727272727,1311
90036F,5,8,1.6,1205
90037A,1,1,1.0,174
90037B,5,10,2.0,1087
90037C,5,5,1.0,1221
90038A,10,15,1.5,1751
90038B,8,13,1.625,1564
90038C,4,9,2.25,581
90039A,3,8,2.6666666666666665,978
90039B,6,11,1.8333333333333333,1423
90039C,6,6,1.0,1569
90039D,9,21,2.3333333333333335,1712
90040A,5,14,2.8,920
90040B,11,18,1.6363636363636365,1561
90040C,10,15,1.5,1665
90041,4,5,1.25,971
90042A,2,3,1.5,61
90042C,5,5,1.0,1106
90043,2,4,2.0,387
90046,1,3,3.0,28
90048,1,3,3.0,28
90049,3,5,1.6666666666666667,607
90050,4,8,2.0,509
90051,7,10,1.4285714285714286,1031
90052,2,2,1.0,733
90053,4,4,1.0,988
90054,9,9,1.0,1699
90055,5,5,1.0,1235
90056,4,4,1.0,1313
90057,22,1008,45.81818181818182,662
90058A,7,324,46.285714285714285,360
90058B,15,612,40.8,530
90059A,27,45,1.6666666666666667,2477
90059B,10,16,1.6,1868
90059C,10,15,1.5,1670
90059D,19,25,1.3157894736842106,2168
90059E,15,25,1.6666666666666667,2175
90059F,14,21,1.5,1985
90060B,1,1,1.0,34
90060D,3,3,1.0,59
90060F,6,6,1.0,1355
90062,26,44,1.6923076923076923,1975
90063A,8,12,1.5,333
90063B,6,9,1.5,531
90064A,6,10,1.6666666666666667,863
90064B,7,12,1.7142857142857142,205
90065A,4,7,1.75,206
90065B,2,2,1.0,61
90067A,7,14,2.0,1055
90067B,2,2,1.0,558
90068,1,1,1.0,8
90069,1,2,2.0,45
90070,14,20,1.4285714285714286,1740
90071,33,44,1.3333333333333333,2524
90072,14,21,1.5,2135
90073,18,27,1.5,2108
90074,3,4,1.3333333333333333,1031
90075,3,4,1.3333333333333333,744
90076,4,9,2.25,1202
90077,3,3,1.0,962
90078,1,2,2.0,49
90079,4,10,2.5,854
90081A,8,15,1.875,341
90081B,1,1,1.0,1
90081C,15,20,1.3333333333333333,2057
90082A,18,30,1.6666666666666667,1770
90082B,10,25,2.5,385
90082D,5,9,1.8,730
90083,9,25,2.7777777777777777,1741
90084,1,1,1.0,38
90085,10,34,3.4,1422
90086,28,102,3.642857142857143,2281
90087,25,107,4.28,2269
90089,9,20,2.2222222222222223,1704
90092,1,1,1.0,459
90093,10,52,5.2,1324
90094,13,14,1.0769230769230769,434
90096,26,45,1.7307692307692308,2040
90098,10,29,2.9,420
90099,16,27,1.6875,1094
90100,1,1,1.0,66
90101,17,39,2.2941176470588234,2159
90102,1,10,10.0,47
90103,16,29,1.8125,2054
90104,12,28,2.3333333333333335,1681
90108,12,70,5.833333333333333,1791
90112,1,2,2.0,10
90114,88,167,1.8977272727272727,2838
90115,31,54,1.7419354838709677,2051
90116,45,64,1.4222222222222223,2543
90118,19,30,1.5789473684210527,2179
90119,36,83,2.3055555555555554,2241
90120A,3,7,2.3333333333333335,981
90120B,15,39,2.6,2069
90120C,22,51,2.3181818181818183,2181
90120D,5,10,2.0,834
90122A,14,21,1.5,1878
90122B,6,6,1.0,797
90122C,11,24,2.1818181818181817,1523
90123A,9,15,1.6666666666666667,652
90123B,5,9,1.8,537
90123C,6,14,2.3333333333333335,835
90123D,5,6,1.2,1372
90124A,6,8,1.3333333333333333,555
90124B,11,12,1.0909090909090908,1533
90124C,8,11,1.375,905
90125A,10,115,11.5,1003
90125B,12,30,2.5,1438
90125C,7,77,11.0,810
90125D,19,95,5.0,1653
90125E,10,11,1.1,1091
90126A,1,1,1.0,487
90126C,1,2,2.0,378
90127A,1,2,2.0,378
90128A,2,3,1.5,739
90128B,2,2,1.0,684
90128C,2,2,1.0,789
90128D,2,2,1.0,704
90129A,20,45,2.25,2037
90129B,20,57,2.85,2070
90129C,16,35,2.1875,1849
90129D,7,14,2.0,1266
90129E,14,42,3.0,1934
90129F,16,40,2.5,1786
90130A,6,6,1.0,1250
90130B,31,39,1.2580645161290323,2506
90130C,13,14,1.0769230769230769,2202
90130D,3,3,1.0,1053
90131,2,5,2.5,229
90132,3,3,1.0,947
90133,13,19,1.4615384615384615,1829
90134,45,54,1.2,2694
90135,2,8,4.0,189
90135A,1,1,1.0,171
90136,2,3,1.5,50
90137,3,3,1.0,954
90138,7,10,1.4285714285714286,1590
90140,2,2,1.0,735
90141A,10,12,1.2,1629
90141B,5,9,1.8,1324
90141C,8,10,1.25,1671
90141D,2,4,2.0,478
90141E,2,5,2.5,76
90142A,1,1,1.0,454
90142D,4,10,2.5,467
90143,19,32,1.6842105263157894,1764
90144,14,18,1.2857142857142858,1824
90145,18,28,1.5555555555555556,1658
90146,7,17,2.4285714285714284,1358
90147,23,32,1.391304347826087,1898
90148,6,8,1.3333333333333333,453
90149,4,53,13.25,738
90151,4,8,2.0,166
90152A,5,5,1.0,1102
90152B,2,2,1.0,532
90152C,1,1,1.0,41
90154,5,57,11.4,217
90155,7,9,1.2857142857142858,987
90156,3,4,1.3333333333333333,91
90157,5,10,2.0,1189
90158,35,45,1.2857142857142858,2469
90159,5,6,1.2,1554
90160A,15,38,2.533333333333333,1442
90160B,12,30,2.5,1333
90160C,26,54,2.076923076923077,2125
90160D,12,38,3.1666666666666665,811
90161A,21,24,1.1428571428571428,2201
90161B,37,76,2.054054054054054,2549
90161C,50,83,1.66,2667
90161D,34,64,1.8823529411764706,2557
90162A,1,6,6.0,12
90162B,10,27,2.7,371
90162C,7,14,2.0,324
90162D,5,10,2.0,211
90163A,9,12,1.3333333333333333,1663
90163B,5,7,1.4,1587
90164A,14,27,1.9285714285714286,1710
90164B,15,38,2.533333333333333,2004
90165A,15,16,1.0666666666666667,2020
90165B,18,19,1.0555555555555556,2220
90166,15,21,1.4,1973
90167,1,10,10.0,50
90168,12,18,1.5,1922
90169,11,19,1.7272727272727273,2140
90170,37,85,2.2972972972972974,2527
90173,17,32,1.8823529411764706,1961
90174,21,38,1.8095238095238095,2249
90175A,25,27,1.08,2192
90175B,9,10,1.1111111111111112,1688
90175C,6,9,1.5,104
90175D,20,23,1.15,2113
90176A,2,3,1.5,216
90176B,3,4,1.3333333333333333,769
90176C,2,3,1.5,208
90176D,4,7,1.75,196
90176E,3,4,1.3333333333333333,713
90177A,9,14,1.5555555555555556,1690
90177B,7,14,2.0,1521
90177C,14,26,1.8571428571428572,2087
90177D,14,25,1.7857142857142858,2032
90177E,9,14,1.5555555555555556,1763
90178A,8,8,1.0,856
90178B,1,1,1.0,26
90179A,5,6,1.2,1427
90179B,3,3,1.0,921
90179C,6,6,1.0,835
90180A,9,17,1.8888888888888888,1127
90180B,5,5,1.0,1013
90181A,7,7,1.0,1673
90181B,14,15,1.0714285714285714,2295
90181C,1,1,1.0,242
90182A,8,8,1.0,1805
90182B,5,5,1.0,1356
90182C,9,14,1.5555555555555556,1972
90183A,23,40,1.7391304347826086,2280
90183B,17,21,1.2352941176470589,2329
90183C,9,9,1.0,1663
90183c,1,1,1.0,1109
90184A,9,13,1.4444444444444444,1104
90184B,21,33,1.5714285714285714,1963
90184C,17,21,1.2352941176470589,1910
90184c,1,1,1.0,1109
90185A,13,31,2.3846153846153846,1595
90185B,12,23,1.9166666666666667,1674
90185C,10,26,2.6,1706
90185D,11,35,3.1818181818181817,881
90186A,9,11,1.2222222222222223,1466
90186B,15,22,1.4666666666666666,1689
90187A,1,1,1.0,176
90187B,8,12,1.5,1862
90188,7,9,1.2857142857142858,1836
90189A,2,2,1.0,95
90190A,10,16,1.6,1687
90190B,7,13,1.8571428571428572,1380
90190C,19,20,1.0526315789473684,2046
90191,10,26,2.6,1412
90192,25,42,1.68,2369
90194,10,16,1.6,1273
90195A,10,19,1.9,1063
90195B,4,4,1.0,419
90196A,5,8,1.6,224
90196B,5,5,1.0,311
90197B,27,35,1.2962962962962963,2437
90198A,44,75,1.7045454545454546,2650
90198B,17,36,2.1176470588235294,1963
90199A,6,11,1.8333333333333333,1122
90199B,8,9,1.125,1546
90199C,10,19,1.9,996
90199D,6,6,1.0,1160
90200A,50,78,1.56,2643
90200B,47,93,1.9787234042553192,2470
90200C,26,50,1.9230769230769231,1944
90200D,78,175,2.2435897435897436,2846
90200E,44,103,2.340909090909091,2544
90201A,28,69,2.4642857142857144,2196
90201B,23,86,3.739130434782609,2316
90201C,21,63,3.0,2058
90201D,31,77,2.4838709677419355,2405
90202A,15,22,1.4666666666666666,2114
90202B,10,17,1.7,2004
90202C,14,20,1.4285714285714286,2118
90202D,11,22,2.0,1814
90204,18,29,1.6111111111111112,1960
90205A,16,31,1.9375,2109
90205C,15,29,1.9333333333333333,2033
90206A,9,12,1.3333333333333333,1756
90206C,31,45,1.4516129032258065,2409
90208,37,53,1.4324324324324325,2612
90209A,4,84,21.0,170
90209B,54,184,3.4074074074074074,2437
90209C,31,263,8.483870967741936,2450
90210A,10,34,3.4,1503
90210B,7,41,5.857142857142857,720
90210C,10,99,9.9,1689
90210D,8,107,13.375,872
90211A,8,12,1.5,1668
90211B,6,9,1.5,973
90212B,8,10,1.25,1233
90212C,3,7,2.3333333333333335,42
90214A,56,130,2.3214285714285716,2537
90214B,22,37,1.6818181818181819,1941
90214C,33,91,2.757575757575758,2324
90214D,32,68,2.125,2200
90214E,30,72,2.4,2245
90214F,15,27,1.8,1623
90214G,30,60,2.0,2077
90214H,30,48,1.6,2323
90214I,13,38,2.923076923076923,1528
90214J,41,71,1.7317073170731707,2351
90214K,38,78,2.0526315789473686,2280
90214L,37,94,2.5405405405405403,2230
90214M,28,60,2.142857142857143,1972
90214N,24,41,1.7083333333333333,2230
90214O,5,16,3.2,1212
90214P,16,39,2.4375,1816
90214R,25,41,1.64,2004
90214S,41,94,2.292682926829268,2429
90214T,11,24,2.1818181818181817,1291
90214U,1,12,12.0,44
90214V,14,26,1.8571428571428572,1593
90214W,5,16,3.2,728
90214Y,8,66,8.25,1211
90214Z,10,22,2.2,1504
AMAZONFEE,2,2,1.0,0
B,1,1,1.0,0
BANK CHARGES,11,12,1.0909090909090908,0
C2,141,142,1.0070921985815602,1145
DCGS0003,4,4,1.0,990
DCGS0004,1,1,1.0,131
DCGS0069,1,1,1.0,177
DCGS0070,1,1,1.0,136
DCGS0076,2,3,1.5,739
DCGSSBOY,11,47,4.2727272727272725,1508
DCGSSGIRL,13,47,3.6153846153846154,1479
DOT,706,706,1.0,3274
M,289,6984,24.166089965397923,2478
PADS,3,3,1.0,113
POST,1126,3150,2.797513321492007,2166
S,2,2,1.0,0
gift_0001_10,8,9,1.125,1368
gift_0001_20,9,10,1.1111111111111112,1589
gift_0001_30,7,7,1.0,832
gift_0001_40,3,3,1.0,548
gift_0001_50,4,4,1.0,1003
m,1,1,1.0,77
