order_frequency,total_quantity,avg_quantity_per_order,related_product_count,cluster,cluster_name
71,860,12.112676056338028,2067,2,High-Volume Products
22,303,13.772727272727272,908,0,Active/Regular Products
29,192,6.620689655172414,1001,0,Active/Regular Products
3,5,1.6666666666666667,85,1,Slow-Moving Products
5,16,3.2,196,1,Slow-Moving Products
4,17,4.25,199,1,Slow-Moving Products
91,1295,14.23076923076923,2373,2,High-Volume Products
196,2856,14.571428571428571,2732,2,High-Volume Products
175,2229,12.737142857142857,2893,2,High-Volume Products
113,1615,14.29203539823009,2803,2,High-Volume Products
12,143,11.916666666666666,465,3,Low-Movement Products
138,6591,47.76086956521739,2868,2,High-Volume Products
518,23826,45.996138996139,3267,2,High-Volume Products
145,2090,14.413793103448276,2953,2,High-Volume Products
102,458,4.490196078431373,2355,0,Active/Regular Products
60,321,5.35,1739,0,Active/Regular Products
88,313,3.5568181818181817,2369,0,Active/Regular Products
84,644,7.666666666666667,2108,0,Active/Regular Products
321,2844,8.85981308411215,2929,2,High-Volume Products
456,3950,8.662280701754385,3161,2,High-Volume Products
144,776,5.388888888888889,2395,0,Active/Regular Products
62,87,1.403225806451613,973,3,Low-Movement Products
84,127,1.511904761904762,958,0,Active/Regular Products
26,33,1.2692307692307692,777,3,Low-Movement Products
89,200,2.247191011235955,2157,0,Active/Regular Products
97,228,2.350515463917526,2232,0,Active/Regular Products
72,240,3.333333333333333,2406,0,Active/Regular Products
131,451,3.442748091603053,2671,0,Active/Regular Products
3,3,1.0,343,3,Low-Movement Products
70,2892,41.31428571428572,1437,2,High-Volume Products
3,30,10.0,313,1,Slow-Moving Products
46,1749,38.02173913043478,1120,2,High-Volume Products
35,1220,34.857142857142854,968,2,High-Volume Products
54,13328,246.8148148148148,1000,2,High-Volume Products
24,662,27.58333333333333,506,2,High-Volume Products
65,1273,19.584615384615383,1207,2,High-Volume Products
17,84,4.941176470588236,1527,3,Low-Movement Products
4,840,210.0,89,2,High-Volume Products
2,98,49.0,46,1,Slow-Moving Products
68,8900,130.88235294117646,1328,2,High-Volume Products
14,65,4.642857142857143,597,3,Low-Movement Products
67,1460,21.791044776119403,2415,2,High-Volume Products
5,504,100.8,167,2,High-Volume Products
13,479,36.84615384615385,1351,2,High-Volume Products
33,1166,35.333333333333336,1039,2,High-Volume Products
3,49,16.333333333333332,53,1,Slow-Moving Products
18,475,26.38888888888889,465,2,High-Volume Products
167,5800,34.73053892215569,1786,2,High-Volume Products
22,700,31.818181818181817,547,2,High-Volume Products
1,25,25.0,26,1,Slow-Moving Products
248,7201,29.036290322580644,2069,2,High-Volume Products
134,4075,30.41044776119403,1717,2,High-Volume Products
8,20,2.5,308,3,Low-Movement Products
8,28,3.5,377,3,Low-Movement Products
41,371,9.048780487804878,2504,0,Active/Regular Products
149,4563,30.624161073825505,1727,2,High-Volume Products
8,200,25.0,404,0,Active/Regular Products
25,660,26.4,734,2,High-Volume Products
1,25,25.0,43,1,Slow-Moving Products
2,50,25.0,89,1,Slow-Moving Products
2,7,3.5,96,1,Slow-Moving Products
2,29,14.5,145,1,Slow-Moving Products
3,15,5.0,117,1,Slow-Moving Products
2,7,3.5,133,1,Slow-Moving Products
34,60,1.7647058823529411,1687,3,Low-Movement Products
18,29,1.6111111111111112,1512,3,Low-Movement Products
45,3333,74.06666666666666,1772,2,High-Volume Products
64,3821,59.703125,2274,2,High-Volume Products
100,3048,30.48,2763,2,High-Volume Products
102,813,7.970588235294118,2771,0,Active/Regular Products
168,3068,18.261904761904763,3062,2,High-Volume Products
136,1438,10.573529411764708,2977,2,High-Volume Products
290,4991,17.21034482758621,3208,2,High-Volume Products
134,1396,10.417910447761194,3007,2,High-Volume Products
2,7,3.5,77,1,Slow-Moving Products
7,13,1.8571428571428568,487,3,Low-Movement Products
17,40,2.3529411764705883,1546,3,Low-Movement Products
59,472,8.0,2456,0,Active/Regular Products
31,3380,109.03225806451611,696,2,High-Volume Products
1,72,72.0,13,1,Slow-Moving Products
239,23020,96.31799163179916,3023,2,High-Volume Products
2,24,12.0,38,1,Slow-Moving Products
7,81,11.571428571428571,702,3,Low-Movement Products
65,323,4.969230769230769,2595,0,Active/Regular Products
85,525,6.176470588235294,2817,0,Active/Regular Products
85,420,4.941176470588236,2814,0,Active/Regular Products
97,461,4.752577319587629,2850,0,Active/Regular Products
10,44,4.4,1509,3,Low-Movement Products
94,448,4.76595744680851,2900,0,Active/Regular Products
13,535,41.15384615384615,915,2,High-Volume Products
8,155,19.375,710,0,Active/Regular Products
47,2391,50.87234042553192,1171,2,High-Volume Products
1,6,6.0,18,1,Slow-Moving Products
34,1525,44.85294117647059,2122,2,High-Volume Products
7,200,28.571428571428573,256,1,Slow-Moving Products
8,225,28.125,224,1,Slow-Moving Products
101,1264,12.514851485148515,2877,2,High-Volume Products
39,423,10.846153846153848,2388,0,Active/Regular Products
27,4032,149.33333333333334,971,2,High-Volume Products
10,109,10.9,291,3,Low-Movement Products
12,29,2.4166666666666665,404,3,Low-Movement Products
25,171,6.84,636,0,Active/Regular Products
95,2084,21.93684210526316,2148,2,High-Volume Products
24,2545,106.04166666666669,1669,2,High-Volume Products
46,170,3.695652173913044,1437,0,Active/Regular Products
5,61,12.2,277,1,Slow-Moving Products
57,588,10.31578947368421,2538,0,Active/Regular Products
17,352,20.705882352941178,489,2,High-Volume Products
9,27,3.0,300,3,Low-Movement Products
7,27,3.857142857142857,300,3,Low-Movement Products
3,9,3.0,193,1,Slow-Moving Products
2,4,2.0,33,1,Slow-Moving Products
30,5884,196.13333333333333,1917,2,High-Volume Products
42,192,4.571428571428571,2099,0,Active/Regular Products
4,5,1.25,205,1,Slow-Moving Products
69,695,10.07246376811594,2444,0,Active/Regular Products
49,213,4.346938775510204,1987,0,Active/Regular Products
12,52,4.333333333333333,394,3,Low-Movement Products
95,309,3.2526315789473683,2772,0,Active/Regular Products
71,194,2.732394366197183,2709,0,Active/Regular Products
43,93,2.1627906976744184,2307,0,Active/Regular Products
76,148,1.947368421052632,2526,0,Active/Regular Products
99,262,2.646464646464646,2764,0,Active/Regular Products
51,185,3.627450980392157,2546,0,Active/Regular Products
78,265,3.3974358974358974,2729,0,Active/Regular Products
33,73,2.212121212121212,2340,3,Low-Movement Products
49,152,3.1020408163265305,2591,0,Active/Regular Products
99,197,1.9898989898989896,2748,0,Active/Regular Products
33,73,2.212121212121212,1880,3,Low-Movement Products
105,433,4.123809523809523,2415,0,Active/Regular Products
62,158,2.548387096774193,2693,0,Active/Regular Products
33,44,1.3333333333333333,2181,3,Low-Movement Products
20,31,1.55,1911,3,Low-Movement Products
20,25,1.25,2024,3,Low-Movement Products
18,32,1.7777777777777777,1540,3,Low-Movement Products
156,461,2.9551282051282053,3043,0,Active/Regular Products
17,30,1.7647058823529411,1584,3,Low-Movement Products
16,20,1.25,1476,3,Low-Movement Products
215,12883,59.92093023255814,2935,2,High-Volume Products
96,304,3.1666666666666665,2899,0,Active/Regular Products
11,14,1.2727272727272727,1246,3,Low-Movement Products
2,10,5.0,98,1,Slow-Moving Products
205,1563,7.624390243902439,2769,2,High-Volume Products
322,3120,9.68944099378882,2882,2,High-Volume Products
448,5023,11.212053571428571,3144,2,High-Volume Products
333,3674,11.033033033033034,2944,2,High-Volume Products
1,4,4.0,119,1,Slow-Moving Products
326,1710,5.245398773006135,2924,0,Active/Regular Products
46,140,3.0434782608695654,1658,0,Active/Regular Products
237,1235,5.210970464135021,2996,0,Active/Regular Products
35,80,2.2857142857142856,1574,3,Low-Movement Products
696,4088,5.873563218390805,3254,2,High-Volume Products
77,267,3.467532467532468,2431,0,Active/Regular Products
16,43,2.6875,1372,3,Low-Movement Products
4,5,1.25,213,1,Slow-Moving Products
30,54,1.8,2323,3,Low-Movement Products
11,19,1.7272727272727273,625,3,Low-Movement Products
8,17,2.125,499,3,Low-Movement Products
41,97,2.365853658536585,2121,0,Active/Regular Products
54,73,1.351851851851852,2350,3,Low-Movement Products
18,25,1.3888888888888888,1562,3,Low-Movement Products
42,134,3.1904761904761907,1235,0,Active/Regular Products
1,1,1.0,34,1,Slow-Moving Products
44,216,4.909090909090909,1758,0,Active/Regular Products
28,143,5.107142857142857,930,0,Active/Regular Products
149,464,3.114093959731544,2780,0,Active/Regular Products
522,5007,9.591954022988508,3169,2,High-Volume Products
863,9773,11.324449594438008,3327,2,High-Volume Products
657,11429,17.395738203957382,3276,2,High-Volume Products
73,400,5.47945205479452,2171,0,Active/Regular Products
412,2855,6.929611650485437,3248,2,High-Volume Products
575,4769,8.29391304347826,3293,2,High-Volume Products
833,13290,15.95438175270108,3318,2,High-Volume Products
722,9793,13.56371191135734,3320,2,High-Volume Products
1032,17761,17.210271317829456,3390,2,High-Volume Products
1565,19432,12.416613418530352,3469,2,High-Volume Products
1017,9909,9.743362831858407,3339,2,High-Volume Products
1273,12195,9.57973291437549,3438,2,High-Volume Products
1150,11786,10.248695652173913,3329,2,High-Volume Products
16,92,5.75,926,3,Low-Movement Products
205,1234,6.019512195121951,3134,0,Active/Regular Products
26,158,6.076923076923077,221,3,Low-Movement Products
112,623,5.5625,2569,0,Active/Regular Products
34,57,1.6764705882352942,930,3,Low-Movement Products
383,1762,4.600522193211488,2721,0,Active/Regular Products
385,1747,4.537662337662337,2649,0,Active/Regular Products
198,971,4.904040404040404,2893,0,Active/Regular Products
148,407,2.75,2747,0,Active/Regular Products
304,1457,4.792763157894737,3081,0,Active/Regular Products
62,306,4.935483870967742,2277,0,Active/Regular Products
22,63,2.863636363636364,822,3,Low-Movement Products
33,158,4.787878787878788,1370,0,Active/Regular Products
42,159,3.7857142857142856,1301,0,Active/Regular Products
20,64,3.2,834,3,Low-Movement Products
21,69,3.2857142857142856,857,3,Low-Movement Products
63,120,1.9047619047619049,2288,0,Active/Regular Products
56,106,1.8928571428571428,2164,0,Active/Regular Products
27,73,2.703703703703704,1559,3,Low-Movement Products
76,142,1.868421052631579,2584,0,Active/Regular Products
59,102,1.728813559322034,1971,0,Active/Regular Products
57,122,2.1403508771929824,2285,0,Active/Regular Products
79,250,3.1645569620253164,2564,0,Active/Regular Products
55,176,3.2,2152,0,Active/Regular Products
34,80,2.3529411764705883,1984,3,Low-Movement Products
72,184,2.555555555555556,2629,0,Active/Regular Products
40,102,2.55,2151,0,Active/Regular Products
65,247,3.8,2411,0,Active/Regular Products
23,56,2.4347826086956523,963,3,Low-Movement Products
44,86,1.9545454545454544,1888,3,Low-Movement Products
63,134,2.126984126984127,2580,0,Active/Regular Products
80,169,2.1125,2643,0,Active/Regular Products
8,15,1.875,369,3,Low-Movement Products
28,47,1.6785714285714286,2051,3,Low-Movement Products
25,35,1.4,1554,3,Low-Movement Products
27,53,1.962962962962963,2147,3,Low-Movement Products
5,14,2.8,223,1,Slow-Moving Products
4,8,2.0,109,1,Slow-Moving Products
27,99,3.6666666666666665,2115,0,Active/Regular Products
11,49,4.454545454545454,1237,3,Low-Movement Products
9,62,6.888888888888889,1371,3,Low-Movement Products
5,36,7.2,250,1,Slow-Moving Products
81,1013,12.506172839506172,2101,2,High-Volume Products
63,739,11.73015873015873,2000,2,High-Volume Products
40,939,23.475,1629,2,High-Volume Products
2,8,4.0,29,1,Slow-Moving Products
5,15,3.0,978,3,Low-Movement Products
27,64,2.3703703703703702,2108,3,Low-Movement Products
2,5,2.5,92,1,Slow-Moving Products
6,17,2.833333333333333,128,1,Slow-Moving Products
8,164,20.5,178,1,Slow-Moving Products
8,276,34.5,220,1,Slow-Moving Products
2,88,44.0,64,1,Slow-Moving Products
241,1128,4.680497925311204,2954,0,Active/Regular Products
194,1314,6.77319587628866,2804,0,Active/Regular Products
37,136,3.675675675675676,1981,0,Active/Regular Products
39,216,5.538461538461538,1838,0,Active/Regular Products
82,1067,13.01219512195122,2420,2,High-Volume Products
8,67,8.375,693,3,Low-Movement Products
17,170,10.0,445,3,Low-Movement Products
15,141,9.4,594,3,Low-Movement Products
57,385,6.754385964912281,2216,0,Active/Regular Products
105,575,5.476190476190476,2741,0,Active/Regular Products
74,533,7.202702702702703,2433,0,Active/Regular Products
11,19,1.7272727272727273,379,3,Low-Movement Products
88,716,8.136363636363637,2654,0,Active/Regular Products
18,52,2.888888888888889,1620,3,Low-Movement Products
8,21,2.625,483,3,Low-Movement Products
7,9,1.2857142857142858,240,1,Slow-Moving Products
41,242,5.902439024390244,1911,0,Active/Regular Products
61,216,3.540983606557377,2333,0,Active/Regular Products
8,32,4.0,324,3,Low-Movement Products
1,1,1.0,15,1,Slow-Moving Products
2,2,1.0,128,1,Slow-Moving Products
90,597,6.633333333333334,2804,0,Active/Regular Products
62,331,5.338709677419355,2507,0,Active/Regular Products
46,458,9.956521739130435,2225,0,Active/Regular Products
29,180,6.206896551724138,1987,0,Active/Regular Products
1,2,2.0,56,1,Slow-Moving Products
7,24,3.4285714285714284,355,3,Low-Movement Products
103,485,4.70873786407767,2226,0,Active/Regular Products
3,4,1.3333333333333333,684,3,Low-Movement Products
26,268,10.307692307692308,1615,0,Active/Regular Products
15,33,2.2,989,3,Low-Movement Products
24,107,4.458333333333333,1937,0,Active/Regular Products
13,38,2.923076923076923,1318,3,Low-Movement Products
15,19,1.2666666666666666,1355,3,Low-Movement Products
56,112,2.0,2449,0,Active/Regular Products
56,82,1.4642857142857142,2313,3,Low-Movement Products
2,3,1.5,165,1,Slow-Moving Products
3,8,2.6666666666666665,119,1,Slow-Moving Products
880,6361,7.228409090909091,3333,2,High-Volume Products
68,299,4.397058823529412,2641,0,Active/Regular Products
35,204,5.828571428571428,2150,0,Active/Regular Products
9,23,2.555555555555556,493,3,Low-Movement Products
32,68,2.125,1504,3,Low-Movement Products
4,6,1.5,199,1,Slow-Moving Products
34,100,2.9411764705882355,2074,0,Active/Regular Products
19,64,3.3684210526315788,662,3,Low-Movement Products
2,2,1.0,764,3,Low-Movement Products
101,822,8.138613861386139,2867,0,Active/Regular Products
10,29,2.9,214,1,Slow-Moving Products
228,1232,5.4035087719298245,3133,0,Active/Regular Products
229,1336,5.834061135371179,3151,0,Active/Regular Products
1,2,2.0,49,1,Slow-Moving Products
97,719,7.412371134020619,2274,0,Active/Regular Products
83,265,3.1927710843373496,1861,0,Active/Regular Products
305,1960,6.426229508196721,2998,2,High-Volume Products
262,1116,4.259541984732825,2807,0,Active/Regular Products
522,10993,21.059386973180075,3200,2,High-Volume Products
616,7337,11.910714285714286,3227,2,High-Volume Products
355,4497,12.667605633802816,3175,2,High-Volume Products
355,6976,19.65070422535211,3009,2,High-Volume Products
362,6633,18.323204419889503,3055,2,High-Volume Products
185,1739,9.4,2579,2,High-Volume Products
263,1795,6.82509505703422,3029,2,High-Volume Products
325,3734,11.489230769230767,3011,2,High-Volume Products
20,79,3.95,1356,3,Low-Movement Products
249,1974,7.927710843373494,2762,2,High-Volume Products
256,2151,8.40234375,2804,2,High-Volume Products
268,2737,10.212686567164178,2741,2,High-Volume Products
170,3785,22.264705882352946,2021,2,High-Volume Products
131,1179,9.0,2922,2,High-Volume Products
113,654,5.787610619469026,2763,0,Active/Regular Products
277,4425,15.974729241877256,2906,2,High-Volume Products
225,3191,14.182222222222222,2930,2,High-Volume Products
34,59,1.7352941176470589,2337,3,Low-Movement Products
69,185,2.681159420289855,2469,0,Active/Regular Products
52,96,1.8461538461538465,2693,0,Active/Regular Products
50,73,1.46,2649,3,Low-Movement Products
66,125,1.893939393939394,2384,0,Active/Regular Products
46,78,1.6956521739130437,2337,3,Low-Movement Products
1,1,1.0,21,1,Slow-Moving Products
3,20,6.666666666666667,131,1,Slow-Moving Products
199,1169,5.874371859296482,3092,0,Active/Regular Products
119,1385,11.638655462184872,2831,2,High-Volume Products
142,1483,10.443661971830986,2978,2,High-Volume Products
6,24,4.0,265,1,Slow-Moving Products
56,174,3.107142857142857,2615,0,Active/Regular Products
68,255,3.75,2736,0,Active/Regular Products
42,167,3.976190476190476,1992,0,Active/Regular Products
58,187,3.2241379310344827,2565,0,Active/Regular Products
33,131,3.9696969696969697,1851,0,Active/Regular Products
19,52,2.736842105263158,1743,3,Low-Movement Products
30,97,3.2333333333333334,2110,0,Active/Regular Products
300,1932,6.44,2863,2,High-Volume Products
871,1878,2.156142365097589,3050,0,Active/Regular Products
394,2599,6.596446700507614,3200,2,High-Volume Products
23,77,3.347826086956522,704,3,Low-Movement Products
90,523,5.811111111111111,2287,0,Active/Regular Products
8,22,2.75,428,3,Low-Movement Products
255,914,3.584313725490196,2852,0,Active/Regular Products
131,334,2.549618320610687,2429,0,Active/Regular Products
90,492,5.466666666666667,2205,0,Active/Regular Products
51,192,3.764705882352941,2118,0,Active/Regular Products
29,70,2.413793103448276,942,3,Low-Movement Products
105,178,1.6952380952380952,2634,0,Active/Regular Products
72,184,2.555555555555556,2023,0,Active/Regular Products
122,1154,9.459016393442624,2703,2,High-Volume Products
94,611,6.5,2358,0,Active/Regular Products
71,405,5.704225352112676,2381,0,Active/Regular Products
83,488,5.879518072289157,2163,0,Active/Regular Products
74,538,7.27027027027027,2010,0,Active/Regular Products
102,528,5.176470588235294,2465,0,Active/Regular Products
101,296,2.93069306930693,2690,0,Active/Regular Products
90,562,6.2444444444444445,2780,0,Active/Regular Products
54,702,13.0,2175,2,High-Volume Products
76,317,4.171052631578948,2411,0,Active/Regular Products
198,1638,8.272727272727273,2941,2,High-Volume Products
86,1949,22.662790697674417,2369,2,High-Volume Products
107,1106,10.336448598130842,2695,2,High-Volume Products
177,991,5.598870056497175,2954,0,Active/Regular Products
313,2769,8.84664536741214,2921,2,High-Volume Products
986,13202,13.389452332657202,3372,2,High-Volume Products
25,88,3.52,190,3,Low-Movement Products
181,2610,14.41988950276243,2786,2,High-Volume Products
428,7121,16.63785046728972,3042,2,High-Volume Products
16,141,8.8125,971,0,Active/Regular Products
103,1678,16.29126213592233,2414,2,High-Volume Products
25,233,9.32,725,0,Active/Regular Products
217,2413,11.119815668202763,2962,2,High-Volume Products
527,8758,16.618595825426944,3168,2,High-Volume Products
14,125,8.928571428571429,698,3,Low-Movement Products
105,1259,11.99047619047619,2517,2,High-Volume Products
248,3719,14.995967741935484,3130,2,High-Volume Products
27,65,2.4074074074074074,615,3,Low-Movement Products
53,237,4.471698113207547,2325,0,Active/Regular Products
97,901,9.288659793814434,2706,2,High-Volume Products
262,10241,39.08778625954199,3091,2,High-Volume Products
112,936,8.357142857142858,2673,0,Active/Regular Products
134,1105,8.246268656716419,2674,2,High-Volume Products
94,900,9.574468085106384,2651,2,High-Volume Products
82,1359,16.573170731707318,2581,2,High-Volume Products
138,1341,9.717391304347826,2455,2,High-Volume Products
162,562,3.469135802469136,2677,0,Active/Regular Products
251,695,2.768924302788845,3058,0,Active/Regular Products
14,109,7.785714285714286,454,3,Low-Movement Products
1,1,1.0,647,3,Low-Movement Products
379,6606,17.430079155672825,2940,2,High-Volume Products
344,5325,15.479651162790695,3010,2,High-Volume Products
154,1143,7.422077922077922,2824,0,Active/Regular Products
240,4011,16.7125,2579,2,High-Volume Products
103,657,6.378640776699029,2680,0,Active/Regular Products
126,592,4.698412698412699,2821,0,Active/Regular Products
36,68,1.8888888888888888,2246,3,Low-Movement Products
27,52,1.9259259259259256,1527,3,Low-Movement Products
28,106,3.7857142857142856,1912,0,Active/Regular Products
22,44,2.0,1464,3,Low-Movement Products
177,2869,16.2090395480226,2608,2,High-Volume Products
370,4687,12.667567567567568,2837,2,High-Volume Products
375,11651,31.069333333333333,3006,2,High-Volume Products
36,327,9.083333333333334,1698,0,Active/Regular Products
2,5,2.5,164,1,Slow-Moving Products
8,122,15.25,352,3,Low-Movement Products
76,203,2.671052631578948,2796,0,Active/Regular Products
451,4034,8.944567627494457,3302,2,High-Volume Products
485,3155,6.505154639175258,3005,2,High-Volume Products
358,3170,8.854748603351956,2934,2,High-Volume Products
34,78,2.294117647058824,860,3,Low-Movement Products
170,1469,8.641176470588235,2888,2,High-Volume Products
124,1126,9.080645161290322,2574,2,High-Volume Products
1,1,1.0,56,1,Slow-Moving Products
43,143,3.3255813953488373,1771,0,Active/Regular Products
162,1462,9.024691358024691,2796,2,High-Volume Products
127,1196,9.417322834645669,2596,2,High-Volume Products
282,1766,6.26241134751773,3073,2,High-Volume Products
449,4154,9.251670378619156,3309,2,High-Volume Products
723,10324,14.27939142461964,3344,2,High-Volume Products
67,1432,21.37313432835821,2618,2,High-Volume Products
450,4413,9.806666666666668,3145,2,High-Volume Products
73,438,6.0,2131,0,Active/Regular Products
467,3485,7.462526766595289,3081,2,High-Volume Products
538,4175,7.760223048327138,3360,2,High-Volume Products
809,12207,15.088998763906057,3396,2,High-Volume Products
266,1940,7.293233082706767,2864,2,High-Volume Products
845,12274,14.52544378698225,3362,2,High-Volume Products
1,2,2.0,56,1,Slow-Moving Products
48,369,7.6875,2007,0,Active/Regular Products
50,326,6.52,1944,0,Active/Regular Products
72,355,4.930555555555555,2713,0,Active/Regular Products
7,168,24.0,229,1,Slow-Moving Products
95,562,5.91578947368421,2825,0,Active/Regular Products
88,1092,12.409090909090908,2711,2,High-Volume Products
65,498,7.661538461538462,2231,0,Active/Regular Products
80,693,8.6625,2356,0,Active/Regular Products
13,108,8.307692307692308,887,3,Low-Movement Products
27,284,10.51851851851852,2050,0,Active/Regular Products
71,1028,14.47887323943662,2149,2,High-Volume Products
78,966,12.384615384615383,2279,2,High-Volume Products
75,1119,14.92,2495,2,High-Volume Products
101,1240,12.277227722772276,2506,2,High-Volume Products
25,474,18.96,925,2,High-Volume Products
85,499,5.870588235294117,2504,0,Active/Regular Products
68,253,3.7205882352941178,2185,0,Active/Regular Products
109,1290,11.8348623853211,2479,2,High-Volume Products
132,1067,8.083333333333334,2736,2,High-Volume Products
83,940,11.325301204819278,2277,2,High-Volume Products
89,1224,13.752808988764045,2391,2,High-Volume Products
453,5808,12.821192052980132,3173,2,High-Volume Products
103,883,8.572815533980583,2426,0,Active/Regular Products
1320,36396,27.572727272727278,3438,2,High-Volume Products
663,15169,22.879336349924586,3267,2,High-Volume Products
124,1087,8.766129032258064,2602,2,High-Volume Products
430,2128,4.948837209302326,3137,2,High-Volume Products
344,1088,3.1627906976744184,3003,0,Active/Regular Products
394,2433,6.175126903553299,3032,2,High-Volume Products
89,448,5.033707865168539,2764,0,Active/Regular Products
89,338,3.797752808988764,2862,0,Active/Regular Products
54,261,4.833333333333333,2506,0,Active/Regular Products
73,265,3.6301369863013697,2711,0,Active/Regular Products
165,914,5.539393939393939,2996,0,Active/Regular Products
20,93,4.65,1666,3,Low-Movement Products
2,5,2.5,92,1,Slow-Moving Products
509,6054,11.893909626719058,3252,2,High-Volume Products
831,11842,14.250300842358604,3436,2,High-Volume Products
387,3969,10.255813953488373,2895,2,High-Volume Products
307,3016,9.824104234527688,2858,2,High-Volume Products
325,3570,10.984615384615385,2788,2,High-Volume Products
304,3373,11.095394736842104,2813,2,High-Volume Products
210,2285,10.88095238095238,2515,2,High-Volume Products
196,2282,11.642857142857142,2201,2,High-Volume Products
128,1075,8.3984375,2371,2,High-Volume Products
96,286,2.9791666666666665,2343,0,Active/Regular Products
66,205,3.106060606060606,2383,0,Active/Regular Products
119,724,6.084033613445378,2822,0,Active/Regular Products
20,95,4.75,1225,3,Low-Movement Products
46,182,3.9565217391304346,2084,0,Active/Regular Products
62,134,2.161290322580645,2410,0,Active/Regular Products
261,688,2.636015325670498,2989,0,Active/Regular Products
163,532,3.263803680981595,2968,0,Active/Regular Products
285,1179,4.136842105263158,2863,0,Active/Regular Products
166,1161,6.993975903614458,2582,0,Active/Regular Products
45,187,4.155555555555556,2230,0,Active/Regular Products
78,332,4.256410256410256,2530,0,Active/Regular Products
42,167,3.976190476190476,1893,0,Active/Regular Products
48,283,5.895833333333333,1890,0,Active/Regular Products
19,131,6.894736842105263,1186,0,Active/Regular Products
1,2,2.0,95,1,Slow-Moving Products
19,29,1.5263157894736843,1089,3,Low-Movement Products
36,50,1.3888888888888888,1865,3,Low-Movement Products
103,548,5.320388349514563,2473,0,Active/Regular Products
12,13,1.0833333333333333,1025,3,Low-Movement Products
22,26,1.181818181818182,762,3,Low-Movement Products
7,31,4.428571428571429,371,3,Low-Movement Products
29,85,2.931034482758621,2084,3,Low-Movement Products
12,65,5.416666666666667,514,3,Low-Movement Products
14,43,3.071428571428572,1578,3,Low-Movement Products
42,403,9.595238095238097,2247,0,Active/Regular Products
43,365,8.488372093023257,2040,0,Active/Regular Products
30,273,9.1,2130,0,Active/Regular Products
55,1790,32.54545454545455,1343,2,High-Volume Products
110,355,3.227272727272727,2903,0,Active/Regular Products
49,567,11.571428571428571,2205,0,Active/Regular Products
52,943,18.134615384615383,2048,2,High-Volume Products
28,867,30.964285714285715,938,2,High-Volume Products
24,116,4.833333333333333,1874,0,Active/Regular Products
71,1618,22.7887323943662,1908,2,High-Volume Products
44,494,11.227272727272728,1884,0,Active/Regular Products
13,79,6.076923076923077,514,3,Low-Movement Products
1,1,1.0,1,1,Slow-Moving Products
51,459,9.0,1609,0,Active/Regular Products
214,3321,15.518691588785046,3072,2,High-Volume Products
541,4246,7.848428835489834,3285,2,High-Volume Products
15,159,10.6,1253,0,Active/Regular Products
34,111,3.264705882352941,1791,0,Active/Regular Products
49,694,14.16326530612245,1723,2,High-Volume Products
19,161,8.473684210526315,1469,0,Active/Regular Products
19,197,10.36842105263158,1117,0,Active/Regular Products
28,81,2.892857142857143,1449,3,Low-Movement Products
340,10535,30.985294117647054,3028,2,High-Volume Products
252,864,3.4285714285714284,3030,0,Active/Regular Products
346,1337,3.864161849710983,3254,0,Active/Regular Products
287,941,3.278745644599303,3074,0,Active/Regular Products
8,12,1.5,696,3,Low-Movement Products
13,19,1.4615384615384617,794,3,Low-Movement Products
16,56,3.5,835,3,Low-Movement Products
10,27,2.7,1148,3,Low-Movement Products
290,975,3.362068965517241,2773,0,Active/Regular Products
6,15,2.5,319,3,Low-Movement Products
6,140,23.33333333333333,452,3,Low-Movement Products
11,18,1.6363636363636365,1176,3,Low-Movement Products
34,104,3.0588235294117645,1457,3,Low-Movement Products
77,378,4.909090909090909,2654,0,Active/Regular Products
95,799,8.410526315789474,2432,0,Active/Regular Products
120,789,6.575,2425,0,Active/Regular Products
151,642,4.251655629139073,3033,0,Active/Regular Products
10,19,1.9,456,3,Low-Movement Products
108,411,3.8055555555555554,2753,0,Active/Regular Products
29,129,4.448275862068965,1190,0,Active/Regular Products
16,39,2.4375,673,3,Low-Movement Products
69,106,1.536231884057971,1938,0,Active/Regular Products
125,243,1.944,2252,0,Active/Regular Products
24,30,1.25,1154,3,Low-Movement Products
52,363,6.980769230769231,1991,0,Active/Regular Products
46,89,1.934782608695652,2561,0,Active/Regular Products
43,171,3.976744186046512,2112,0,Active/Regular Products
33,163,4.9393939393939394,1278,0,Active/Regular Products
16,101,6.3125,1179,3,Low-Movement Products
9,16,1.7777777777777777,1209,3,Low-Movement Products
38,287,7.552631578947368,1514,0,Active/Regular Products
33,75,2.272727272727273,1799,3,Low-Movement Products
47,512,10.893617021276595,1039,0,Active/Regular Products
46,304,6.608695652173913,1640,0,Active/Regular Products
27,41,1.5185185185185186,1994,3,Low-Movement Products
17,33,1.9411764705882355,1403,3,Low-Movement Products
41,121,2.951219512195122,2471,0,Active/Regular Products
34,142,4.176470588235294,2330,0,Active/Regular Products
50,178,3.56,2595,0,Active/Regular Products
290,2165,7.4655172413793105,2877,2,High-Volume Products
224,1811,8.084821428571429,2999,2,High-Volume Products
128,1143,8.9296875,2578,2,High-Volume Products
167,991,5.934131736526946,2988,0,Active/Regular Products
317,3883,12.249211356466876,3174,2,High-Volume Products
51,709,13.901960784313726,1546,2,High-Volume Products
128,1113,8.6953125,2606,2,High-Volume Products
212,3903,18.410377358490567,2844,2,High-Volume Products
106,1069,10.08490566037736,2491,2,High-Volume Products
7,34,4.857142857142857,594,3,Low-Movement Products
7,29,4.142857142857143,393,3,Low-Movement Products
131,3865,29.50381679389313,2190,2,High-Volume Products
90,2838,31.53333333333333,1812,2,High-Volume Products
65,1075,16.53846153846154,1928,2,High-Volume Products
63,1532,24.31746031746032,1957,2,High-Volume Products
71,2054,28.92957746478873,1564,2,High-Volume Products
72,881,12.23611111111111,2564,2,High-Volume Products
82,1052,12.829268292682928,2593,2,High-Volume Products
92,1369,14.880434782608695,2628,2,High-Volume Products
106,1857,17.5188679245283,2748,2,High-Volume Products
138,290,2.101449275362319,2858,0,Active/Regular Products
117,285,2.435897435897436,2891,0,Active/Regular Products
1,1,1.0,78,1,Slow-Moving Products
241,785,3.2572614107883817,2771,0,Active/Regular Products
17,48,2.823529411764706,1634,3,Low-Movement Products
1,1,1.0,77,1,Slow-Moving Products
46,219,4.760869565217392,2154,0,Active/Regular Products
4,5,1.25,248,1,Slow-Moving Products
68,340,5.0,2668,0,Active/Regular Products
25,74,2.96,1732,3,Low-Movement Products
19,53,2.789473684210526,1263,3,Low-Movement Products
14,299,21.357142857142858,701,2,High-Volume Products
63,1607,25.50793650793651,2132,2,High-Volume Products
70,346,4.942857142857143,1265,0,Active/Regular Products
30,87,2.9,1124,3,Low-Movement Products
46,256,5.565217391304348,1183,0,Active/Regular Products
41,96,2.341463414634146,1148,3,Low-Movement Products
262,1207,4.606870229007634,2911,0,Active/Regular Products
286,1740,6.083916083916084,3165,2,High-Volume Products
477,3034,6.360587002096436,3066,2,High-Volume Products
130,1430,11.0,2898,2,High-Volume Products
62,421,6.790322580645161,2368,0,Active/Regular Products
59,437,7.406779661016949,2349,0,Active/Regular Products
21,214,10.19047619047619,923,0,Active/Regular Products
105,449,4.276190476190476,2881,0,Active/Regular Products
148,969,6.547297297297297,2647,0,Active/Regular Products
77,344,4.467532467532467,2242,0,Active/Regular Products
184,817,4.440217391304348,2812,0,Active/Regular Products
136,572,4.205882352941177,2749,0,Active/Regular Products
117,612,5.230769230769231,2587,0,Active/Regular Products
25,171,6.84,1005,0,Active/Regular Products
25,124,4.96,1139,0,Active/Regular Products
36,182,5.055555555555555,1727,0,Active/Regular Products
19,76,4.0,741,3,Low-Movement Products
11,28,2.5454545454545454,654,3,Low-Movement Products
6,10,1.6666666666666667,619,3,Low-Movement Products
73,198,2.712328767123288,1739,0,Active/Regular Products
134,649,4.843283582089552,1586,0,Active/Regular Products
105,249,2.3714285714285714,1481,0,Active/Regular Products
79,237,3.0,2193,0,Active/Regular Products
112,304,2.7142857142857144,2449,0,Active/Regular Products
104,264,2.5384615384615383,2507,0,Active/Regular Products
66,148,2.242424242424242,2135,0,Active/Regular Products
89,290,3.258426966292135,2130,0,Active/Regular Products
140,381,2.7214285714285715,2700,0,Active/Regular Products
163,639,3.920245398773006,2893,0,Active/Regular Products
37,123,3.324324324324324,1201,0,Active/Regular Products
21,27,1.2857142857142858,542,3,Low-Movement Products
24,41,1.7083333333333333,738,3,Low-Movement Products
499,3915,7.845691382765531,3257,2,High-Volume Products
490,3307,6.748979591836735,3246,2,High-Volume Products
402,1871,4.654228855721393,3103,0,Active/Regular Products
623,3524,5.656500802568218,3246,2,High-Volume Products
11,36,3.272727272727273,1560,3,Low-Movement Products
16,69,4.3125,1446,3,Low-Movement Products
1,1,1.0,15,1,Slow-Moving Products
313,1928,6.159744408945687,3200,2,High-Volume Products
165,5800,35.15151515151515,1793,2,High-Volume Products
230,8550,37.17391304347826,2034,2,High-Volume Products
336,10526,31.327380952380956,2278,2,High-Volume Products
217,6927,31.921658986175117,2034,2,High-Volume Products
213,6350,29.812206572769952,2082,2,High-Volume Products
23,726,31.565217391304348,620,2,High-Volume Products
115,1891,16.443478260869565,2591,2,High-Volume Products
323,4922,15.238390092879255,3101,2,High-Volume Products
262,3320,12.67175572519084,3077,2,High-Volume Products
213,2478,11.633802816901408,2960,2,High-Volume Products
274,3741,13.653284671532846,3026,2,High-Volume Products
38,318,8.368421052631579,1909,0,Active/Regular Products
246,3299,13.410569105691057,2862,2,High-Volume Products
58,504,8.689655172413794,2505,0,Active/Regular Products
502,3245,6.464143426294821,3180,2,High-Volume Products
480,1752,3.65,3116,0,Active/Regular Products
144,477,3.3125,1846,0,Active/Regular Products
111,215,1.936936936936937,2616,0,Active/Regular Products
104,777,7.471153846153846,2556,0,Active/Regular Products
246,1516,6.162601626016261,2676,2,High-Volume Products
339,1351,3.985250737463127,2753,0,Active/Regular Products
155,370,2.3870967741935485,2764,0,Active/Regular Products
343,2487,7.25072886297376,2720,2,High-Volume Products
61,332,5.442622950819672,1883,0,Active/Regular Products
2,5,2.5,84,1,Slow-Moving Products
238,969,4.071428571428571,2593,0,Active/Regular Products
174,1972,11.333333333333334,2947,2,High-Volume Products
22,79,3.590909090909091,1550,3,Low-Movement Products
69,137,1.9855072463768115,2704,0,Active/Regular Products
114,977,8.570175438596491,2439,2,High-Volume Products
162,551,3.4012345679012346,2911,0,Active/Regular Products
412,2131,5.172330097087379,3172,2,High-Volume Products
573,3933,6.863874345549738,3277,2,High-Volume Products
213,1281,6.014084507042254,2945,0,Active/Regular Products
28,324,11.571428571428571,1148,0,Active/Regular Products
159,1395,8.773584905660377,2736,2,High-Volume Products
123,1042,8.471544715447154,2430,2,High-Volume Products
78,252,3.230769230769231,2566,0,Active/Regular Products
175,720,4.114285714285714,2983,0,Active/Regular Products
127,746,5.874015748031496,2519,0,Active/Regular Products
50,176,3.52,2216,0,Active/Regular Products
62,181,2.919354838709677,2408,0,Active/Regular Products
79,252,3.189873417721519,2617,0,Active/Regular Products
146,1059,7.2534246575342465,1965,0,Active/Regular Products
67,743,11.08955223880597,1187,2,High-Volume Products
26,195,7.5,879,0,Active/Regular Products
132,1494,11.318181818181818,1817,2,High-Volume Products
146,1374,9.41095890410959,2077,2,High-Volume Products
216,2149,9.949074074074074,2365,2,High-Volume Products
2,2,1.0,837,3,Low-Movement Products
2,2,1.0,944,3,Low-Movement Products
76,763,10.039473684210526,1509,0,Active/Regular Products
42,227,5.404761904761905,1093,0,Active/Regular Products
9,51,5.666666666666667,388,3,Low-Movement Products
135,891,6.6,2857,0,Active/Regular Products
138,822,5.956521739130435,2829,0,Active/Regular Products
102,525,5.147058823529412,2671,0,Active/Regular Products
91,404,4.43956043956044,2740,0,Active/Regular Products
164,974,5.939024390243903,2951,0,Active/Regular Products
165,881,5.33939393939394,2968,0,Active/Regular Products
475,2787,5.867368421052632,3002,2,High-Volume Products
104,380,3.6538461538461537,2281,0,Active/Regular Products
221,3269,14.79185520361991,2605,2,High-Volume Products
95,216,2.273684210526316,2447,0,Active/Regular Products
169,407,2.408284023668639,3006,0,Active/Regular Products
99,794,8.02020202020202,2353,0,Active/Regular Products
47,63,1.3404255319148937,2059,3,Low-Movement Products
33,63,1.9090909090909087,2160,3,Low-Movement Products
42,71,1.6904761904761905,2142,3,Low-Movement Products
35,69,1.9714285714285715,1919,3,Low-Movement Products
27,169,6.25925925925926,1389,0,Active/Regular Products
24,88,3.6666666666666665,1647,3,Low-Movement Products
42,125,2.9761904761904763,2164,0,Active/Regular Products
28,976,34.857142857142854,1420,2,High-Volume Products
16,271,16.9375,635,0,Active/Regular Products
73,913,12.506849315068491,1726,2,High-Volume Products
6,109,18.166666666666668,246,1,Slow-Moving Products
40,247,6.175,2039,0,Active/Regular Products
78,650,8.333333333333334,2700,0,Active/Regular Products
49,1153,23.53061224489796,2278,2,High-Volume Products
101,2471,24.465346534653467,2407,2,High-Volume Products
60,550,9.166666666666666,2435,0,Active/Regular Products
32,215,6.71875,989,0,Active/Regular Products
25,107,4.28,792,3,Low-Movement Products
66,729,11.045454545454543,2752,2,High-Volume Products
132,2550,19.318181818181817,2968,2,High-Volume Products
11,127,11.545454545454543,737,3,Low-Movement Products
59,974,16.508474576271187,1838,2,High-Volume Products
2,36,18.0,3,1,Slow-Moving Products
47,219,4.659574468085107,1964,0,Active/Regular Products
17,30,1.7647058823529411,1162,3,Low-Movement Products
212,878,4.1415094339622645,2643,0,Active/Regular Products
3,3,1.0,297,1,Slow-Moving Products
26,86,3.3076923076923075,1795,3,Low-Movement Products
18,98,5.444444444444445,563,3,Low-Movement Products
43,412,9.581395348837209,1774,0,Active/Regular Products
1,2,2.0,33,1,Slow-Moving Products
437,5494,12.5720823798627,3028,2,High-Volume Products
425,5252,12.35764705882353,3005,2,High-Volume Products
374,4328,11.572192513368984,2902,2,High-Volume Products
369,4402,11.929539295392956,2987,2,High-Volume Products
409,4992,12.205378973105134,3001,2,High-Volume Products
365,4372,11.97808219178082,2987,2,High-Volume Products
110,628,5.709090909090909,2899,0,Active/Regular Products
61,257,4.213114754098361,2640,0,Active/Regular Products
119,835,7.016806722689076,2838,0,Active/Regular Products
32,125,3.90625,2316,0,Active/Regular Products
138,1140,8.26086956521739,2826,2,High-Volume Products
103,868,8.427184466019417,2769,0,Active/Regular Products
2,2,1.0,36,1,Slow-Moving Products
55,182,3.309090909090909,1596,0,Active/Regular Products
58,310,5.344827586206897,1968,0,Active/Regular Products
47,771,16.404255319148938,2179,2,High-Volume Products
20,35,1.75,744,3,Low-Movement Products
57,348,6.105263157894737,2163,0,Active/Regular Products
26,95,3.6538461538461537,934,3,Low-Movement Products
7,22,3.142857142857143,256,1,Slow-Moving Products
7,17,2.4285714285714284,241,1,Slow-Moving Products
50,361,7.22,1922,0,Active/Regular Products
24,307,12.791666666666666,1113,0,Active/Regular Products
41,284,6.926829268292683,1741,0,Active/Regular Products
33,224,6.787878787878788,1421,0,Active/Regular Products
45,296,6.5777777777777775,2586,0,Active/Regular Products
198,1726,8.717171717171718,2481,2,High-Volume Products
294,9390,31.93877551020408,3054,2,High-Volume Products
248,5144,20.741935483870968,3014,2,High-Volume Products
141,1459,10.347517730496454,2822,2,High-Volume Products
120,346,2.8833333333333333,2696,0,Active/Regular Products
74,160,2.1621621621621623,2481,0,Active/Regular Products
64,190,2.96875,2472,0,Active/Regular Products
59,133,2.254237288135593,2393,0,Active/Regular Products
45,107,2.3777777777777778,2222,0,Active/Regular Products
36,104,2.888888888888889,2056,0,Active/Regular Products
157,786,5.006369426751593,2697,0,Active/Regular Products
225,1651,7.337777777777778,2791,2,High-Volume Products
231,1330,5.757575757575758,2970,0,Active/Regular Products
244,1425,5.840163934426229,3034,0,Active/Regular Products
41,408,9.951219512195122,1508,0,Active/Regular Products
229,1493,6.5196506550218345,3005,2,High-Volume Products
58,345,5.948275862068965,2464,0,Active/Regular Products
8,57,7.125,284,1,Slow-Moving Products
33,195,5.909090909090909,2058,0,Active/Regular Products
36,98,2.7222222222222223,2494,0,Active/Regular Products
59,397,6.728813559322034,2548,0,Active/Regular Products
81,408,5.037037037037037,2654,0,Active/Regular Products
50,301,6.02,2288,0,Active/Regular Products
42,237,5.642857142857143,1752,0,Active/Regular Products
131,517,3.946564885496183,2582,0,Active/Regular Products
849,14001,16.491166077738516,3396,2,High-Volume Products
741,7872,10.62348178137652,3275,2,High-Volume Products
83,212,2.5542168674698797,1311,0,Active/Regular Products
5,80,16.0,173,1,Slow-Moving Products
21,46,2.1904761904761907,1441,3,Low-Movement Products
111,254,2.2882882882882885,2674,0,Active/Regular Products
40,147,3.675,2015,0,Active/Regular Products
91,194,2.131868131868132,2003,0,Active/Regular Products
49,299,6.1020408163265305,2169,0,Active/Regular Products
127,529,4.165354330708661,2664,0,Active/Regular Products
214,935,4.369158878504673,2477,0,Active/Regular Products
226,3075,13.606194690265486,2732,2,High-Volume Products
54,485,8.981481481481481,2040,0,Active/Regular Products
140,1963,14.021428571428572,2548,2,High-Volume Products
24,90,3.75,1568,3,Low-Movement Products
777,2759,3.550836550836551,3296,0,Active/Regular Products
629,2011,3.1971383147853736,3202,0,Active/Regular Products
270,809,2.9962962962962965,2796,0,Active/Regular Products
3,6,2.0,134,1,Slow-Moving Products
32,50,1.5625,2270,3,Low-Movement Products
10,10,1.0,353,3,Low-Movement Products
4,6,1.5,207,1,Slow-Moving Products
2,11,5.5,16,1,Slow-Moving Products
388,1638,4.221649484536083,2772,0,Active/Regular Products
163,1170,7.177914110429448,3035,0,Active/Regular Products
186,1095,5.887096774193548,3135,0,Active/Regular Products
139,515,3.7050359712230216,2990,0,Active/Regular Products
6,12,2.0,1094,3,Low-Movement Products
101,168,1.6633663366336633,2135,0,Active/Regular Products
44,57,1.2954545454545454,1567,3,Low-Movement Products
5,411,82.2,655,2,High-Volume Products
226,1937,8.570796460176991,3124,2,High-Volume Products
243,8875,36.522633744855966,3068,2,High-Volume Products
85,1293,15.211764705882352,2298,2,High-Volume Products
92,925,10.054347826086955,2482,2,High-Volume Products
926,14521,15.681425485961125,3399,2,High-Volume Products
607,7864,12.955518945634267,3309,2,High-Volume Products
76,344,4.526315789473684,1721,0,Active/Regular Products
74,304,4.108108108108108,2138,0,Active/Regular Products
106,522,4.9245283018867925,2240,0,Active/Regular Products
125,1251,10.008,2858,2,High-Volume Products
180,2122,11.78888888888889,3073,2,High-Volume Products
198,2353,11.883838383838384,3142,2,High-Volume Products
65,225,3.4615384615384617,2349,0,Active/Regular Products
30,438,14.6,1151,0,Active/Regular Products
48,180,3.75,2201,0,Active/Regular Products
117,1964,16.786324786324787,2695,2,High-Volume Products
252,5840,23.17460317460317,2999,2,High-Volume Products
245,4850,19.79591836734694,3025,2,High-Volume Products
100,393,3.93,2750,0,Active/Regular Products
112,549,4.901785714285714,2885,0,Active/Regular Products
15,74,4.933333333333334,820,3,Low-Movement Products
29,158,5.448275862068965,2099,0,Active/Regular Products
7,33,4.714285714285714,359,3,Low-Movement Products
58,906,15.620689655172416,1893,2,High-Volume Products
163,2737,16.791411042944784,2588,2,High-Volume Products
124,2470,19.91935483870968,2418,2,High-Volume Products
90,329,3.655555555555555,2572,0,Active/Regular Products
62,251,4.048387096774194,2577,0,Active/Regular Products
97,698,7.195876288659794,2624,0,Active/Regular Products
97,1372,14.144329896907216,2572,2,High-Volume Products
117,1916,16.376068376068375,2587,2,High-Volume Products
35,125,3.571428571428572,1867,0,Active/Regular Products
3,6,2.0,157,1,Slow-Moving Products
84,330,3.928571428571429,2468,0,Active/Regular Products
177,6765,38.22033898305085,2807,2,High-Volume Products
99,2621,26.474747474747478,2345,2,High-Volume Products
198,954,4.818181818181818,3074,0,Active/Regular Products
168,2726,16.226190476190474,2911,2,High-Volume Products
3,5,1.6666666666666667,243,1,Slow-Moving Products
1,1,1.0,48,1,Slow-Moving Products
21,73,3.4761904761904763,1093,3,Low-Movement Products
539,2012,3.732838589981447,3111,0,Active/Regular Products
156,1847,11.83974358974359,2690,2,High-Volume Products
82,1906,23.24390243902439,1465,2,High-Volume Products
103,424,4.116504854368932,2908,0,Active/Regular Products
33,76,2.303030303030303,2218,3,Low-Movement Products
66,173,2.621212121212121,2620,0,Active/Regular Products
54,129,2.388888888888889,2603,0,Active/Regular Products
63,141,2.238095238095238,2749,0,Active/Regular Products
184,828,4.5,2729,0,Active/Regular Products
106,271,2.556603773584906,2706,0,Active/Regular Products
193,747,3.8704663212435233,2941,0,Active/Regular Products
121,348,2.87603305785124,2820,0,Active/Regular Products
302,2477,8.201986754966887,3122,2,High-Volume Products
163,1407,8.631901840490798,2386,2,High-Volume Products
357,5453,15.27450980392157,3236,2,High-Volume Products
142,1292,9.098591549295774,2756,2,High-Volume Products
116,1618,13.948275862068966,2729,2,High-Volume Products
295,2974,10.08135593220339,3195,2,High-Volume Products
148,2055,13.885135135135137,2970,2,High-Volume Products
333,3789,11.37837837837838,3198,2,High-Volume Products
349,5411,15.504297994269342,3153,2,High-Volume Products
224,2523,11.263392857142858,2941,2,High-Volume Products
94,1176,12.51063829787234,2533,2,High-Volume Products
240,1903,7.929166666666666,3022,2,High-Volume Products
79,1102,13.949367088607596,2493,2,High-Volume Products
70,704,10.057142857142855,2442,0,Active/Regular Products
133,1653,12.428571428571429,2623,2,High-Volume Products
93,1166,12.53763440860215,2705,2,High-Volume Products
378,1688,4.465608465608466,3151,0,Active/Regular Products
587,6390,10.885860306643952,3317,2,High-Volume Products
231,1147,4.965367965367966,2956,0,Active/Regular Products
425,8130,19.12941176470588,3192,2,High-Volume Products
412,3192,7.747572815533981,3256,2,High-Volume Products
130,592,4.553846153846154,2879,0,Active/Regular Products
2,2,1.0,147,1,Slow-Moving Products
110,980,8.909090909090908,2385,2,High-Volume Products
3,405,135.0,31,1,Slow-Moving Products
25,493,19.72,1341,2,High-Volume Products
278,2679,9.636690647482014,3106,2,High-Volume Products
372,3228,8.67741935483871,3202,2,High-Volume Products
308,1828,5.935064935064935,3139,2,High-Volume Products
210,1962,9.342857142857143,2983,2,High-Volume Products
180,1160,6.444444444444445,2835,0,Active/Regular Products
23,50,2.1739130434782608,680,3,Low-Movement Products
160,760,4.75,2836,0,Active/Regular Products
173,581,3.3583815028901736,2996,0,Active/Regular Products
367,2371,6.460490463215259,2978,2,High-Volume Products
468,3771,8.057692307692308,3313,2,High-Volume Products
8,36,4.5,522,3,Low-Movement Products
29,114,3.931034482758621,1621,0,Active/Regular Products
396,1786,4.51010101010101,3214,0,Active/Regular Products
148,398,2.689189189189189,2940,0,Active/Regular Products
603,7876,13.061359867330015,3196,2,High-Volume Products
661,21903,33.13615733736763,3214,2,High-Volume Products
359,4599,12.81058495821727,3193,2,High-Volume Products
225,4151,18.448888888888888,2889,2,High-Volume Products
369,7199,19.509485094850948,3250,2,High-Volume Products
208,898,4.3173076923076925,2713,0,Active/Regular Products
65,403,6.2,1277,0,Active/Regular Products
60,414,6.9,1221,0,Active/Regular Products
99,623,6.292929292929293,1579,0,Active/Regular Products
806,10468,12.98759305210918,3311,2,High-Volume Products
865,11006,12.723699421965318,3363,2,High-Volume Products
705,6438,9.13191489361702,3272,2,High-Volume Products
1184,13651,11.52956081081081,3472,2,High-Volume Products
446,2720,6.098654708520179,3108,2,High-Volume Products
410,2672,6.517073170731707,3130,2,High-Volume Products
411,2421,5.890510948905109,3267,2,High-Volume Products
530,3393,6.40188679245283,3354,2,High-Volume Products
531,3985,7.504708097928437,3160,2,High-Volume Products
251,1707,6.800796812749004,2483,2,High-Volume Products
103,287,2.786407766990292,3019,0,Active/Regular Products
50,119,2.38,2601,0,Active/Regular Products
100,337,3.37,2876,0,Active/Regular Products
105,358,3.4095238095238094,2991,0,Active/Regular Products
25,86,3.44,2087,3,Low-Movement Products
152,811,5.3355263157894735,2950,0,Active/Regular Products
153,640,4.183006535947713,2971,0,Active/Regular Products
144,801,5.5625,2989,0,Active/Regular Products
206,1228,5.961165048543689,2561,0,Active/Regular Products
232,5271,22.719827586206897,3072,2,High-Volume Products
65,335,5.153846153846154,2391,0,Active/Regular Products
30,159,5.3,909,0,Active/Regular Products
360,2219,6.163888888888889,3147,2,High-Volume Products
601,12312,20.48585690515807,3228,2,High-Volume Products
393,5199,13.229007633587786,3177,2,High-Volume Products
869,24820,28.56156501726122,3415,2,High-Volume Products
297,6685,22.50841750841751,3043,2,High-Volume Products
271,5468,20.177121771217717,3158,2,High-Volume Products
359,7173,19.98050139275766,3273,2,High-Volume Products
155,2301,14.84516129032258,2870,2,High-Volume Products
212,3458,16.31132075471698,3066,2,High-Volume Products
427,8775,20.55035128805621,3207,2,High-Volume Products
189,4067,21.51851851851852,2923,2,High-Volume Products
171,2113,12.35672514619883,2321,2,High-Volume Products
193,2321,12.025906735751295,2406,2,High-Volume Products
335,2409,7.191044776119403,2828,2,High-Volume Products
366,1672,4.5683060109289615,3267,0,Active/Regular Products
211,635,3.009478672985782,3119,0,Active/Regular Products
436,1901,4.360091743119266,3283,0,Active/Regular Products
425,1937,4.557647058823529,3298,0,Active/Regular Products
1,1,1.0,181,1,Slow-Moving Products
71,365,5.140845070422535,1361,0,Active/Regular Products
146,1206,8.26027397260274,2898,2,High-Volume Products
213,2406,11.295774647887324,3094,2,High-Volume Products
130,1835,14.115384615384617,2779,2,High-Volume Products
160,1644,10.275,2900,2,High-Volume Products
362,4368,12.066298342541437,3113,2,High-Volume Products
262,3042,11.610687022900764,3063,2,High-Volume Products
527,8161,15.485768500948767,3246,2,High-Volume Products
274,5527,20.17153284671533,2758,2,High-Volume Products
80,504,6.3,2657,0,Active/Regular Products
60,427,7.116666666666666,2421,0,Active/Regular Products
22,337,15.318181818181818,1003,0,Active/Regular Products
4,10,2.5,943,3,Low-Movement Products
137,1452,10.5985401459854,2811,2,High-Volume Products
354,3929,11.098870056497177,3119,2,High-Volume Products
19,475,25.0,519,2,High-Volume Products
7,250,35.714285714285715,298,2,High-Volume Products
28,725,25.892857142857142,694,2,High-Volume Products
361,4374,12.11634349030471,3020,2,High-Volume Products
39,399,10.23076923076923,2187,0,Active/Regular Products
64,1238,19.34375,2428,2,High-Volume Products
36,816,22.666666666666668,1007,2,High-Volume Products
208,6527,31.379807692307693,1846,2,High-Volume Products
75,2250,30.0,1299,2,High-Volume Products
106,3375,31.839622641509436,1719,2,High-Volume Products
32,975,30.46875,884,2,High-Volume Products
33,1050,31.818181818181817,809,2,High-Volume Products
40,1225,30.625,1010,2,High-Volume Products
39,975,25.0,932,2,High-Volume Products
27,650,24.074074074074076,761,2,High-Volume Products
28,4244,151.57142857142858,669,2,High-Volume Products
220,1375,6.25,2556,0,Active/Regular Products
61,584,9.57377049180328,1280,0,Active/Regular Products
173,1780,10.289017341040465,2551,2,High-Volume Products
34,231,6.794117647058823,689,0,Active/Regular Products
146,582,3.9863013698630136,2126,0,Active/Regular Products
73,583,7.986301369863014,2233,0,Active/Regular Products
120,583,4.858333333333333,2470,0,Active/Regular Products
241,1728,7.170124481327801,3125,2,High-Volume Products
241,6729,27.92116182572614,3062,2,High-Volume Products
135,2239,16.585185185185185,2240,2,High-Volume Products
70,408,5.828571428571428,2436,0,Active/Regular Products
143,526,3.6783216783216783,2897,0,Active/Regular Products
146,414,2.835616438356164,2895,0,Active/Regular Products
116,948,8.172413793103448,2692,0,Active/Regular Products
86,729,8.476744186046512,2411,0,Active/Regular Products
162,848,5.234567901234568,2346,0,Active/Regular Products
69,334,4.840579710144928,1784,0,Active/Regular Products
199,1402,7.045226130653266,3003,2,High-Volume Products
200,1773,8.865,2912,2,High-Volume Products
225,1259,5.595555555555555,2989,0,Active/Regular Products
955,9172,9.604188481675394,3433,2,High-Volume Products
192,1369,7.130208333333333,2909,2,High-Volume Products
323,1897,5.8730650154798765,3046,2,High-Volume Products
155,1206,7.780645161290322,2585,2,High-Volume Products
138,644,4.666666666666667,2880,0,Active/Regular Products
409,2680,6.552567237163815,3164,2,High-Volume Products
610,4616,7.567213114754098,3316,2,High-Volume Products
436,5181,11.88302752293578,2686,2,High-Volume Products
97,548,5.649484536082475,2464,0,Active/Regular Products
1160,19329,16.66293103448276,3372,2,High-Volume Products
326,4082,12.521472392638035,2816,2,High-Volume Products
238,1893,7.953781512605042,2556,2,High-Volume Products
272,1423,5.231617647058823,2738,0,Active/Regular Products
798,7562,9.476190476190476,3312,2,High-Volume Products
167,1983,11.874251497005988,2938,2,High-Volume Products
91,670,7.362637362637362,2042,0,Active/Regular Products
160,1830,11.4375,2499,2,High-Volume Products
200,2166,10.83,2795,2,High-Volume Products
143,1643,11.48951048951049,2916,2,High-Volume Products
117,1366,11.675213675213676,2374,2,High-Volume Products
145,1596,11.006896551724138,2609,2,High-Volume Products
172,1992,11.581395348837209,2852,2,High-Volume Products
153,1440,9.411764705882351,2870,2,High-Volume Products
59,755,12.796610169491526,2467,2,High-Volume Products
69,1438,20.84057971014493,2595,2,High-Volume Products
31,1622,52.32258064516129,1572,2,High-Volume Products
26,1248,48.0,1469,2,High-Volume Products
59,288,4.88135593220339,2721,0,Active/Regular Products
33,574,17.393939393939394,2255,2,High-Volume Products
47,349,7.425531914893617,2641,0,Active/Regular Products
179,592,3.3072625698324023,3035,0,Active/Regular Products
63,152,2.412698412698413,2751,0,Active/Regular Products
296,1640,5.54054054054054,3211,0,Active/Regular Products
279,1172,4.200716845878136,3050,0,Active/Regular Products
771,4655,6.0376134889753565,3276,2,High-Volume Products
858,6017,7.012820512820513,3249,2,High-Volume Products
561,3220,5.739750445632799,3115,2,High-Volume Products
643,5740,8.926905132192847,3173,2,High-Volume Products
228,1549,6.793859649122807,2995,2,High-Volume Products
148,575,3.885135135135135,2941,0,Active/Regular Products
95,1320,13.894736842105264,2556,2,High-Volume Products
89,230,2.5842696629213484,2452,0,Active/Regular Products
106,345,3.2547169811320757,1937,0,Active/Regular Products
188,523,2.7819148936170213,2495,0,Active/Regular Products
133,352,2.6466165413533838,2645,0,Active/Regular Products
122,508,4.163934426229508,2944,0,Active/Regular Products
76,149,1.9605263157894737,2813,0,Active/Regular Products
3,13,4.333333333333333,164,1,Slow-Moving Products
22,404,18.363636363636363,1029,2,High-Volume Products
76,1762,23.18421052631579,1448,2,High-Volume Products
100,1188,11.88,2563,2,High-Volume Products
110,2277,20.7,2548,2,High-Volume Products
291,2031,6.979381443298969,3075,2,High-Volume Products
154,1038,6.740259740259741,2994,0,Active/Regular Products
133,816,6.135338345864661,2947,0,Active/Regular Products
162,889,5.487654320987654,3029,0,Active/Regular Products
179,567,3.1675977653631286,3099,0,Active/Regular Products
84,378,4.5,2342,0,Active/Regular Products
14,82,5.857142857142857,700,3,Low-Movement Products
934,4937,5.285867237687366,3218,2,High-Volume Products
962,4518,4.696465696465697,3268,2,High-Volume Products
457,2791,6.107221006564552,3186,2,High-Volume Products
377,3247,8.612732095490717,3024,2,High-Volume Products
544,4073,7.487132352941177,3238,2,High-Volume Products
1,30,30.0,0,1,Slow-Moving Products
1,1,1.0,39,1,Slow-Moving Products
481,6226,12.943866943866944,3128,2,High-Volume Products
186,1933,10.39247311827957,2369,2,High-Volume Products
547,6070,11.09689213893967,3157,2,High-Volume Products
468,3021,6.455128205128205,3190,2,High-Volume Products
332,15126,45.56024096385542,2975,2,High-Volume Products
105,2407,22.923809523809524,2519,2,High-Volume Products
131,2593,19.793893129770996,2875,2,High-Volume Products
162,3745,23.117283950617285,2955,2,High-Volume Products
142,2452,17.267605633802816,2936,2,High-Volume Products
256,2196,8.578125,3197,2,High-Volume Products
11,212,19.272727272727277,418,0,Active/Regular Products
303,3413,11.264026402640264,3034,2,High-Volume Products
340,5083,14.95,3258,2,High-Volume Products
91,264,2.901098901098901,2866,0,Active/Regular Products
122,875,7.172131147540983,2923,0,Active/Regular Products
15,78,5.2,1188,3,Low-Movement Products
146,415,2.8424657534246576,3040,0,Active/Regular Products
87,207,2.3793103448275863,2515,0,Active/Regular Products
156,236,1.5128205128205128,2983,0,Active/Regular Products
76,143,1.881578947368421,1253,0,Active/Regular Products
372,1197,3.217741935483871,3100,0,Active/Regular Products
265,1068,4.030188679245283,2961,0,Active/Regular Products
382,1794,4.696335078534031,3069,0,Active/Regular Products
493,2444,4.9574036511156185,3310,2,High-Volume Products
321,3218,10.02492211838006,3247,2,High-Volume Products
171,877,5.128654970760234,2782,0,Active/Regular Products
115,512,4.452173913043478,2297,0,Active/Regular Products
1037,24275,23.40887174541948,3451,2,High-Volume Products
289,966,3.342560553633218,3042,0,Active/Regular Products
155,330,2.129032258064516,2340,0,Active/Regular Products
57,591,10.36842105263158,2358,0,Active/Regular Products
122,372,3.0491803278688523,2810,0,Active/Regular Products
129,322,2.496124031007752,2559,0,Active/Regular Products
35,56,1.6,2095,3,Low-Movement Products
162,1472,9.08641975308642,2786,2,High-Volume Products
149,848,5.691275167785235,2671,0,Active/Regular Products
192,1266,6.59375,2831,0,Active/Regular Products
189,4870,25.76719576719577,2754,2,High-Volume Products
524,8284,15.80916030534351,3213,2,High-Volume Products
116,676,5.827586206896552,2977,0,Active/Regular Products
415,1445,3.4819277108433737,2767,0,Active/Regular Products
365,954,2.6136986301369864,2842,0,Active/Regular Products
460,1400,3.0434782608695654,2880,0,Active/Regular Products
44,66,1.5,1689,3,Low-Movement Products
373,1976,5.297587131367292,3264,2,High-Volume Products
472,2847,6.031779661016949,3332,2,High-Volume Products
1392,56898,40.875,3545,2,High-Volume Products
86,1025,11.918604651162791,2225,2,High-Volume Products
167,467,2.7964071856287425,2875,0,Active/Regular Products
140,398,2.842857142857143,2652,0,Active/Regular Products
87,193,2.218390804597701,2699,0,Active/Regular Products
37,64,1.7297297297297298,1577,3,Low-Movement Products
145,403,2.779310344827586,2883,0,Active/Regular Products
79,197,2.4936708860759493,2519,0,Active/Regular Products
5,5,1.0,1110,3,Low-Movement Products
208,1333,6.408653846153846,3037,0,Active/Regular Products
280,1509,5.389285714285714,3135,0,Active/Regular Products
173,945,5.46242774566474,2899,0,Active/Regular Products
187,1017,5.438502673796791,2894,0,Active/Regular Products
196,1008,5.142857142857143,3023,0,Active/Regular Products
399,1609,4.032581453634085,3306,0,Active/Regular Products
56,193,3.446428571428572,2482,0,Active/Regular Products
101,343,3.396039603960396,2372,0,Active/Regular Products
68,588,8.647058823529411,2702,0,Active/Regular Products
82,839,10.231707317073171,2403,2,High-Volume Products
1,1,1.0,5,1,Slow-Moving Products
544,4133,7.5974264705882355,3407,2,High-Volume Products
86,231,2.686046511627907,2232,0,Active/Regular Products
51,131,2.5686274509803924,1968,0,Active/Regular Products
222,1057,4.761261261261262,2963,0,Active/Regular Products
78,441,5.653846153846154,2522,0,Active/Regular Products
164,834,5.085365853658536,2954,0,Active/Regular Products
289,2341,8.100346020761245,3148,2,High-Volume Products
147,1000,6.802721088435374,2642,0,Active/Regular Products
101,568,5.623762376237623,2496,0,Active/Regular Products
101,1047,10.366336633663366,2652,2,High-Volume Products
144,998,6.930555555555555,2719,0,Active/Regular Products
83,690,8.313253012048193,2318,0,Active/Regular Products
105,596,5.6761904761904765,2512,0,Active/Regular Products
88,308,3.5,1175,0,Active/Regular Products
239,1952,8.167364016736402,2710,2,High-Volume Products
34,640,18.823529411764707,1624,2,High-Volume Products
131,3098,23.64885496183206,2334,2,High-Volume Products
159,1703,10.71069182389937,2761,2,High-Volume Products
98,1262,12.877551020408164,2358,2,High-Volume Products
90,431,4.788888888888889,2846,0,Active/Regular Products
113,668,5.911504424778761,2619,0,Active/Regular Products
109,593,5.440366972477064,2715,0,Active/Regular Products
145,928,6.4,2776,0,Active/Regular Products
147,819,5.571428571428571,2876,0,Active/Regular Products
137,712,5.197080291970803,2825,0,Active/Regular Products
67,643,9.597014925373134,1771,0,Active/Regular Products
61,657,10.770491803278688,2087,0,Active/Regular Products
77,629,8.168831168831169,2463,0,Active/Regular Products
50,286,5.72,1877,0,Active/Regular Products
42,373,8.880952380952381,1851,0,Active/Regular Products
77,912,11.844155844155845,2185,2,High-Volume Products
44,481,10.931818181818182,1914,0,Active/Regular Products
104,552,5.307692307692308,2875,0,Active/Regular Products
107,579,5.411214953271028,2795,0,Active/Regular Products
137,1023,7.467153284671533,2885,0,Active/Regular Products
51,326,6.392156862745098,2623,0,Active/Regular Products
96,1561,16.260416666666668,2536,2,High-Volume Products
64,536,8.375,2202,0,Active/Regular Products
92,1887,20.51086956521739,2229,2,High-Volume Products
83,836,10.072289156626503,1780,2,High-Volume Products
158,2009,12.71518987341772,2659,2,High-Volume Products
125,932,7.456,2662,0,Active/Regular Products
53,243,4.584905660377358,1549,0,Active/Regular Products
301,1701,5.651162790697675,2940,2,High-Volume Products
48,196,4.083333333333333,1473,0,Active/Regular Products
331,4509,13.622356495468278,3030,2,High-Volume Products
267,1340,5.0187265917602994,2929,0,Active/Regular Products
1,69,69.0,0,1,Slow-Moving Products
85,290,3.411764705882353,2467,0,Active/Regular Products
100,417,4.17,2750,0,Active/Regular Products
178,405,2.2752808988764044,2977,0,Active/Regular Products
128,831,6.4921875,2967,0,Active/Regular Products
95,468,4.926315789473684,2797,0,Active/Regular Products
63,131,2.0793650793650795,1817,0,Active/Regular Products
99,149,1.505050505050505,2742,0,Active/Regular Products
155,299,1.929032258064516,2751,0,Active/Regular Products
131,927,7.076335877862595,2651,0,Active/Regular Products
120,870,7.25,2542,0,Active/Regular Products
115,1123,9.765217391304349,2583,2,High-Volume Products
80,794,9.925,2418,2,High-Volume Products
58,474,8.172413793103448,2096,0,Active/Regular Products
34,148,4.352941176470588,1997,0,Active/Regular Products
120,1289,10.741666666666667,2366,2,High-Volume Products
112,1136,10.142857142857142,2436,2,High-Volume Products
122,903,7.401639344262295,2588,0,Active/Regular Products
299,5457,18.25083612040134,3172,2,High-Volume Products
250,2789,11.156,3020,2,High-Volume Products
318,3140,9.874213836477988,3033,2,High-Volume Products
378,4164,11.015873015873016,3229,2,High-Volume Products
80,1379,17.2375,2704,2,High-Volume Products
196,1528,7.795918367346939,2932,2,High-Volume Products
252,2205,8.75,3044,2,High-Volume Products
212,2329,10.985849056603774,2476,2,High-Volume Products
261,2816,10.78927203065134,2654,2,High-Volume Products
61,761,12.475409836065571,2289,2,High-Volume Products
51,693,13.588235294117649,1992,2,High-Volume Products
111,1162,10.468468468468467,2352,2,High-Volume Products
74,770,10.405405405405403,2290,2,High-Volume Products
105,250,2.380952380952381,2906,0,Active/Regular Products
121,369,3.049586776859504,2872,0,Active/Regular Products
109,668,6.128440366972477,2914,0,Active/Regular Products
142,1132,7.971830985915493,2912,2,High-Volume Products
131,645,4.923664122137405,2816,0,Active/Regular Products
65,565,8.692307692307692,1949,0,Active/Regular Products
133,570,4.285714285714286,2862,0,Active/Regular Products
172,916,5.325581395348837,2944,0,Active/Regular Products
55,660,12.0,2341,2,High-Volume Products
89,286,3.213483146067416,2667,0,Active/Regular Products
142,462,3.2535211267605635,2808,0,Active/Regular Products
61,1322,21.672131147540984,1423,2,High-Volume Products
73,189,2.589041095890411,1613,0,Active/Regular Products
132,893,6.765151515151516,2900,0,Active/Regular Products
139,820,5.899280575539568,2778,0,Active/Regular Products
1,1,1.0,25,1,Slow-Moving Products
74,286,3.864864864864865,2781,0,Active/Regular Products
93,249,2.677419354838709,2384,0,Active/Regular Products
732,8535,11.65983606557377,3201,2,High-Volume Products
287,1167,4.066202090592334,3019,0,Active/Regular Products
581,6835,11.76419965576592,3133,2,High-Volume Products
238,1603,6.735294117647059,3060,2,High-Volume Products
183,1840,10.05464480874317,2783,2,High-Volume Products
148,1032,6.972972972972973,2237,0,Active/Regular Products
317,4492,14.170347003154577,2852,2,High-Volume Products
101,707,7.0,2053,0,Active/Regular Products
225,2380,10.577777777777778,3107,2,High-Volume Products
79,2381,30.139240506329116,2553,2,High-Volume Products
77,912,11.844155844155845,2673,2,High-Volume Products
180,4679,25.994444444444444,2885,2,High-Volume Products
83,2468,29.734939759036145,2548,2,High-Volume Products
128,1398,10.921875,2760,2,High-Volume Products
78,453,5.807692307692308,2602,0,Active/Regular Products
128,997,7.7890625,2903,0,Active/Regular Products
94,1974,21.0,2508,2,High-Volume Products
76,1225,16.11842105263158,2482,2,High-Volume Products
71,1117,15.732394366197184,2451,2,High-Volume Products
59,1034,17.52542372881356,2319,2,High-Volume Products
358,4084,11.40782122905028,3183,2,High-Volume Products
131,1366,10.427480916030534,2550,2,High-Volume Products
120,1410,11.75,2694,2,High-Volume Products
2,13,6.5,716,3,Low-Movement Products
482,3088,6.406639004149378,3223,2,High-Volume Products
24,60,2.5,754,3,Low-Movement Products
83,750,9.036144578313252,2321,0,Active/Regular Products
882,18124,20.54875283446712,3378,2,High-Volume Products
742,9716,13.09433962264151,3340,2,High-Volume Products
180,468,2.6,3027,0,Active/Regular Products
255,698,2.7372549019607844,3104,0,Active/Regular Products
81,183,2.259259259259259,2605,0,Active/Regular Products
214,1010,4.719626168224299,2999,0,Active/Regular Products
268,727,2.712686567164179,3211,0,Active/Regular Products
133,408,3.0676691729323307,2952,0,Active/Regular Products
81,480,5.925925925925926,2696,0,Active/Regular Products
164,616,3.7560975609756095,3050,0,Active/Regular Products
179,789,4.407821229050279,2771,0,Active/Regular Products
220,800,3.636363636363636,2842,0,Active/Regular Products
550,3749,6.816363636363636,3202,2,High-Volume Products
392,1086,2.770408163265306,3328,0,Active/Regular Products
147,279,1.8979591836734693,2986,0,Active/Regular Products
223,546,2.4484304932735426,3095,0,Active/Regular Products
167,346,2.07185628742515,3099,0,Active/Regular Products
122,252,2.065573770491804,2916,0,Active/Regular Products
207,1330,6.42512077294686,2943,0,Active/Regular Products
293,2283,7.791808873720137,3165,2,High-Volume Products
748,6896,9.219251336898395,3345,2,High-Volume Products
285,1312,4.603508771929825,3059,0,Active/Regular Products
469,3439,7.332622601279318,3118,2,High-Volume Products
1157,10427,9.012100259291271,3339,2,High-Volume Products
1285,12518,9.741634241245135,3452,2,High-Volume Products
1090,10487,9.621100917431193,3337,2,High-Volume Products
686,8666,12.63265306122449,3218,2,High-Volume Products
1218,21448,17.60919540229885,3354,2,High-Volume Products
45,338,7.511111111111111,2054,0,Active/Regular Products
36,266,7.388888888888889,1962,0,Active/Regular Products
29,158,5.448275862068965,1972,0,Active/Regular Products
71,510,7.183098591549296,2593,0,Active/Regular Products
23,168,7.304347826086956,1672,0,Active/Regular Products
33,152,4.606060606060606,2330,0,Active/Regular Products
128,1226,9.578125,2746,2,High-Volume Products
248,2575,10.383064516129032,2709,2,High-Volume Products
98,1152,11.755102040816327,2146,2,High-Volume Products
150,1393,9.286666666666669,2380,2,High-Volume Products
151,1719,11.3841059602649,2374,2,High-Volume Products
125,1322,10.576,2767,2,High-Volume Products
70,372,5.314285714285714,2555,0,Active/Regular Products
84,346,4.119047619047619,2615,0,Active/Regular Products
24,94,3.9166666666666665,1302,3,Low-Movement Products
29,145,5.0,1963,0,Active/Regular Products
57,228,4.0,2068,0,Active/Regular Products
58,237,4.086206896551724,2211,0,Active/Regular Products
1175,12574,10.70127659574468,3428,2,High-Volume Products
147,911,6.197278911564626,2559,0,Active/Regular Products
412,3774,9.16019417475728,3111,2,High-Volume Products
95,279,2.9368421052631577,2294,0,Active/Regular Products
13,19,1.4615384615384617,399,3,Low-Movement Products
76,868,11.421052631578949,2313,2,High-Volume Products
520,8420,16.192307692307693,3156,2,High-Volume Products
318,6564,20.641509433962263,3038,2,High-Volume Products
272,3338,12.272058823529411,3169,2,High-Volume Products
126,1333,10.57936507936508,2869,2,High-Volume Products
213,2597,12.192488262910798,3084,2,High-Volume Products
205,1273,6.209756097560976,3168,0,Active/Regular Products
1988,13851,6.967303822937626,3537,2,High-Volume Products
454,873,1.922907488986784,3143,0,Active/Regular Products
166,460,2.7710843373493974,2689,0,Active/Regular Products
208,742,3.5673076923076925,2606,0,Active/Regular Products
506,2106,4.16205533596838,2949,0,Active/Regular Products
114,246,2.1578947368421053,2559,0,Active/Regular Products
376,1262,3.356382978723404,3125,0,Active/Regular Products
195,617,3.164102564102564,2599,0,Active/Regular Products
334,2058,6.161676646706587,2960,2,High-Volume Products
277,1716,6.194945848375451,2771,2,High-Volume Products
227,1394,6.140969162995595,2704,0,Active/Regular Products
124,793,6.395161290322581,2437,0,Active/Regular Products
266,2757,10.364661654135338,2968,2,High-Volume Products
163,2134,13.0920245398773,2413,2,High-Volume Products
226,2828,12.513274336283184,2891,2,High-Volume Products
98,1009,10.29591836734694,2567,2,High-Volume Products
197,1898,9.634517766497462,2908,2,High-Volume Products
154,6010,39.02597402597402,2408,2,High-Volume Products
219,1047,4.780821917808219,3063,0,Active/Regular Products
78,296,3.7948717948717943,1964,0,Active/Regular Products
90,164,1.8222222222222224,2030,0,Active/Regular Products
57,838,14.701754385964913,2170,2,High-Volume Products
130,534,4.107692307692307,2814,0,Active/Regular Products
133,439,3.300751879699248,2854,0,Active/Regular Products
45,137,3.0444444444444443,2292,0,Active/Regular Products
45,201,4.466666666666667,2132,0,Active/Regular Products
143,491,3.4335664335664338,2712,0,Active/Regular Products
58,194,3.3448275862068964,1678,0,Active/Regular Products
51,222,4.352941176470588,1894,0,Active/Regular Products
144,722,5.013888888888889,2800,0,Active/Regular Products
78,442,5.666666666666667,2517,0,Active/Regular Products
41,266,6.487804878048781,1444,0,Active/Regular Products
476,1727,3.6281512605042017,3126,0,Active/Regular Products
1249,9119,7.301040832666133,3508,2,High-Volume Products
23,523,22.73913043478261,1579,2,High-Volume Products
25,386,15.44,1739,0,Active/Regular Products
211,2546,12.066350710900474,2958,2,High-Volume Products
53,239,4.509433962264151,1924,0,Active/Regular Products
351,3402,9.692307692307692,3145,2,High-Volume Products
198,2053,10.368686868686869,2885,2,High-Volume Products
209,3069,14.68421052631579,2937,2,High-Volume Products
681,7926,11.638766519823788,3367,2,High-Volume Products
153,517,3.379084967320261,2721,0,Active/Regular Products
1201,17963,14.956702747710242,3522,2,High-Volume Products
925,9887,10.688648648648648,3395,2,High-Volume Products
105,419,3.9904761904761914,2782,0,Active/Regular Products
107,320,2.9906542056074765,2708,0,Active/Regular Products
112,503,4.491071428571429,2649,0,Active/Regular Products
132,303,2.2954545454545454,2744,0,Active/Regular Products
138,313,2.2681159420289854,2685,0,Active/Regular Products
125,880,7.04,2834,0,Active/Regular Products
127,1364,10.74015748031496,2882,2,High-Volume Products
140,1537,10.978571428571428,2916,2,High-Volume Products
98,1139,11.622448979591836,2727,2,High-Volume Products
73,630,8.63013698630137,1713,0,Active/Regular Products
128,825,6.4453125,2789,0,Active/Regular Products
53,478,9.0188679245283,1173,0,Active/Regular Products
169,770,4.556213017751479,2888,0,Active/Regular Products
208,526,2.5288461538461537,2718,0,Active/Regular Products
25,71,2.84,1930,3,Low-Movement Products
429,784,1.827505827505828,3051,0,Active/Regular Products
415,3195,7.698795180722891,3156,2,High-Volume Products
443,9719,21.93905191873589,3209,2,High-Volume Products
219,3947,18.022831050228312,2600,2,High-Volume Products
380,26633,70.08684210526316,2917,2,High-Volume Products
220,2461,11.186363636363636,2836,2,High-Volume Products
245,1088,4.440816326530612,3141,0,Active/Regular Products
98,282,2.877551020408163,2809,0,Active/Regular Products
79,253,3.2025316455696204,2241,0,Active/Regular Products
100,224,2.24,2649,0,Active/Regular Products
150,333,2.22,2711,0,Active/Regular Products
407,2091,5.137592137592137,2964,2,High-Volume Products
96,248,2.583333333333333,2343,0,Active/Regular Products
445,1602,3.6,2980,0,Active/Regular Products
463,1937,4.183585313174946,2973,0,Active/Regular Products
34,99,2.911764705882353,2043,0,Active/Regular Products
68,247,3.632352941176471,2171,0,Active/Regular Products
311,1457,4.684887459807074,3074,0,Active/Regular Products
459,2960,6.44880174291939,3167,2,High-Volume Products
296,1594,5.385135135135135,3046,0,Active/Regular Products
86,209,2.4302325581395348,1989,0,Active/Regular Products
42,210,5.0,1070,0,Active/Regular Products
54,251,4.648148148148148,1937,0,Active/Regular Products
37,122,3.2972972972972974,1662,0,Active/Regular Products
67,152,2.2686567164179103,2097,0,Active/Regular Products
99,302,3.0505050505050506,2454,0,Active/Regular Products
84,266,3.1666666666666665,2394,0,Active/Regular Products
62,206,3.3225806451612905,2349,0,Active/Regular Products
69,199,2.8840579710144927,2308,0,Active/Regular Products
81,363,4.481481481481482,1365,0,Active/Regular Products
88,411,4.670454545454546,1835,0,Active/Regular Products
113,719,6.36283185840708,1750,0,Active/Regular Products
104,609,5.855769230769231,1874,0,Active/Regular Products
128,930,7.265625,1973,0,Active/Regular Products
135,864,6.4,2491,0,Active/Regular Products
81,642,7.925925925925926,1604,0,Active/Regular Products
74,489,6.608108108108108,1924,0,Active/Regular Products
79,125,1.5822784810126582,2112,0,Active/Regular Products
1,1,1.0,147,1,Slow-Moving Products
70,851,12.157142857142857,2098,2,High-Volume Products
233,3628,15.570815450643776,2948,2,High-Volume Products
200,3382,16.91,2825,2,High-Volume Products
73,1072,14.684931506849315,2167,2,High-Volume Products
88,1782,20.25,2370,2,High-Volume Products
261,4496,17.226053639846743,3022,2,High-Volume Products
134,1763,13.156716417910449,2687,2,High-Volume Products
156,4752,30.46153846153846,2572,2,High-Volume Products
171,1929,11.280701754385966,2698,2,High-Volume Products
40,402,10.05,2199,0,Active/Regular Products
136,2918,21.455882352941178,2951,2,High-Volume Products
91,2519,27.68131868131868,2503,2,High-Volume Products
35,503,14.371428571428572,2169,2,High-Volume Products
55,1453,26.418181818181814,2310,2,High-Volume Products
175,4518,25.81714285714286,2993,2,High-Volume Products
75,1142,15.226666666666668,2607,2,High-Volume Products
86,2103,24.453488372093023,2672,2,High-Volume Products
101,809,8.009900990099009,2823,0,Active/Regular Products
209,1975,9.44976076555024,2896,2,High-Volume Products
356,3188,8.955056179775282,3195,2,High-Volume Products
217,1162,5.354838709677419,3035,0,Active/Regular Products
673,8074,11.99702823179792,3256,2,High-Volume Products
560,4242,7.575,3312,2,High-Volume Products
704,7803,11.083806818181818,3291,2,High-Volume Products
515,6010,11.669902912621358,3104,2,High-Volume Products
571,6113,10.705779334500876,3106,2,High-Volume Products
566,4712,8.325088339222615,3296,2,High-Volume Products
772,8676,11.238341968911918,3348,2,High-Volume Products
81,505,6.234567901234568,2669,0,Active/Regular Products
389,8144,20.93573264781491,3110,2,High-Volume Products
433,5883,13.58660508083141,2969,2,High-Volume Products
211,1413,6.696682464454977,2748,2,High-Volume Products
281,2823,10.04626334519573,2830,2,High-Volume Products
186,2697,14.5,2654,2,High-Volume Products
148,933,6.304054054054054,2856,0,Active/Regular Products
150,873,5.82,2786,0,Active/Regular Products
222,2448,11.027027027027026,3012,2,High-Volume Products
470,3373,7.176595744680851,3099,2,High-Volume Products
348,2759,7.92816091954023,2911,2,High-Volume Products
386,3086,7.994818652849741,2964,2,High-Volume Products
254,2434,9.582677165354331,3076,2,High-Volume Products
179,1380,7.709497206703911,2960,2,High-Volume Products
221,2684,12.144796380090495,3036,2,High-Volume Products
222,2333,10.50900900900901,3028,2,High-Volume Products
90,636,7.066666666666666,2384,0,Active/Regular Products
173,1538,8.890173410404625,2906,2,High-Volume Products
538,10608,19.71747211895911,3172,2,High-Volume Products
512,10460,20.4296875,3075,2,High-Volume Products
338,5167,15.28698224852071,2987,2,High-Volume Products
246,1311,5.329268292682927,2909,0,Active/Regular Products
177,1569,8.864406779661017,2920,2,High-Volume Products
102,1061,10.401960784313726,2654,2,High-Volume Products
111,573,5.162162162162162,2775,0,Active/Regular Products
196,2330,11.887755102040815,2919,2,High-Volume Products
395,6221,15.749367088607595,3169,2,High-Volume Products
161,856,5.316770186335404,2912,0,Active/Regular Products
161,918,5.701863354037267,2875,0,Active/Regular Products
175,684,3.908571428571429,2974,0,Active/Regular Products
79,379,4.79746835443038,2653,0,Active/Regular Products
86,413,4.8023255813953485,2312,0,Active/Regular Products
135,658,4.874074074074074,2739,0,Active/Regular Products
198,2263,11.429292929292927,2975,2,High-Volume Products
196,2006,10.23469387755102,3024,2,High-Volume Products
467,6788,14.535331905781584,3224,2,High-Volume Products
262,3476,13.267175572519085,2636,2,High-Volume Products
186,2821,15.166666666666666,2989,2,High-Volume Products
95,990,10.421052631578949,2606,2,High-Volume Products
123,1953,15.878048780487806,2645,2,High-Volume Products
193,1698,8.797927461139896,3011,2,High-Volume Products
200,2479,12.395,3000,2,High-Volume Products
273,2215,8.113553113553113,3137,2,High-Volume Products
171,1387,8.11111111111111,3008,2,High-Volume Products
125,1251,10.008,2508,2,High-Volume Products
299,782,2.6153846153846154,2982,0,Active/Regular Products
142,313,2.204225352112676,1903,0,Active/Regular Products
358,1327,3.706703910614525,2933,0,Active/Regular Products
144,5211,36.1875,2833,2,High-Volume Products
155,5874,37.89677419354839,2769,2,High-Volume Products
216,9572,44.31481481481482,2777,2,High-Volume Products
46,225,4.891304347826087,1530,0,Active/Regular Products
145,1538,10.606896551724136,2634,2,High-Volume Products
219,3032,13.844748858447488,2973,2,High-Volume Products
102,2073,20.323529411764707,2708,2,High-Volume Products
512,26119,51.013671875,3319,2,High-Volume Products
464,2209,4.760775862068965,2946,2,High-Volume Products
28,69,2.4642857142857144,863,3,Low-Movement Products
443,2480,5.598194130925508,3252,2,High-Volume Products
483,4889,10.122153209109731,3266,2,High-Volume Products
609,6148,10.095238095238097,3282,2,High-Volume Products
267,1342,5.02621722846442,2753,0,Active/Regular Products
235,937,3.987234042553192,2754,0,Active/Regular Products
711,1883,2.648382559774965,3250,0,Active/Regular Products
546,1620,2.967032967032967,3237,0,Active/Regular Products
199,517,2.597989949748744,2619,0,Active/Regular Products
357,852,2.3865546218487395,3040,0,Active/Regular Products
190,965,5.078947368421052,2903,0,Active/Regular Products
900,14249,15.832222222222224,3353,2,High-Volume Products
850,11780,13.858823529411763,3385,2,High-Volume Products
396,3677,9.285353535353536,3096,2,High-Volume Products
392,4468,11.39795918367347,2907,2,High-Volume Products
479,4851,10.127348643006265,2960,2,High-Volume Products
222,763,3.436936936936937,2580,0,Active/Regular Products
194,681,3.5103092783505154,2509,0,Active/Regular Products
198,595,3.005050505050505,2577,0,Active/Regular Products
329,2760,8.389057750759878,3016,2,High-Volume Products
52,300,5.769230769230769,2255,0,Active/Regular Products
148,805,5.4391891891891895,2743,0,Active/Regular Products
57,237,4.157894736842105,2341,0,Active/Regular Products
37,139,3.756756756756757,2185,0,Active/Regular Products
51,269,5.2745098039215685,2085,0,Active/Regular Products
48,238,4.958333333333333,2335,0,Active/Regular Products
276,2214,8.021739130434783,3015,2,High-Volume Products
351,2354,6.706552706552706,3148,2,High-Volume Products
390,4160,10.666666666666666,3119,2,High-Volume Products
45,732,16.266666666666666,1930,2,High-Volume Products
200,795,3.975,2722,0,Active/Regular Products
143,851,5.951048951048951,2800,0,Active/Regular Products
170,2166,12.741176470588234,3090,2,High-Volume Products
467,5091,10.901498929336189,2956,2,High-Volume Products
250,1876,7.504,3062,2,High-Volume Products
328,1411,4.301829268292683,3171,0,Active/Regular Products
38,60,1.5789473684210529,642,3,Low-Movement Products
20,26,1.3,339,3,Low-Movement Products
707,11504,16.27157001414427,3365,2,High-Volume Products
102,364,3.5686274509803924,2521,0,Active/Regular Products
415,5194,12.51566265060241,3082,2,High-Volume Products
682,6706,9.832844574780058,3218,2,High-Volume Products
450,3419,7.597777777777778,3148,2,High-Volume Products
162,713,4.401234567901234,2929,0,Active/Regular Products
356,1516,4.258426966292135,3076,0,Active/Regular Products
1111,8269,7.442844284428443,3501,2,High-Volume Products
464,2882,6.211206896551724,2859,2,High-Volume Products
345,2179,6.315942028985507,3066,2,High-Volume Products
234,1128,4.82051282051282,3033,0,Active/Regular Products
301,1882,6.25249169435216,3095,2,High-Volume Products
144,962,6.680555555555555,2794,0,Active/Regular Products
219,1476,6.739726027397261,2923,2,High-Volume Products
131,791,6.038167938931298,2576,0,Active/Regular Products
187,1346,7.197860962566845,2838,2,High-Volume Products
164,1240,7.560975609756097,2815,2,High-Volume Products
199,1155,5.8040201005025125,2837,0,Active/Regular Products
188,1001,5.324468085106383,2735,0,Active/Regular Products
160,843,5.26875,2859,0,Active/Regular Products
152,740,4.868421052631579,2695,0,Active/Regular Products
153,842,5.503267973856209,2684,0,Active/Regular Products
126,710,5.634920634920635,2581,0,Active/Regular Products
113,677,5.991150442477876,2394,0,Active/Regular Products
119,644,5.411764705882353,2571,0,Active/Regular Products
98,531,5.418367346938775,2477,0,Active/Regular Products
99,594,6.0,2260,0,Active/Regular Products
158,993,6.284810126582278,2771,0,Active/Regular Products
52,590,11.346153846153848,2199,0,Active/Regular Products
32,705,22.03125,1056,2,High-Volume Products
146,673,4.609589041095891,2697,0,Active/Regular Products
285,1619,5.680701754385965,2632,0,Active/Regular Products
120,371,3.091666666666667,2306,0,Active/Regular Products
443,1522,3.435665914221219,3082,0,Active/Regular Products
305,16244,53.25901639344262,2915,2,High-Volume Products
405,1842,4.548148148148148,3234,0,Active/Regular Products
123,741,6.024390243902439,2782,0,Active/Regular Products
151,729,4.827814569536423,2727,0,Active/Regular Products
1013,7278,7.184600197433366,3469,2,High-Volume Products
765,5788,7.566013071895425,3242,2,High-Volume Products
1065,9864,9.261971830985916,3438,2,High-Volume Products
52,1196,23.0,1440,2,High-Volume Products
115,549,4.773913043478261,2874,0,Active/Regular Products
49,1363,27.816326530612244,1933,2,High-Volume Products
123,360,2.926829268292683,2838,0,Active/Regular Products
174,5253,30.189655172413797,1704,2,High-Volume Products
77,1883,24.454545454545453,1404,2,High-Volume Products
71,2057,28.97183098591549,1232,2,High-Volume Products
49,1257,25.6530612244898,869,2,High-Volume Products
100,2800,28.0,1568,2,High-Volume Products
39,1325,33.97435897435897,959,2,High-Volume Products
104,4501,43.27884615384615,1468,2,High-Volume Products
103,2902,28.1747572815534,1428,2,High-Volume Products
312,4435,14.21474358974359,3072,2,High-Volume Products
217,3441,15.857142857142858,3024,2,High-Volume Products
225,3487,15.497777777777776,2996,2,High-Volume Products
130,1543,11.86923076923077,2502,2,High-Volume Products
288,3201,11.114583333333334,3047,2,High-Volume Products
131,1229,9.381679389312977,2793,2,High-Volume Products
168,1633,9.720238095238097,2854,2,High-Volume Products
109,620,5.6880733944954125,2165,0,Active/Regular Products
1385,7483,5.4028880866426,3432,2,High-Volume Products
297,1020,3.4343434343434343,2978,0,Active/Regular Products
834,5966,7.15347721822542,3324,2,High-Volume Products
295,1164,3.945762711864407,3039,0,Active/Regular Products
428,1980,4.626168224299065,3071,0,Active/Regular Products
980,6419,6.55,3341,2,High-Volume Products
1051,7800,7.421503330161751,3320,2,High-Volume Products
783,5356,6.840357598978288,3314,2,High-Volume Products
445,2323,5.220224719101124,2903,2,High-Volume Products
570,2885,5.06140350877193,3122,2,High-Volume Products
143,1172,8.195804195804195,2618,2,High-Volume Products
188,1645,8.75,2834,2,High-Volume Products
197,1583,8.035532994923859,2721,2,High-Volume Products
422,3261,7.727488151658767,2895,2,High-Volume Products
136,741,5.448529411764706,2726,0,Active/Regular Products
223,1222,5.479820627802691,2941,0,Active/Regular Products
259,1388,5.359073359073359,2991,0,Active/Regular Products
275,2173,7.901818181818181,3058,2,High-Volume Products
318,1818,5.716981132075472,3174,2,High-Volume Products
170,6842,40.24705882352941,2665,2,High-Volume Products
233,8547,36.6824034334764,3037,2,High-Volume Products
101,639,6.326732673267327,2534,0,Active/Regular Products
206,930,4.514563106796117,3042,0,Active/Regular Products
172,867,5.040697674418604,2843,0,Active/Regular Products
423,2021,4.777777777777778,3195,0,Active/Regular Products
328,1447,4.411585365853658,3094,0,Active/Regular Products
227,954,4.202643171806168,2868,0,Active/Regular Products
436,2117,4.855504587155964,3172,2,High-Volume Products
449,2362,5.260579064587973,3105,2,High-Volume Products
413,2001,4.845036319612591,3055,0,Active/Regular Products
290,1563,5.389655172413793,2978,0,Active/Regular Products
380,1787,4.7026315789473685,3179,0,Active/Regular Products
217,1010,4.654377880184332,3075,0,Active/Regular Products
266,1951,7.334586466165414,3170,2,High-Volume Products
251,1687,6.721115537848606,3110,2,High-Volume Products
123,599,4.869918699186992,2782,0,Active/Regular Products
163,1096,6.723926380368098,3053,0,Active/Regular Products
178,1195,6.713483146067416,3014,0,Active/Regular Products
422,5435,12.87914691943128,3224,2,High-Volume Products
80,275,3.4375,2105,0,Active/Regular Products
26,36,1.3846153846153846,899,3,Low-Movement Products
112,171,1.5267857142857142,2418,0,Active/Regular Products
108,206,1.9074074074074077,2576,0,Active/Regular Products
3,5,1.6666666666666667,242,1,Slow-Moving Products
5,27,5.4,945,3,Low-Movement Products
504,3267,6.482142857142857,3168,2,High-Volume Products
218,774,3.55045871559633,2514,0,Active/Regular Products
260,867,3.3346153846153848,2895,0,Active/Regular Products
8,11,1.375,1320,3,Low-Movement Products
62,94,1.5161290322580645,1695,3,Low-Movement Products
441,6539,14.82766439909297,3200,2,High-Volume Products
254,3793,14.933070866141732,2876,2,High-Volume Products
191,2075,10.86387434554974,2832,2,High-Volume Products
140,2254,16.1,2768,2,High-Volume Products
237,3105,13.10126582278481,2917,2,High-Volume Products
536,1244,2.32089552238806,3068,0,Active/Regular Products
58,352,6.068965517241379,1950,0,Active/Regular Products
143,808,5.65034965034965,2548,0,Active/Regular Products
149,1537,10.31543624161074,1786,2,High-Volume Products
132,1346,10.196969696969695,1724,2,High-Volume Products
232,621,2.6767241379310347,3042,0,Active/Regular Products
74,241,3.256756756756757,1381,0,Active/Regular Products
33,463,14.030303030303031,688,0,Active/Regular Products
299,1272,4.254180602006689,2961,0,Active/Regular Products
74,245,3.310810810810811,2582,0,Active/Regular Products
47,123,2.617021276595745,1820,0,Active/Regular Products
60,220,3.6666666666666665,1897,0,Active/Regular Products
138,844,6.115942028985507,2481,0,Active/Regular Products
345,7955,23.057971014492757,3136,2,High-Volume Products
206,2785,13.519417475728156,3087,2,High-Volume Products
182,326,1.7912087912087913,2528,0,Active/Regular Products
368,1211,3.2907608695652173,3162,0,Active/Regular Products
232,582,2.5086206896551726,2758,0,Active/Regular Products
91,163,1.7912087912087913,2279,0,Active/Regular Products
267,1798,6.734082397003745,3076,2,High-Volume Products
89,207,2.3258426966292136,1886,0,Active/Regular Products
203,870,4.285714285714286,3009,0,Active/Regular Products
220,1027,4.668181818181818,3023,0,Active/Regular Products
49,87,1.7755102040816326,1544,3,Low-Movement Products
31,54,1.7419354838709675,1084,3,Low-Movement Products
474,3131,6.605485232067511,3218,2,High-Volume Products
195,1890,9.692307692307692,2883,2,High-Volume Products
38,260,6.842105263157895,1718,0,Active/Regular Products
195,818,4.194871794871795,3046,0,Active/Regular Products
75,345,4.6,2267,0,Active/Regular Products
204,1240,6.078431372549019,2787,0,Active/Regular Products
165,944,5.721212121212122,2810,0,Active/Regular Products
108,881,8.157407407407407,2915,0,Active/Regular Products
185,1725,9.324324324324325,2930,2,High-Volume Products
218,2372,10.880733944954128,3003,2,High-Volume Products
235,2129,9.059574468085106,3087,2,High-Volume Products
268,2628,9.805970149253731,3126,2,High-Volume Products
266,3987,14.98872180451128,3094,2,High-Volume Products
290,2639,9.1,3173,2,High-Volume Products
244,3633,14.88934426229508,3034,2,High-Volume Products
270,2608,9.65925925925926,3090,2,High-Volume Products
77,940,12.207792207792208,2459,2,High-Volume Products
139,1171,8.424460431654676,2929,2,High-Volume Products
158,433,2.740506329113924,2436,0,Active/Regular Products
13,24,1.8461538461538465,493,3,Low-Movement Products
43,55,1.2790697674418603,1152,3,Low-Movement Products
28,73,2.607142857142857,1049,3,Low-Movement Products
41,58,1.4146341463414631,596,3,Low-Movement Products
26,35,1.3461538461538465,460,3,Low-Movement Products
7,10,1.4285714285714286,181,1,Slow-Moving Products
109,227,2.0825688073394497,2151,0,Active/Regular Products
6,131,21.83333333333333,176,1,Slow-Moving Products
121,706,5.8347107438016526,2465,0,Active/Regular Products
76,162,2.131578947368421,2224,0,Active/Regular Products
5,76,15.2,403,3,Low-Movement Products
368,4941,13.42663043478261,3162,2,High-Volume Products
657,3441,5.237442922374429,3287,2,High-Volume Products
178,1173,6.589887640449438,2572,0,Active/Regular Products
168,689,4.101190476190476,2399,0,Active/Regular Products
201,445,2.2139303482587063,2906,0,Active/Regular Products
271,913,3.3690036900369003,2756,0,Active/Regular Products
213,529,2.483568075117371,2671,0,Active/Regular Products
162,589,3.635802469135802,2435,0,Active/Regular Products
126,450,3.571428571428572,2151,0,Active/Regular Products
416,1003,2.4110576923076925,3029,0,Active/Regular Products
316,802,2.537974683544304,2973,0,Active/Regular Products
278,665,2.392086330935252,2703,0,Active/Regular Products
376,905,2.4069148936170213,2787,0,Active/Regular Products
128,323,2.5234375,2152,0,Active/Regular Products
129,323,2.503875968992248,1829,0,Active/Regular Products
350,2741,7.831428571428572,3092,2,High-Volume Products
125,390,3.12,2225,0,Active/Regular Products
116,472,4.068965517241379,2193,0,Active/Regular Products
161,767,4.763975155279503,2336,0,Active/Regular Products
237,2642,11.147679324894517,2689,2,High-Volume Products
27,569,21.074074074074076,1228,2,High-Volume Products
61,1145,18.770491803278688,1463,2,High-Volume Products
136,1126,8.279411764705882,1994,2,High-Volume Products
158,1203,7.613924050632911,2313,2,High-Volume Products
107,589,5.5046728971962615,1833,0,Active/Regular Products
50,305,6.1,1429,0,Active/Regular Products
66,171,2.590909090909091,2122,0,Active/Regular Products
110,719,6.536363636363636,2261,0,Active/Regular Products
654,8439,12.903669724770642,3189,2,High-Volume Products
548,6611,12.063868613138686,3167,2,High-Volume Products
554,6433,11.611913357400722,3240,2,High-Volume Products
20,63,3.15,1611,3,Low-Movement Products
44,96,2.1818181818181817,2148,0,Active/Regular Products
39,93,2.3846153846153846,2124,0,Active/Regular Products
25,67,2.68,1507,3,Low-Movement Products
30,72,2.4,1873,3,Low-Movement Products
26,60,2.3076923076923075,1660,3,Low-Movement Products
21,65,3.095238095238096,1507,3,Low-Movement Products
25,63,2.52,1867,3,Low-Movement Products
20,61,3.05,1721,3,Low-Movement Products
19,63,3.3157894736842106,1118,3,Low-Movement Products
33,75,2.272727272727273,2080,3,Low-Movement Products
16,70,4.375,1332,3,Low-Movement Products
32,97,3.03125,2086,0,Active/Regular Products
34,102,3.0,2058,0,Active/Regular Products
42,108,2.571428571428572,2339,0,Active/Regular Products
32,100,3.125,2230,0,Active/Regular Products
36,99,2.75,2086,0,Active/Regular Products
28,96,3.4285714285714284,2094,0,Active/Regular Products
25,87,3.48,1599,3,Low-Movement Products
23,78,3.391304347826087,1596,3,Low-Movement Products
21,76,3.619047619047619,1808,3,Low-Movement Products
33,169,5.121212121212121,2236,0,Active/Regular Products
165,385,2.333333333333333,2790,0,Active/Regular Products
168,420,2.5,2933,0,Active/Regular Products
199,2472,12.42211055276382,2002,2,High-Volume Products
142,1872,13.183098591549296,2956,2,High-Volume Products
122,305,2.5,1895,0,Active/Regular Products
284,2058,7.246478873239437,3020,2,High-Volume Products
288,1584,5.5,2905,0,Active/Regular Products
211,1350,6.398104265402844,2854,0,Active/Regular Products
365,2414,6.613698630136986,2942,2,High-Volume Products
313,2069,6.610223642172524,3023,2,High-Volume Products
533,4907,9.206378986866792,3257,2,High-Volume Products
136,1288,9.470588235294118,2772,2,High-Volume Products
59,193,3.2711864406779663,2611,0,Active/Regular Products
271,1834,6.767527675276753,2992,2,High-Volume Products
110,581,5.281818181818182,2777,0,Active/Regular Products
251,1733,6.904382470119522,3079,2,High-Volume Products
670,6573,9.81044776119403,3304,2,High-Volume Products
375,4380,11.68,3068,2,High-Volume Products
610,8976,14.714754098360656,3227,2,High-Volume Products
820,10594,12.919512195121952,3232,2,High-Volume Products
94,463,4.925531914893617,2268,0,Active/Regular Products
100,287,2.87,2370,0,Active/Regular Products
112,352,3.142857142857143,2485,0,Active/Regular Products
154,467,3.0324675324675323,2768,0,Active/Regular Products
184,3152,17.130434782608695,2964,2,High-Volume Products
237,1905,8.037974683544304,3010,2,High-Volume Products
240,1937,8.070833333333333,3018,2,High-Volume Products
238,1869,7.852941176470588,3009,2,High-Volume Products
240,1753,7.304166666666666,2987,2,High-Volume Products
242,3423,14.144628099173554,2982,2,High-Volume Products
209,1716,8.210526315789474,2925,2,High-Volume Products
102,1587,15.558823529411764,2392,2,High-Volume Products
80,1360,17.0,1878,2,High-Volume Products
87,1295,14.885057471264368,2525,2,High-Volume Products
182,449,2.467032967032967,2540,0,Active/Regular Products
195,594,3.046153846153846,2258,0,Active/Regular Products
148,430,2.9054054054054053,2460,0,Active/Regular Products
115,288,2.5043478260869567,2682,0,Active/Regular Products
13,19,1.4615384615384617,581,3,Low-Movement Products
189,1108,5.862433862433862,2844,0,Active/Regular Products
129,813,6.3023255813953485,2627,0,Active/Regular Products
72,884,12.27777777777778,2154,2,High-Volume Products
122,940,7.704918032786885,2356,0,Active/Regular Products
78,589,7.551282051282051,1786,0,Active/Regular Products
65,690,10.615384615384617,2196,0,Active/Regular Products
50,279,5.58,2311,0,Active/Regular Products
160,972,6.075,2729,0,Active/Regular Products
186,2367,12.725806451612904,2502,2,High-Volume Products
125,469,3.752,2523,0,Active/Regular Products
321,1915,5.965732087227415,2912,2,High-Volume Products
311,1670,5.369774919614148,2994,0,Active/Regular Products
152,608,4.0,2570,0,Active/Regular Products
209,1355,6.483253588516747,2884,0,Active/Regular Products
111,3375,30.405405405405407,2697,2,High-Volume Products
172,2991,17.38953488372093,2864,2,High-Volume Products
137,453,3.3065693430656933,2602,0,Active/Regular Products
137,746,5.445255474452555,2348,0,Active/Regular Products
136,1599,11.757352941176473,2948,2,High-Volume Products
105,956,9.104761904761904,2528,2,High-Volume Products
185,5209,28.15675675675676,2228,2,High-Volume Products
437,7481,17.11899313501144,3251,2,High-Volume Products
619,16056,25.93861066235864,3257,2,High-Volume Products
98,502,5.122448979591836,2423,0,Active/Regular Products
40,197,4.925,1876,0,Active/Regular Products
134,1040,7.761194029850746,2759,0,Active/Regular Products
198,2050,10.353535353535351,2871,2,High-Volume Products
214,1775,8.294392523364486,1983,2,High-Volume Products
142,4901,34.514084507042256,1704,2,High-Volume Products
1132,8695,7.681095406360424,3433,2,High-Volume Products
1162,16396,14.110154905335628,3475,2,High-Volume Products
342,3896,11.391812865497077,3132,2,High-Volume Products
307,3290,10.716612377850163,3147,2,High-Volume Products
378,2624,6.941798941798941,3133,2,High-Volume Products
236,1371,5.809322033898305,2847,0,Active/Regular Products
670,7440,11.1044776119403,3343,2,High-Volume Products
138,1171,8.485507246376812,1556,2,High-Volume Products
189,794,4.201058201058201,2937,0,Active/Regular Products
646,12520,19.38080495356037,3305,2,High-Volume Products
317,4334,13.67192429022082,2830,2,High-Volume Products
272,2431,8.9375,2824,2,High-Volume Products
229,1795,7.838427947598253,3014,2,High-Volume Products
144,1255,8.715277777777779,2773,2,High-Volume Products
204,1598,7.833333333333333,2979,2,High-Volume Products
186,1204,6.473118279569892,2915,0,Active/Regular Products
143,1066,7.454545454545454,2825,0,Active/Regular Products
135,950,7.037037037037037,2710,0,Active/Regular Products
238,2464,10.352941176470589,2742,2,High-Volume Products
381,4090,10.73490813648294,3046,2,High-Volume Products
291,2363,8.120274914089347,2915,2,High-Volume Products
105,471,4.485714285714286,2551,0,Active/Regular Products
212,1154,5.443396226415095,2919,0,Active/Regular Products
443,5290,11.941309255079007,3209,2,High-Volume Products
163,2693,16.521472392638035,2724,2,High-Volume Products
99,3782,38.2020202020202,1386,2,High-Volume Products
155,4105,26.483870967741936,1922,2,High-Volume Products
5,102,20.4,125,1,Slow-Moving Products
418,9073,21.705741626794257,3235,2,High-Volume Products
372,2811,7.556451612903226,3031,2,High-Volume Products
164,633,3.859756097560976,2513,0,Active/Regular Products
274,3887,14.186131386861314,2760,2,High-Volume Products
348,5233,15.03735632183908,2924,2,High-Volume Products
1073,12649,11.788443616029824,3337,2,High-Volume Products
218,2194,10.064220183486238,2934,2,High-Volume Products
266,2381,8.951127819548873,3042,2,High-Volume Products
408,4801,11.767156862745098,3154,2,High-Volume Products
222,2545,11.463963963963964,2859,2,High-Volume Products
534,12366,23.15730337078652,3189,2,High-Volume Products
222,2894,13.036036036036036,2809,2,High-Volume Products
278,3169,11.399280575539567,2988,2,High-Volume Products
192,2119,11.036458333333334,2869,2,High-Volume Products
53,542,10.226415094339623,1047,0,Active/Regular Products
221,2002,9.058823529411764,2978,2,High-Volume Products
241,4733,19.639004149377595,2783,2,High-Volume Products
173,1758,10.16184971098266,2754,2,High-Volume Products
184,498,2.7065217391304346,2727,0,Active/Regular Products
133,433,3.255639097744361,2289,0,Active/Regular Products
103,263,2.5533980582524274,2536,0,Active/Regular Products
111,315,2.8378378378378377,2407,0,Active/Regular Products
246,1071,4.353658536585366,2758,0,Active/Regular Products
223,924,4.143497757847534,2709,0,Active/Regular Products
209,856,4.095693779904306,2727,0,Active/Regular Products
18,40,2.2222222222222223,733,3,Low-Movement Products
24,74,3.083333333333333,1135,3,Low-Movement Products
22,67,3.0454545454545454,999,3,Low-Movement Products
21,51,2.4285714285714284,697,3,Low-Movement Products
28,81,2.892857142857143,685,3,Low-Movement Products
76,180,2.3684210526315788,1730,0,Active/Regular Products
27,120,4.444444444444445,882,3,Low-Movement Products
22,422,19.181818181818183,453,2,High-Volume Products
25,274,10.96,993,0,Active/Regular Products
11,255,23.181818181818183,294,0,Active/Regular Products
54,350,6.481481481481482,1502,0,Active/Regular Products
62,556,8.96774193548387,1838,0,Active/Regular Products
30,295,9.833333333333334,844,0,Active/Regular Products
137,1369,9.992700729927009,2172,2,High-Volume Products
156,1352,8.666666666666666,2262,2,High-Volume Products
155,1278,8.245161290322581,2366,2,High-Volume Products
199,2328,11.698492462311558,2305,2,High-Volume Products
74,714,9.64864864864865,1962,0,Active/Regular Products
88,979,11.125,2067,2,High-Volume Products
191,2191,11.471204188481677,2501,2,High-Volume Products
16,184,11.5,730,0,Active/Regular Products
20,196,9.8,1075,0,Active/Regular Products
8,44,5.5,1248,3,Low-Movement Products
28,199,7.107142857142857,1517,0,Active/Regular Products
41,253,6.170731707317073,1378,0,Active/Regular Products
54,272,5.037037037037037,1391,0,Active/Regular Products
28,103,3.678571428571429,1048,3,Low-Movement Products
23,81,3.5217391304347827,1209,3,Low-Movement Products
25,101,4.04,882,3,Low-Movement Products
25,118,4.72,701,3,Low-Movement Products
36,349,9.694444444444445,928,0,Active/Regular Products
25,58,2.32,540,3,Low-Movement Products
99,577,5.828282828282828,2118,0,Active/Regular Products
186,456,2.4516129032258065,2343,0,Active/Regular Products
205,497,2.424390243902439,2442,0,Active/Regular Products
162,365,2.253086419753086,2440,0,Active/Regular Products
278,654,2.352517985611511,2755,0,Active/Regular Products
164,364,2.2195121951219514,2426,0,Active/Regular Products
130,295,2.269230769230769,2343,0,Active/Regular Products
38,657,17.289473684210527,920,2,High-Volume Products
39,963,24.692307692307693,1146,2,High-Volume Products
45,773,17.177777777777777,1050,2,High-Volume Products
48,490,10.208333333333334,1762,0,Active/Regular Products
42,249,5.928571428571429,1479,0,Active/Regular Products
117,1015,8.675213675213675,2540,2,High-Volume Products
23,221,9.608695652173912,798,0,Active/Regular Products
99,273,2.757575757575758,1585,0,Active/Regular Products
85,259,3.047058823529412,1910,0,Active/Regular Products
78,294,3.769230769230769,2023,0,Active/Regular Products
136,809,5.948529411764706,2290,0,Active/Regular Products
32,88,2.75,845,3,Low-Movement Products
44,160,3.636363636363636,1949,0,Active/Regular Products
19,315,16.57894736842105,709,0,Active/Regular Products
30,334,11.133333333333333,1333,0,Active/Regular Products
61,143,2.344262295081968,1166,0,Active/Regular Products
48,246,5.125,2258,0,Active/Regular Products
80,472,5.9,1655,0,Active/Regular Products
277,8076,29.15523465703971,2670,2,High-Volume Products
344,10395,30.218023255813957,2816,2,High-Volume Products
257,6831,26.579766536964986,2742,2,High-Volume Products
106,251,2.3679245283018866,1719,0,Active/Regular Products
257,1074,4.178988326848249,2577,0,Active/Regular Products
139,483,3.474820143884892,2425,0,Active/Regular Products
297,2328,7.838383838383838,2755,2,High-Volume Products
246,1932,7.853658536585366,2644,2,High-Volume Products
994,30739,30.92454728370221,3122,2,High-Volume Products
78,376,4.82051282051282,1944,0,Active/Regular Products
47,1225,26.06382978723404,1937,2,High-Volume Products
69,868,12.579710144927535,2291,2,High-Volume Products
79,795,10.063291139240508,2346,2,High-Volume Products
225,2354,10.462222222222222,2882,2,High-Volume Products
149,2237,15.013422818791948,2605,2,High-Volume Products
209,580,2.77511961722488,2387,0,Active/Regular Products
135,523,3.874074074074074,2052,0,Active/Regular Products
142,939,6.612676056338028,2357,0,Active/Regular Products
79,152,1.9240506329113924,1561,0,Active/Regular Products
146,1033,7.075342465753424,2587,0,Active/Regular Products
58,137,2.362068965517241,1695,0,Active/Regular Products
257,2166,8.428015564202335,2731,2,High-Volume Products
213,2031,9.535211267605634,2546,2,High-Volume Products
157,1274,8.114649681528663,2448,2,High-Volume Products
365,4072,11.156164383561643,2916,2,High-Volume Products
46,118,2.565217391304348,1567,0,Active/Regular Products
53,291,5.490566037735849,1617,0,Active/Regular Products
73,359,4.917808219178082,2313,0,Active/Regular Products
372,2219,5.96505376344086,2658,2,High-Volume Products
268,2386,8.902985074626866,2786,2,High-Volume Products
255,700,2.7450980392156863,2593,0,Active/Regular Products
138,312,2.260869565217391,2270,0,Active/Regular Products
241,546,2.265560165975104,2811,0,Active/Regular Products
57,1154,20.24561403508772,1999,2,High-Volume Products
45,149,3.311111111111111,1788,0,Active/Regular Products
45,152,3.3777777777777778,1747,0,Active/Regular Products
22,76,3.4545454545454546,1552,3,Low-Movement Products
45,93,2.066666666666667,1629,3,Low-Movement Products
258,813,3.1511627906976742,2700,0,Active/Regular Products
151,2282,15.112582781456954,2574,2,High-Volume Products
100,1685,16.85,2316,2,High-Volume Products
111,2501,22.53153153153153,2423,2,High-Volume Products
133,2251,16.924812030075188,2589,2,High-Volume Products
95,935,9.842105263157896,2491,2,High-Volume Products
43,567,13.186046511627907,2073,2,High-Volume Products
38,459,12.078947368421051,1984,0,Active/Regular Products
291,1109,3.810996563573883,2717,0,Active/Regular Products
194,736,3.7938144329896906,2344,0,Active/Regular Products
139,448,3.223021582733813,2313,0,Active/Regular Products
172,950,5.523255813953488,2283,0,Active/Regular Products
184,962,5.228260869565218,2463,0,Active/Regular Products
115,942,8.191304347826087,1927,0,Active/Regular Products
152,1020,6.7105263157894735,2476,0,Active/Regular Products
155,782,5.04516129032258,2439,0,Active/Regular Products
38,1065,28.026315789473685,827,2,High-Volume Products
45,1541,34.24444444444445,1241,2,High-Volume Products
49,135,2.7551020408163267,1619,0,Active/Regular Products
23,83,3.608695652173913,1204,3,Low-Movement Products
82,879,10.71951219512195,2035,2,High-Volume Products
27,414,15.333333333333334,1646,0,Active/Regular Products
52,182,3.5,2050,0,Active/Regular Products
25,79,3.16,1676,3,Low-Movement Products
40,121,3.025,1205,0,Active/Regular Products
16,30,1.875,1234,3,Low-Movement Products
274,5089,18.572992700729927,2698,2,High-Volume Products
169,2084,12.331360946745562,2367,2,High-Volume Products
227,798,3.515418502202643,2375,0,Active/Regular Products
261,1868,7.157088122605364,2388,2,High-Volume Products
247,2139,8.65991902834008,2460,2,High-Volume Products
21,99,4.714285714285714,811,3,Low-Movement Products
49,148,3.020408163265306,1946,0,Active/Regular Products
21,61,2.9047619047619047,1293,3,Low-Movement Products
159,554,3.4842767295597485,2106,0,Active/Regular Products
90,263,2.922222222222222,2204,0,Active/Regular Products
235,2701,11.493617021276595,2613,2,High-Volume Products
135,2221,16.451851851851853,2437,2,High-Volume Products
205,1665,8.121951219512194,2592,2,High-Volume Products
163,2557,15.687116564417176,2532,2,High-Volume Products
255,2633,10.325490196078432,2904,2,High-Volume Products
223,2293,10.282511210762332,2689,2,High-Volume Products
76,1450,19.07894736842105,2062,2,High-Volume Products
98,1715,17.5,2448,2,High-Volume Products
176,1412,8.022727272727273,2629,2,High-Volume Products
209,1832,8.76555023923445,2705,2,High-Volume Products
92,578,6.282608695652174,2186,0,Active/Regular Products
280,3114,11.121428571428572,2814,2,High-Volume Products
247,78033,315.9230769230769,2784,2,High-Volume Products
231,5847,25.31168831168831,2776,2,High-Volume Products
337,3291,9.765578635014837,2888,2,High-Volume Products
314,1556,4.955414012738854,2798,0,Active/Regular Products
445,6857,15.408988764044944,2949,2,High-Volume Products
381,6247,16.396325459317584,2947,2,High-Volume Products
305,3861,12.659016393442624,2858,2,High-Volume Products
416,2766,6.649038461538462,2863,2,High-Volume Products
322,3055,9.487577639751551,2764,2,High-Volume Products
329,3160,9.604863221884498,2823,2,High-Volume Products
226,2165,9.579646017699115,2876,2,High-Volume Products
267,2532,9.48314606741573,2950,2,High-Volume Products
68,327,4.8088235294117645,2232,0,Active/Regular Products
53,324,6.113207547169812,2084,0,Active/Regular Products
49,122,2.489795918367347,2100,0,Active/Regular Products
82,201,2.451219512195122,2186,0,Active/Regular Products
433,3741,8.639722863741339,3148,2,High-Volume Products
84,226,2.6904761904761907,2472,0,Active/Regular Products
264,874,3.310606060606061,2992,0,Active/Regular Products
30,317,10.566666666666666,1001,0,Active/Regular Products
70,1982,28.314285714285717,1552,2,High-Volume Products
74,2338,31.594594594594597,1471,2,High-Volume Products
333,3471,10.423423423423424,2828,2,High-Volume Products
141,1249,8.858156028368795,2461,2,High-Volume Products
202,1702,8.425742574257425,2390,2,High-Volume Products
281,2201,7.832740213523132,2738,2,High-Volume Products
345,3516,10.191304347826089,2688,2,High-Volume Products
175,1922,10.982857142857142,2826,2,High-Volume Products
214,1835,8.574766355140186,2895,2,High-Volume Products
298,1872,6.281879194630872,2836,2,High-Volume Products
249,1478,5.93574297188755,2846,0,Active/Regular Products
475,3342,7.03578947368421,2983,2,High-Volume Products
978,14908,15.243353783231084,3185,2,High-Volume Products
595,7067,11.877310924369748,3004,2,High-Volume Products
906,13366,14.752759381898455,3135,2,High-Volume Products
879,10941,12.447098976109215,3030,2,High-Volume Products
1231,20485,16.640942323314377,3110,2,High-Volume Products
583,7976,13.680960548885077,2974,2,High-Volume Products
467,5857,12.541755888650965,2911,2,High-Volume Products
1036,12147,11.724903474903474,3104,2,High-Volume Products
740,7830,10.58108108108108,2989,2,High-Volume Products
668,6308,9.44311377245509,2923,2,High-Volume Products
1098,13170,11.994535519125684,3054,2,High-Volume Products
192,2849,14.838541666666666,2661,2,High-Volume Products
160,2329,14.55625,2688,2,High-Volume Products
186,2296,12.344086021505376,2664,2,High-Volume Products
152,1682,11.06578947368421,2518,2,High-Volume Products
103,789,7.660194174757281,2291,0,Active/Regular Products
210,3564,16.97142857142857,2368,2,High-Volume Products
44,525,11.931818181818182,1849,0,Active/Regular Products
97,1309,13.494845360824742,2338,2,High-Volume Products
40,379,9.475,2056,0,Active/Regular Products
61,430,7.049180327868853,2304,0,Active/Regular Products
103,993,9.640776699029129,2506,2,High-Volume Products
145,1536,10.593103448275862,2589,2,High-Volume Products
75,799,10.653333333333334,2163,2,High-Volume Products
88,801,9.102272727272728,2380,0,Active/Regular Products
71,738,10.394366197183098,2272,0,Active/Regular Products
88,1355,15.397727272727272,2400,2,High-Volume Products
98,1247,12.724489795918368,2427,2,High-Volume Products
117,1642,14.034188034188034,2487,2,High-Volume Products
125,1492,11.936,2614,2,High-Volume Products
256,1869,7.30078125,2605,2,High-Volume Products
235,7976,33.94042553191489,1950,2,High-Volume Products
260,7277,27.98846153846154,1973,2,High-Volume Products
238,8526,35.8235294117647,2090,2,High-Volume Products
158,5175,32.75316455696203,1736,2,High-Volume Products
277,1722,6.216606498194946,2682,2,High-Volume Products
105,736,7.0095238095238095,2024,0,Active/Regular Products
327,2493,7.623853211009174,2754,2,High-Volume Products
177,1053,5.9491525423728815,2079,0,Active/Regular Products
274,1849,6.748175182481752,2720,2,High-Volume Products
178,842,4.730337078651686,2586,0,Active/Regular Products
536,4177,7.792910447761194,2851,2,High-Volume Products
363,2165,5.964187327823692,2931,2,High-Volume Products
214,1470,6.869158878504673,2616,2,High-Volume Products
470,4800,10.212765957446807,2915,2,High-Volume Products
112,936,8.357142857142858,2173,0,Active/Regular Products
873,6345,7.268041237113402,3084,2,High-Volume Products
309,2194,7.100323624595469,2627,2,High-Volume Products
81,842,10.395061728395062,1769,2,High-Volume Products
110,1179,10.71818181818182,2018,2,High-Volume Products
120,1712,14.266666666666667,2044,2,High-Volume Products
138,603,4.369565217391305,2078,0,Active/Regular Products
70,258,3.6857142857142855,2262,0,Active/Regular Products
299,1703,5.695652173913044,2382,2,High-Volume Products
158,1014,6.417721518987341,2179,0,Active/Regular Products
368,2113,5.741847826086956,2726,2,High-Volume Products
445,3863,8.680898876404495,2905,2,High-Volume Products
299,1963,6.565217391304348,2843,2,High-Volume Products
293,1769,6.037542662116041,2798,2,High-Volume Products
319,2053,6.435736677115988,2824,2,High-Volume Products
108,1202,11.12962962962963,2283,2,High-Volume Products
89,1447,16.258426966292134,2079,2,High-Volume Products
94,779,8.287234042553191,2406,0,Active/Regular Products
125,1174,9.392,2352,2,High-Volume Products
104,1731,16.64423076923077,2429,2,High-Volume Products
44,364,8.272727272727273,1999,0,Active/Regular Products
112,969,8.651785714285714,2313,2,High-Volume Products
119,1180,9.915966386554622,2372,2,High-Volume Products
325,3720,11.446153846153846,2867,2,High-Volume Products
157,2023,12.885350318471335,2513,2,High-Volume Products
101,1280,12.673267326732674,2291,2,High-Volume Products
135,812,6.014814814814815,2595,0,Active/Regular Products
233,994,4.266094420600858,2567,0,Active/Regular Products
728,5487,7.537087912087912,3007,2,High-Volume Products
191,4807,25.167539267015705,2724,2,High-Volume Products
222,5048,22.73873873873874,2745,2,High-Volume Products
198,1879,9.48989898989899,2709,2,High-Volume Products
185,4625,25.0,2700,2,High-Volume Products
191,1622,8.492146596858639,2628,2,High-Volume Products
214,2430,11.355140186915888,2644,2,High-Volume Products
195,1634,8.37948717948718,2668,2,High-Volume Products
222,2181,9.824324324324325,2733,2,High-Volume Products
552,8471,15.346014492753625,2926,2,High-Volume Products
354,4392,12.40677966101695,2835,2,High-Volume Products
444,6134,13.815315315315315,2899,2,High-Volume Products
378,4979,13.171957671957673,2728,2,High-Volume Products
161,4303,26.72670807453416,2021,2,High-Volume Products
1146,8466,7.387434554973822,3132,2,High-Volume Products
146,1012,6.931506849315069,2476,0,Active/Regular Products
758,6809,8.982849604221636,3151,2,High-Volume Products
913,8807,9.646221248630887,3183,2,High-Volume Products
230,1536,6.678260869565217,2850,2,High-Volume Products
6,65,10.833333333333334,50,1,Slow-Moving Products
9,71,7.888888888888889,206,1,Slow-Moving Products
9,82,9.11111111111111,114,1,Slow-Moving Products
277,2808,10.137184115523466,2794,2,High-Volume Products
629,12049,19.155802861685213,3013,2,High-Volume Products
382,6139,16.07068062827225,2923,2,High-Volume Products
407,8275,20.33169533169533,2973,2,High-Volume Products
245,12050,49.18367346938776,2676,2,High-Volume Products
344,2390,6.947674418604652,2685,2,High-Volume Products
214,1423,6.649532710280374,2393,2,High-Volume Products
401,2990,7.456359102244389,2711,2,High-Volume Products
117,407,3.4786324786324787,2175,0,Active/Regular Products
86,213,2.476744186046512,1939,0,Active/Regular Products
110,250,2.272727272727273,2305,0,Active/Regular Products
82,173,2.109756097560976,2080,0,Active/Regular Products
376,3809,10.13031914893617,2756,2,High-Volume Products
403,3720,9.23076923076923,2639,2,High-Volume Products
333,2661,7.990990990990991,2536,2,High-Volume Products
629,4716,7.497615262321145,2918,2,High-Volume Products
562,3069,5.460854092526691,2886,2,High-Volume Products
294,1469,4.996598639455782,2677,0,Active/Regular Products
44,399,9.068181818181818,1495,0,Active/Regular Products
35,462,13.2,1577,0,Active/Regular Products
76,3442,45.28947368421053,2171,2,High-Volume Products
41,1734,42.29268292682927,1324,2,High-Volume Products
405,2841,7.014814814814815,2881,2,High-Volume Products
233,1767,7.583690987124464,2384,2,High-Volume Products
216,1794,8.305555555555555,2411,2,High-Volume Products
109,1596,14.642201834862384,2410,2,High-Volume Products
287,2059,7.174216027874564,2540,2,High-Volume Products
233,2089,8.965665236051501,2328,2,High-Volume Products
130,2271,17.46923076923077,2476,2,High-Volume Products
96,377,3.9270833333333335,2268,0,Active/Regular Products
85,225,2.647058823529412,2448,0,Active/Regular Products
69,180,2.608695652173913,2128,0,Active/Regular Products
109,431,3.954128440366973,2446,0,Active/Regular Products
76,173,2.276315789473684,2305,0,Active/Regular Products
151,2500,16.556291390728475,2449,2,High-Volume Products
121,307,2.5371900826446283,2345,0,Active/Regular Products
163,373,2.2883435582822087,2089,0,Active/Regular Products
476,6078,12.768907563025213,2890,2,High-Volume Products
716,10285,14.364525139664805,2962,2,High-Volume Products
174,2451,14.086206896551724,2585,2,High-Volume Products
184,2628,14.282608695652174,2650,2,High-Volume Products
97,860,8.8659793814433,2419,0,Active/Regular Products
168,746,4.440476190476191,2596,0,Active/Regular Products
337,3221,9.55786350148368,2731,2,High-Volume Products
305,2712,8.891803278688524,2694,2,High-Volume Products
354,3535,9.985875706214689,2734,2,High-Volume Products
212,1800,8.49056603773585,2434,2,High-Volume Products
327,4007,12.253822629969418,2737,2,High-Volume Products
322,3740,11.614906832298136,2713,2,High-Volume Products
782,5816,7.437340153452685,2830,2,High-Volume Products
476,2359,4.955882352941177,2673,2,High-Volume Products
102,450,4.411764705882353,2079,0,Active/Regular Products
89,594,6.674157303370786,2245,0,Active/Regular Products
79,990,12.531645569620252,1575,2,High-Volume Products
114,1182,10.36842105263158,2002,2,High-Volume Products
169,1857,10.988165680473372,2559,2,High-Volume Products
195,2249,11.533333333333331,2652,2,High-Volume Products
282,3278,11.624113475177303,2672,2,High-Volume Products
232,2379,10.254310344827584,2665,2,High-Volume Products
126,1105,8.76984126984127,2386,2,High-Volume Products
151,1550,10.264900662251655,2493,2,High-Volume Products
185,1705,9.216216216216216,2555,2,High-Volume Products
147,1389,9.448979591836734,2499,2,High-Volume Products
100,1608,16.08,2128,2,High-Volume Products
131,2456,18.748091603053435,2030,2,High-Volume Products
103,1342,13.029126213592232,2228,2,High-Volume Products
155,3039,19.606451612903225,2484,2,High-Volume Products
133,1351,10.157894736842104,2560,2,High-Volume Products
176,3997,22.710227272727277,2506,2,High-Volume Products
76,1220,16.05263157894737,2369,2,High-Volume Products
121,2344,19.37190082644628,2395,2,High-Volume Products
80,1496,18.7,2282,2,High-Volume Products
220,1875,8.522727272727273,2553,2,High-Volume Products
154,821,5.331168831168832,2336,0,Active/Regular Products
237,1115,4.70464135021097,2481,0,Active/Regular Products
163,747,4.58282208588957,2220,0,Active/Regular Products
87,389,4.471264367816092,2164,0,Active/Regular Products
113,662,5.8584070796460175,2478,0,Active/Regular Products
229,801,3.497816593886463,2478,0,Active/Regular Products
150,435,2.9,2420,0,Active/Regular Products
210,748,3.5619047619047617,2578,0,Active/Regular Products
196,654,3.336734693877551,2489,0,Active/Regular Products
217,489,2.2534562211981566,2539,0,Active/Regular Products
69,606,8.782608695652174,2135,0,Active/Regular Products
225,1914,8.506666666666666,2619,2,High-Volume Products
107,461,4.308411214953271,1950,0,Active/Regular Products
83,459,5.530120481927711,2130,0,Active/Regular Products
68,296,4.352941176470588,2160,0,Active/Regular Products
134,625,4.664179104477612,2417,0,Active/Regular Products
169,1011,5.982248520710059,2457,0,Active/Regular Products
70,252,3.6,2171,0,Active/Regular Products
111,456,4.108108108108108,2045,0,Active/Regular Products
133,265,1.9924812030075187,2317,0,Active/Regular Products
59,310,5.254237288135593,1352,0,Active/Regular Products
43,215,5.0,1266,0,Active/Regular Products
18,36,2.0,855,3,Low-Movement Products
56,227,4.053571428571429,1897,0,Active/Regular Products
76,358,4.7105263157894735,1450,0,Active/Regular Products
58,173,2.9827586206896552,1941,0,Active/Regular Products
64,141,2.203125,1305,0,Active/Regular Products
47,328,6.97872340425532,1537,0,Active/Regular Products
25,132,5.28,1743,0,Active/Regular Products
27,146,5.407407407407407,1828,0,Active/Regular Products
79,557,7.050632911392405,2200,0,Active/Regular Products
86,473,5.5,2303,0,Active/Regular Products
32,164,5.125,1642,0,Active/Regular Products
33,160,4.848484848484849,1712,0,Active/Regular Products
47,213,4.531914893617022,2160,0,Active/Regular Products
66,219,3.3181818181818183,2073,0,Active/Regular Products
135,462,3.422222222222222,2398,0,Active/Regular Products
56,275,4.910714285714286,2165,0,Active/Regular Products
206,1275,6.189320388349515,2603,0,Active/Regular Products
114,237,2.0789473684210527,1940,0,Active/Regular Products
33,77,2.333333333333333,1704,3,Low-Movement Products
23,47,2.0434782608695654,1046,3,Low-Movement Products
18,36,2.0,906,3,Low-Movement Products
72,1449,20.125,1692,2,High-Volume Products
74,1276,17.243243243243242,1742,2,High-Volume Products
89,1258,14.134831460674157,1835,2,High-Volume Products
199,2095,10.527638190954772,2585,2,High-Volume Products
99,824,8.323232323232324,2437,0,Active/Regular Products
114,1979,17.359649122807017,2179,2,High-Volume Products
131,1939,14.801526717557252,2255,2,High-Volume Products
109,1809,16.59633027522936,2145,2,High-Volume Products
397,3986,10.040302267002518,2642,2,High-Volume Products
5,164,32.8,186,1,Slow-Moving Products
3,22,7.333333333333333,57,1,Slow-Moving Products
7,40,5.714285714285714,279,1,Slow-Moving Products
79,79,1.0,707,3,Low-Movement Products
101,2668,26.41584158415841,1659,2,High-Volume Products
3,157,52.333333333333336,140,1,Slow-Moving Products
4,158,39.5,160,1,Slow-Moving Products
3,25,8.333333333333334,84,1,Slow-Moving Products
1,12,12.0,14,1,Slow-Moving Products
52,277,5.326923076923077,1938,0,Active/Regular Products
87,518,5.954022988505747,1870,0,Active/Regular Products
47,316,6.723404255319149,1015,0,Active/Regular Products
52,174,3.3461538461538463,1636,0,Active/Regular Products
35,207,5.914285714285715,816,0,Active/Regular Products
36,158,4.388888888888889,777,0,Active/Regular Products
31,112,3.612903225806452,903,3,Low-Movement Products
30,51,1.7,719,3,Low-Movement Products
19,33,1.736842105263158,490,3,Low-Movement Products
43,108,2.511627906976744,810,3,Low-Movement Products
94,847,9.01063829787234,2074,0,Active/Regular Products
46,80,1.7391304347826086,1073,3,Low-Movement Products
8,13,1.625,264,3,Low-Movement Products
8,18,2.25,1067,3,Low-Movement Products
16,29,1.8125,999,3,Low-Movement Products
27,55,2.037037037037037,1498,3,Low-Movement Products
11,32,2.909090909090909,1313,3,Low-Movement Products
11,19,1.7272727272727273,256,3,Low-Movement Products
72,332,4.611111111111111,2053,0,Active/Regular Products
84,232,2.761904761904762,1992,0,Active/Regular Products
27,65,2.4074074074074074,1002,3,Low-Movement Products
33,58,1.7575757575757576,1090,3,Low-Movement Products
51,678,13.294117647058824,1892,2,High-Volume Products
37,312,8.432432432432432,1908,0,Active/Regular Products
31,286,9.225806451612904,1685,0,Active/Regular Products
22,205,9.318181818181818,1534,0,Active/Regular Products
13,92,7.076923076923077,1622,3,Low-Movement Products
13,285,21.923076923076923,1463,2,High-Volume Products
44,113,2.5681818181818183,1432,0,Active/Regular Products
215,1798,8.362790697674418,2501,2,High-Volume Products
29,228,7.862068965517241,1135,0,Active/Regular Products
39,418,10.717948717948715,1661,0,Active/Regular Products
73,1328,18.19178082191781,1914,2,High-Volume Products
35,185,5.285714285714286,1871,0,Active/Regular Products
83,262,3.156626506024097,1370,0,Active/Regular Products
74,275,3.716216216216216,1880,0,Active/Regular Products
44,80,1.818181818181818,1585,3,Low-Movement Products
159,913,5.7421383647798745,2368,0,Active/Regular Products
101,542,5.366336633663367,2090,0,Active/Regular Products
78,228,2.923076923076923,1560,0,Active/Regular Products
28,76,2.7142857142857144,968,3,Low-Movement Products
415,3964,9.551807228915663,2767,2,High-Volume Products
205,809,3.946341463414634,2518,0,Active/Regular Products
41,225,5.487804878048781,2051,0,Active/Regular Products
31,112,3.612903225806452,1779,0,Active/Regular Products
195,2558,13.117948717948718,2334,2,High-Volume Products
99,1640,16.565656565656564,2045,2,High-Volume Products
110,1312,11.927272727272728,2250,2,High-Volume Products
98,1626,16.591836734693878,2146,2,High-Volume Products
112,1821,16.258928571428573,2311,2,High-Volume Products
94,714,7.595744680851064,1760,0,Active/Regular Products
335,3643,10.874626865671642,2253,2,High-Volume Products
208,1927,9.264423076923077,2291,2,High-Volume Products
115,1200,10.434782608695652,2081,2,High-Volume Products
146,2723,18.65068493150685,2371,2,High-Volume Products
119,2882,24.218487394957982,2244,2,High-Volume Products
120,2627,21.891666666666666,2284,2,High-Volume Products
65,1062,16.338461538461537,1926,2,High-Volume Products
120,2521,21.008333333333333,2321,2,High-Volume Products
98,571,5.826530612244898,2120,0,Active/Regular Products
57,500,8.771929824561404,1842,0,Active/Regular Products
70,566,8.085714285714285,1920,0,Active/Regular Products
74,478,6.45945945945946,1940,0,Active/Regular Products
71,579,8.154929577464788,1961,0,Active/Regular Products
42,296,7.047619047619048,1082,0,Active/Regular Products
63,334,5.301587301587301,2053,0,Active/Regular Products
44,361,8.204545454545455,1424,0,Active/Regular Products
24,224,9.333333333333334,1344,0,Active/Regular Products
32,167,5.21875,1314,0,Active/Regular Products
44,413,9.386363636363637,2174,0,Active/Regular Products
32,354,11.0625,1996,0,Active/Regular Products
41,360,8.78048780487805,1338,0,Active/Regular Products
63,481,7.634920634920635,2108,0,Active/Regular Products
53,582,10.9811320754717,1913,0,Active/Regular Products
143,1012,7.076923076923077,2507,0,Active/Regular Products
48,420,8.75,1552,0,Active/Regular Products
50,479,9.58,2047,0,Active/Regular Products
37,637,17.216216216216218,1871,2,High-Volume Products
87,1056,12.137931034482758,2093,2,High-Volume Products
112,976,8.714285714285714,2085,2,High-Volume Products
31,210,6.774193548387097,1572,0,Active/Regular Products
36,215,5.972222222222222,1698,0,Active/Regular Products
260,1387,5.334615384615384,2636,0,Active/Regular Products
215,1324,6.158139534883721,2580,0,Active/Regular Products
85,626,7.364705882352941,1961,0,Active/Regular Products
34,111,3.264705882352941,1902,0,Active/Regular Products
32,331,10.34375,1620,0,Active/Regular Products
41,247,6.024390243902439,1822,0,Active/Regular Products
14,150,10.714285714285714,1255,0,Active/Regular Products
152,872,5.7368421052631575,2368,0,Active/Regular Products
89,506,5.685393258426966,2184,0,Active/Regular Products
103,1236,12.0,1812,2,High-Volume Products
20,164,8.2,413,3,Low-Movement Products
84,2480,29.52380952380953,1130,2,High-Volume Products
120,3250,27.08333333333333,1731,2,High-Volume Products
62,1575,25.40322580645161,1107,2,High-Volume Products
43,1075,25.0,1180,2,High-Volume Products
52,1305,25.096153846153847,1139,2,High-Volume Products
64,1855,28.984375,1152,2,High-Volume Products
136,1840,13.529411764705882,2603,2,High-Volume Products
116,1863,16.060344827586206,2093,2,High-Volume Products
68,568,8.352941176470589,1868,0,Active/Regular Products
57,422,7.403508771929824,1843,0,Active/Regular Products
50,421,8.42,1632,0,Active/Regular Products
53,436,8.226415094339623,1376,0,Active/Regular Products
32,350,10.9375,1299,0,Active/Regular Products
52,415,7.980769230769231,1615,0,Active/Regular Products
124,649,5.233870967741935,2589,0,Active/Regular Products
26,172,6.615384615384615,1617,0,Active/Regular Products
16,170,10.625,1319,0,Active/Regular Products
43,251,5.837209302325581,1712,0,Active/Regular Products
76,644,8.473684210526315,2278,0,Active/Regular Products
63,410,6.507936507936508,2235,0,Active/Regular Products
83,881,10.614457831325302,2326,2,High-Volume Products
37,211,5.702702702702703,2100,0,Active/Regular Products
48,630,13.125,2139,2,High-Volume Products
192,954,4.96875,2337,0,Active/Regular Products
276,2772,10.043478260869565,2621,2,High-Volume Products
257,2841,11.054474708171206,2602,2,High-Volume Products
14,14,1.0,106,1,Slow-Moving Products
32,179,5.59375,1856,0,Active/Regular Products
37,198,5.351351351351352,1799,0,Active/Regular Products
14,60,4.285714285714286,1266,3,Low-Movement Products
35,169,4.828571428571428,1894,0,Active/Regular Products
25,116,4.64,1446,0,Active/Regular Products
338,5020,14.85207100591716,2541,2,High-Volume Products
259,4802,18.54054054054054,2404,2,High-Volume Products
325,3385,10.415384615384616,2550,2,High-Volume Products
31,249,8.03225806451613,1405,0,Active/Regular Products
47,427,9.085106382978724,1585,0,Active/Regular Products
4,8,2.0,1124,3,Low-Movement Products
1,1,1.0,502,3,Low-Movement Products
14,20,1.4285714285714286,1831,3,Low-Movement Products
2,4,2.0,477,3,Low-Movement Products
1,4,4.0,216,1,Slow-Moving Products
7,8,1.1428571428571428,1575,3,Low-Movement Products
3,4,1.3333333333333333,1031,3,Low-Movement Products
1,1,1.0,538,3,Low-Movement Products
3,3,1.0,748,3,Low-Movement Products
16,40,2.5,1823,3,Low-Movement Products
2,5,2.5,714,3,Low-Movement Products
6,11,1.8333333333333333,1357,3,Low-Movement Products
11,26,2.363636363636364,1757,3,Low-Movement Products
4,4,1.0,1144,3,Low-Movement Products
7,8,1.1428571428571428,1547,3,Low-Movement Products
1,2,2.0,502,3,Low-Movement Products
2,4,2.0,636,3,Low-Movement Products
7,10,1.4285714285714286,1104,3,Low-Movement Products
4,6,1.5,1269,3,Low-Movement Products
6,8,1.3333333333333333,1193,3,Low-Movement Products
4,4,1.0,935,3,Low-Movement Products
4,9,2.25,1431,3,Low-Movement Products
16,43,2.6875,1945,3,Low-Movement Products
2,7,3.5,788,3,Low-Movement Products
1,1,1.0,1109,3,Low-Movement Products
10,24,2.4,1573,3,Low-Movement Products
2,2,1.0,687,3,Low-Movement Products
10,15,1.5,1617,3,Low-Movement Products
3,3,1.0,1380,3,Low-Movement Products
5,5,1.0,1485,3,Low-Movement Products
3,3,1.0,1056,3,Low-Movement Products
7,9,1.2857142857142858,1505,3,Low-Movement Products
9,11,1.2222222222222223,1481,3,Low-Movement Products
2,2,1.0,762,3,Low-Movement Products
4,4,1.0,1397,3,Low-Movement Products
8,9,1.125,1613,3,Low-Movement Products
1,1,1.0,1109,3,Low-Movement Products
5,5,1.0,1175,3,Low-Movement Products
4,9,2.25,1121,3,Low-Movement Products
5,8,1.6,1132,3,Low-Movement Products
2,2,1.0,826,3,Low-Movement Products
4,4,1.0,1216,3,Low-Movement Products
1,2,2.0,571,3,Low-Movement Products
4,5,1.25,1160,3,Low-Movement Products
42,306,7.285714285714286,1889,0,Active/Regular Products
33,219,6.636363636363637,1923,0,Active/Regular Products
1,1,1.0,28,1,Slow-Moving Products
132,1576,11.93939393939394,2101,2,High-Volume Products
38,1175,30.92105263157895,827,2,High-Volume Products
2,50,25.0,92,1,Slow-Moving Products
41,376,9.170731707317072,2070,0,Active/Regular Products
57,741,13.0,2009,2,High-Volume Products
35,456,13.028571428571428,1855,0,Active/Regular Products
3,4,1.3333333333333333,0,1,Slow-Moving Products
1,80995,80995.0,0,2,High-Volume Products
30,198,6.6,1579,0,Active/Regular Products
5,92,18.4,90,1,Slow-Moving Products
111,577,5.198198198198198,2451,0,Active/Regular Products
39,394,10.102564102564102,598,0,Active/Regular Products
21,127,6.047619047619048,648,3,Low-Movement Products
1,1,1.0,37,1,Slow-Moving Products
100,925,9.25,2967,2,High-Volume Products
98,862,8.795918367346939,2922,0,Active/Regular Products
44,103,2.340909090909091,1791,0,Active/Regular Products
12,17,1.4166666666666667,524,3,Low-Movement Products
2,19,9.5,82,1,Slow-Moving Products
5,10,2.0,176,1,Slow-Moving Products
6,8,1.3333333333333333,363,3,Low-Movement Products
223,1848,8.286995515695068,3118,2,High-Volume Products
4,5,1.25,280,1,Slow-Moving Products
1,1,1.0,22,1,Slow-Moving Products
1,1,1.0,22,1,Slow-Moving Products
2,46,23.0,35,1,Slow-Moving Products
2,9,4.5,129,1,Slow-Moving Products
25,558,22.32,1416,2,High-Volume Products
2,2,1.0,52,1,Slow-Moving Products
42,684,16.285714285714285,2245,2,High-Volume Products
27,217,8.037037037037036,1543,0,Active/Regular Products
34,201,5.911764705882353,2063,0,Active/Regular Products
2,26,13.0,290,1,Slow-Moving Products
7,96,13.714285714285714,250,1,Slow-Moving Products
1,1,1.0,606,3,Low-Movement Products
3,10,3.333333333333333,871,3,Low-Movement Products
1,24,24.0,6,1,Slow-Moving Products
2,25,12.5,610,3,Low-Movement Products
28,170,6.071428571428571,1522,0,Active/Regular Products
9,30,3.333333333333333,537,3,Low-Movement Products
5,38,7.6,163,1,Slow-Moving Products
5,57,11.4,488,3,Low-Movement Products
3,4,1.3333333333333333,125,1,Slow-Moving Products
94,619,6.585106382978723,2826,0,Active/Regular Products
2,13,6.5,51,1,Slow-Moving Products
128,979,7.6484375,2950,0,Active/Regular Products
35,57,1.6285714285714286,2395,3,Low-Movement Products
1,1,1.0,63,1,Slow-Moving Products
58,451,7.775862068965517,2172,0,Active/Regular Products
52,150,2.8846153846153846,2376,0,Active/Regular Products
62,420,6.774193548387097,1944,0,Active/Regular Products
3,8,2.6666666666666665,98,1,Slow-Moving Products
9,9,1.0,309,3,Low-Movement Products
75,633,8.44,2274,0,Active/Regular Products
26,152,5.846153846153846,1274,0,Active/Regular Products
5,162,32.4,214,1,Slow-Moving Products
2,78,39.0,35,1,Slow-Moving Products
2,18,9.0,27,1,Slow-Moving Products
3,31,10.333333333333334,135,1,Slow-Moving Products
19,263,13.842105263157896,1007,0,Active/Regular Products
24,268,11.166666666666666,998,0,Active/Regular Products
7,95,13.571428571428571,342,3,Low-Movement Products
1,2,2.0,567,3,Low-Movement Products
22,49,2.227272727272727,1959,3,Low-Movement Products
3,8,2.6666666666666665,209,1,Slow-Moving Products
2,8,4.0,114,1,Slow-Moving Products
4,20,5.0,214,1,Slow-Moving Products
3,13,4.333333333333333,129,1,Slow-Moving Products
70,319,4.557142857142857,2326,0,Active/Regular Products
15,119,7.933333333333334,1126,0,Active/Regular Products
20,252,12.6,811,0,Active/Regular Products
10,36,3.6,475,3,Low-Movement Products
40,195,4.875,1752,0,Active/Regular Products
50,220,4.4,1795,0,Active/Regular Products
60,315,5.25,1899,0,Active/Regular Products
29,87,3.0,2049,3,Low-Movement Products
32,91,2.84375,2090,3,Low-Movement Products
20,106,5.3,1871,0,Active/Regular Products
15,72,4.8,915,3,Low-Movement Products
23,68,2.9565217391304346,1227,3,Low-Movement Products
10,28,2.8,330,3,Low-Movement Products
62,1318,21.258064516129032,2262,2,High-Volume Products
72,820,11.38888888888889,2721,2,High-Volume Products
19,226,11.894736842105264,1161,0,Active/Regular Products
131,3581,27.33587786259542,2583,2,High-Volume Products
54,1245,23.05555555555556,2318,2,High-Volume Products
41,688,16.78048780487805,2148,2,High-Volume Products
3,12,4.0,108,1,Slow-Moving Products
244,2986,12.237704918032788,3156,2,High-Volume Products
100,783,7.83,2874,0,Active/Regular Products
69,366,5.304347826086956,2561,0,Active/Regular Products
2,27,13.5,88,1,Slow-Moving Products
67,485,7.238805970149253,2664,0,Active/Regular Products
19,163,8.578947368421053,1211,0,Active/Regular Products
456,5050,11.074561403508772,2834,2,High-Volume Products
88,462,5.25,2692,0,Active/Regular Products
16,96,6.0,689,3,Low-Movement Products
81,1578,19.48148148148148,2495,2,High-Volume Products
1,6,6.0,150,1,Slow-Moving Products
17,21,1.2352941176470589,725,3,Low-Movement Products
135,2544,18.844444444444445,2517,2,High-Volume Products
109,1570,14.403669724770642,2435,2,High-Volume Products
13,72,5.538461538461538,1357,3,Low-Movement Products
2,10,5.0,66,1,Slow-Moving Products
159,2567,16.144654088050313,2640,2,High-Volume Products
1,6,6.0,45,1,Slow-Moving Products
81,703,8.679012345679013,1769,0,Active/Regular Products
3,78,26.0,108,1,Slow-Moving Products
18,53,2.9444444444444446,1482,3,Low-Movement Products
3,4,1.3333333333333333,145,1,Slow-Moving Products
9,21,2.333333333333333,1068,3,Low-Movement Products
183,1354,7.398907103825136,2640,2,High-Volume Products
115,820,7.130434782608695,2691,0,Active/Regular Products
187,1451,7.759358288770054,2675,2,High-Volume Products
154,563,3.655844155844156,1920,0,Active/Regular Products
134,714,5.328358208955224,2633,0,Active/Regular Products
1,1,1.0,40,1,Slow-Moving Products
12,36,3.0,1734,3,Low-Movement Products
2,3,1.5,86,1,Slow-Moving Products
17,159,9.352941176470589,1469,0,Active/Regular Products
13,64,4.923076923076923,708,3,Low-Movement Products
3,29,9.666666666666666,113,1,Slow-Moving Products
1,1,1.0,673,3,Low-Movement Products
43,70,1.627906976744186,1740,3,Low-Movement Products
26,37,1.4230769230769231,1715,3,Low-Movement Products
21,131,6.238095238095238,989,0,Active/Regular Products
32,163,5.09375,1644,0,Active/Regular Products
47,494,10.51063829787234,1777,0,Active/Regular Products
2,68,34.0,44,1,Slow-Moving Products
3,28,9.333333333333334,127,1,Slow-Moving Products
14,33,2.357142857142857,415,3,Low-Movement Products
12,31,2.583333333333333,338,3,Low-Movement Products
8,23,2.875,236,1,Slow-Moving Products
16,40,2.5,469,3,Low-Movement Products
4,6,1.5,1487,3,Low-Movement Products
1,4,4.0,48,1,Slow-Moving Products
1,8,8.0,48,1,Slow-Moving Products
2,4,2.0,250,1,Slow-Moving Products
92,440,4.782608695652174,1857,0,Active/Regular Products
113,380,3.3628318584070795,2686,0,Active/Regular Products
49,133,2.7142857142857144,1734,0,Active/Regular Products
2,2,1.0,83,1,Slow-Moving Products
56,821,14.660714285714286,2184,2,High-Volume Products
15,155,10.333333333333334,631,0,Active/Regular Products
4,12,3.0,163,1,Slow-Moving Products
97,5556,57.27835051546392,2251,2,High-Volume Products
6,50,8.333333333333334,223,1,Slow-Moving Products
4,15,3.75,224,1,Slow-Moving Products
6,24,4.0,199,1,Slow-Moving Products
3,9,3.0,253,1,Slow-Moving Products
5,14,2.8,211,1,Slow-Moving Products
8,20,2.5,243,1,Slow-Moving Products
2,36,18.0,40,1,Slow-Moving Products
33,693,21.0,1805,2,High-Volume Products
13,538,41.38461538461539,381,2,High-Volume Products
6,52,8.666666666666666,269,1,Slow-Moving Products
1,12,12.0,26,1,Slow-Moving Products
3,52,17.333333333333332,69,1,Slow-Moving Products
1,2,2.0,13,1,Slow-Moving Products
2,3,1.5,36,1,Slow-Moving Products
137,1021,7.452554744525547,1724,0,Active/Regular Products
6,18,3.0,80,1,Slow-Moving Products
38,103,2.710526315789474,993,3,Low-Movement Products
185,1556,8.41081081081081,1877,2,High-Volume Products
26,107,4.115384615384615,703,3,Low-Movement Products
2,12,6.0,69,1,Slow-Moving Products
46,232,5.043478260869565,2484,0,Active/Regular Products
8,52,6.5,499,3,Low-Movement Products
12,43,3.583333333333333,464,3,Low-Movement Products
39,60,1.5384615384615383,2113,3,Low-Movement Products
70,155,2.2142857142857144,2693,0,Active/Regular Products
88,161,1.8295454545454544,2827,0,Active/Regular Products
59,117,1.9830508474576272,2706,0,Active/Regular Products
37,89,2.4054054054054053,2445,0,Active/Regular Products
38,67,1.763157894736842,2401,3,Low-Movement Products
89,210,2.359550561797753,2780,0,Active/Regular Products
1,5,5.0,1109,3,Low-Movement Products
1,1,1.0,1109,3,Low-Movement Products
1,1,1.0,1109,3,Low-Movement Products
1,7,7.0,1109,3,Low-Movement Products
4,14,3.5,199,1,Slow-Moving Products
12,52,4.333333333333333,846,3,Low-Movement Products
1,2,2.0,144,1,Slow-Moving Products
27,582,21.55555555555556,1783,2,High-Volume Products
121,410,3.3884297520661155,2842,0,Active/Regular Products
5,27,5.4,115,1,Slow-Moving Products
11,45,4.090909090909091,614,3,Low-Movement Products
14,159,11.357142857142858,468,3,Low-Movement Products
6,44,7.333333333333333,281,1,Slow-Moving Products
15,97,6.466666666666667,320,3,Low-Movement Products
9,86,9.555555555555555,422,3,Low-Movement Products
43,112,2.604651162790698,2317,0,Active/Regular Products
20,33,1.65,1982,3,Low-Movement Products
22,35,1.5909090909090908,2152,3,Low-Movement Products
13,196,15.076923076923077,675,0,Active/Regular Products
55,994,18.072727272727278,1410,2,High-Volume Products
45,617,13.71111111111111,1388,2,High-Volume Products
12,469,39.083333333333336,576,2,High-Volume Products
39,290,7.435897435897436,2328,0,Active/Regular Products
86,746,8.674418604651162,2739,0,Active/Regular Products
23,225,9.782608695652174,1508,0,Active/Regular Products
163,2734,16.773006134969325,2188,2,High-Volume Products
37,100,2.702702702702702,1797,0,Active/Regular Products
2,3,1.5,79,1,Slow-Moving Products
118,978,8.288135593220339,2788,0,Active/Regular Products
212,2018,9.5188679245283,2826,2,High-Volume Products
28,827,29.535714285714285,835,2,High-Volume Products
5,5,1.0,298,3,Low-Movement Products
2,2600,1300.0,4,1,Slow-Moving Products
287,2077,7.236933797909407,3027,2,High-Volume Products
28,103,3.678571428571429,498,3,Low-Movement Products
105,285,2.7142857142857144,2882,0,Active/Regular Products
1685,18283,10.850445103857568,3480,2,High-Volume Products
365,2379,6.517808219178082,2857,2,High-Volume Products
102,199,1.9509803921568627,866,0,Active/Regular Products
133,602,4.526315789473684,2537,0,Active/Regular Products
31,185,5.967741935483871,1303,0,Active/Regular Products
2,2,1.0,154,1,Slow-Moving Products
114,548,4.807017543859649,2437,0,Active/Regular Products
2,4,2.0,90,1,Slow-Moving Products
45,213,4.733333333333333,2147,0,Active/Regular Products
1,1,1.0,94,1,Slow-Moving Products
110,388,3.527272727272728,2511,0,Active/Regular Products
83,264,3.180722891566265,2574,0,Active/Regular Products
8,21,2.625,279,3,Low-Movement Products
3,13,4.333333333333333,121,1,Slow-Moving Products
390,1990,5.102564102564102,2865,2,High-Volume Products
393,2323,5.910941475826972,2822,2,High-Volume Products
9,12,1.3333333333333333,411,3,Low-Movement Products
56,209,3.732142857142857,2222,0,Active/Regular Products
439,3207,7.305239179954442,3080,2,High-Volume Products
1,1,1.0,203,1,Slow-Moving Products
56,134,2.392857142857143,844,3,Low-Movement Products
12,33,2.75,558,3,Low-Movement Products
245,1987,8.110204081632654,3186,2,High-Volume Products
1,6,6.0,1109,3,Low-Movement Products
50,108,2.16,2130,0,Active/Regular Products
56,170,3.0357142857142856,2101,0,Active/Regular Products
165,2456,14.884848484848485,2395,2,High-Volume Products
118,1480,12.542372881355933,1886,2,High-Volume Products
233,1172,5.030042918454936,2963,0,Active/Regular Products
201,1491,7.417910447761194,2336,2,High-Volume Products
205,904,4.409756097560976,2765,0,Active/Regular Products
616,3751,6.089285714285714,3070,2,High-Volume Products
188,1799,9.569148936170214,2459,2,High-Volume Products
7,15,2.142857142857143,209,1,Slow-Moving Products
407,2035,5.0,2941,2,High-Volume Products
365,3615,9.904109589041097,2942,2,High-Volume Products
600,3807,6.345,3060,2,High-Volume Products
287,2064,7.191637630662021,2917,2,High-Volume Products
17,27,1.588235294117647,221,3,Low-Movement Products
592,3416,5.77027027027027,3162,2,High-Volume Products
22,519,23.59090909090909,587,2,High-Volume Products
239,3842,16.07531380753138,3080,2,High-Volume Products
174,2687,15.442528735632184,2927,2,High-Volume Products
149,2059,13.818791946308725,2851,2,High-Volume Products
1,1,1.0,1109,3,Low-Movement Products
18,325,18.05555555555556,527,0,Active/Regular Products
15,197,13.133333333333333,469,0,Active/Regular Products
61,4415,72.37704918032787,1240,2,High-Volume Products
5,17,3.4,207,1,Slow-Moving Products
4,16,4.0,149,1,Slow-Moving Products
14,88,6.285714285714286,390,3,Low-Movement Products
8,19,2.375,1154,3,Low-Movement Products
8,106,13.25,140,1,Slow-Moving Products
1,2,2.0,88,1,Slow-Moving Products
3,9,3.0,79,1,Slow-Moving Products
120,2702,22.516666666666666,2789,2,High-Volume Products
107,841,7.859813084112149,2968,0,Active/Regular Products
47,238,5.0638297872340425,1001,0,Active/Regular Products
6,33,5.5,280,1,Slow-Moving Products
333,1944,5.837837837837838,3061,2,High-Volume Products
22,346,15.727272727272728,730,0,Active/Regular Products
37,178,4.8108108108108105,2362,0,Active/Regular Products
2,11,5.5,58,1,Slow-Moving Products
49,236,4.816326530612245,2229,0,Active/Regular Products
38,175,4.605263157894737,2083,0,Active/Regular Products
33,76,2.303030303030303,1989,3,Low-Movement Products
21,138,6.571428571428571,900,0,Active/Regular Products
440,13605,30.920454545454547,3061,2,High-Volume Products
316,6748,21.354430379746837,3071,2,High-Volume Products
8,103,12.875,1109,3,Low-Movement Products
8,163,20.375,916,0,Active/Regular Products
12,127,10.583333333333334,1533,0,Active/Regular Products
4,13,3.25,164,1,Slow-Moving Products
8,52,6.5,490,3,Low-Movement Products
3,72,24.0,94,1,Slow-Moving Products
13,130,10.0,1523,0,Active/Regular Products
61,324,5.311475409836065,2492,0,Active/Regular Products
30,169,5.633333333333334,1156,0,Active/Regular Products
36,193,5.361111111111111,1762,0,Active/Regular Products
27,219,8.11111111111111,1529,0,Active/Regular Products
18,136,7.555555555555555,601,3,Low-Movement Products
12,28,2.333333333333333,587,3,Low-Movement Products
16,45,2.8125,1239,3,Low-Movement Products
11,105,9.545454545454543,1392,0,Active/Regular Products
8,31,3.875,292,3,Low-Movement Products
17,624,36.70588235294117,968,2,High-Volume Products
65,3317,51.03076923076923,1539,2,High-Volume Products
114,729,6.394736842105263,2713,0,Active/Regular Products
82,159,1.9390243902439024,1083,0,Active/Regular Products
153,1264,8.261437908496733,2717,2,High-Volume Products
186,2096,11.268817204301076,2863,2,High-Volume Products
12,15,1.25,484,3,Low-Movement Products
5,30,6.0,592,3,Low-Movement Products
83,691,8.325301204819278,2750,0,Active/Regular Products
93,607,6.526881720430108,2849,0,Active/Regular Products
7,44,6.285714285714286,226,1,Slow-Moving Products
292,5958,20.40410958904109,3013,2,High-Volume Products
153,409,2.673202614379085,2311,0,Active/Regular Products
20,137,6.85,759,3,Low-Movement Products
2,16,8.0,152,1,Slow-Moving Products
3,7,2.333333333333333,64,1,Slow-Moving Products
19,81,4.2631578947368425,913,3,Low-Movement Products
76,451,5.934210526315789,2688,0,Active/Regular Products
30,144,4.8,1628,0,Active/Regular Products
38,142,3.736842105263158,1300,0,Active/Regular Products
35,130,3.7142857142857135,1526,0,Active/Regular Products
31,87,2.806451612903226,980,3,Low-Movement Products
136,538,3.9558823529411766,2847,0,Active/Regular Products
19,145,7.631578947368421,1506,0,Active/Regular Products
18,75,4.166666666666667,1342,3,Low-Movement Products
13,45,3.4615384615384617,708,3,Low-Movement Products
25,39,1.56,717,3,Low-Movement Products
44,75,1.7045454545454546,827,3,Low-Movement Products
63,323,5.126984126984127,1837,0,Active/Regular Products
82,1028,12.53658536585366,1715,2,High-Volume Products
105,1395,13.285714285714286,2224,2,High-Volume Products
2,7,3.5,74,1,Slow-Moving Products
1,1,1.0,281,1,Slow-Moving Products
41,529,12.902439024390244,1429,0,Active/Regular Products
1,1,1.0,0,1,Slow-Moving Products
107,393,3.6728971962616814,2764,0,Active/Regular Products
110,395,3.590909090909091,2671,0,Active/Regular Products
157,721,4.592356687898089,2827,0,Active/Regular Products
5,8,1.6,452,3,Low-Movement Products
4,4,1.0,113,1,Slow-Moving Products
5,5,1.0,483,3,Low-Movement Products
8,53,6.625,920,3,Low-Movement Products
11,34,3.090909090909091,1525,3,Low-Movement Products
2,3,1.5,142,1,Slow-Moving Products
69,892,12.92753623188406,2656,2,High-Volume Products
161,1212,7.527950310559007,2961,2,High-Volume Products
76,1845,24.276315789473685,2260,2,High-Volume Products
43,225,5.232558139534884,2088,0,Active/Regular Products
4,11,2.75,142,1,Slow-Moving Products
12,172,14.333333333333334,533,0,Active/Regular Products
6,25,4.166666666666667,227,1,Slow-Moving Products
205,7102,34.64390243902439,2799,2,High-Volume Products
15,490,32.666666666666664,934,2,High-Volume Products
8,93,11.625,230,1,Slow-Moving Products
13,459,35.30769230769231,1111,2,High-Volume Products
1,1,1.0,80,1,Slow-Moving Products
22,387,17.59090909090909,924,2,High-Volume Products
8,38,4.75,98,1,Slow-Moving Products
6,8,1.3333333333333333,180,1,Slow-Moving Products
18,198,11.0,551,0,Active/Regular Products
125,4162,33.296,2366,2,High-Volume Products
9,25,2.7777777777777777,288,3,Low-Movement Products
47,581,12.361702127659576,1915,0,Active/Regular Products
67,1403,20.94029850746269,1791,2,High-Volume Products
41,823,20.07317073170732,1409,2,High-Volume Products
4,52,13.0,67,1,Slow-Moving Products
14,235,16.785714285714285,838,0,Active/Regular Products
11,189,17.181818181818183,565,0,Active/Regular Products
146,783,5.363013698630137,2889,0,Active/Regular Products
10,17,1.7,528,3,Low-Movement Products
38,172,4.526315789473684,1801,0,Active/Regular Products
11,20,1.818181818181818,417,3,Low-Movement Products
53,180,3.39622641509434,2679,0,Active/Regular Products
51,152,2.980392156862745,2673,0,Active/Regular Products
8,18,2.25,375,3,Low-Movement Products
2,11,5.5,74,1,Slow-Moving Products
2,4,2.0,71,1,Slow-Moving Products
3,5,1.6666666666666667,105,1,Slow-Moving Products
49,444,9.06122448979592,1378,0,Active/Regular Products
2,2,1.0,149,1,Slow-Moving Products
35,1529,43.68571428571428,712,2,High-Volume Products
19,1666,87.6842105263158,466,2,High-Volume Products
63,384,6.095238095238095,2624,0,Active/Regular Products
57,707,12.403508771929824,2491,2,High-Volume Products
47,265,5.638297872340425,2474,0,Active/Regular Products
30,159,5.3,1703,0,Active/Regular Products
65,1105,17.0,1496,2,High-Volume Products
16,35,2.1875,1957,3,Low-Movement Products
2,3,1.5,255,1,Slow-Moving Products
62,370,5.967741935483871,2339,0,Active/Regular Products
661,10302,15.585476550680786,3313,2,High-Volume Products
1,8,8.0,2,1,Slow-Moving Products
1,4,4.0,2,1,Slow-Moving Products
2,12,6.0,72,1,Slow-Moving Products
3,26,8.666666666666666,52,1,Slow-Moving Products
3,36,12.0,75,1,Slow-Moving Products
10,644,64.4,187,2,High-Volume Products
15,95,6.333333333333333,1241,3,Low-Movement Products
8,144,18.0,968,0,Active/Regular Products
8,116,14.5,471,3,Low-Movement Products
6,20,3.333333333333333,380,3,Low-Movement Products
9,200,22.22222222222222,289,1,Slow-Moving Products
24,365,15.208333333333334,800,0,Active/Regular Products
3,11,3.6666666666666665,189,1,Slow-Moving Products
3,28,9.333333333333334,222,1,Slow-Moving Products
127,1582,12.456692913385826,2656,2,High-Volume Products
27,122,4.518518518518518,808,3,Low-Movement Products
12,18,1.5,272,3,Low-Movement Products
21,43,2.0476190476190474,610,3,Low-Movement Products
20,51,2.55,612,3,Low-Movement Products
30,68,2.2666666666666666,1839,3,Low-Movement Products
1100,8986,8.16909090909091,3417,2,High-Volume Products
543,2386,4.394106813996316,3045,2,High-Volume Products
685,6012,8.776642335766423,3213,2,High-Volume Products
605,2136,3.530578512396694,3057,0,Active/Regular Products
910,6735,7.401098901098901,3301,2,High-Volume Products
61,264,4.327868852459017,995,0,Active/Regular Products
351,2918,8.313390313390313,3242,2,High-Volume Products
364,3012,8.274725274725276,3161,2,High-Volume Products
291,711,2.443298969072165,3207,0,Active/Regular Products
305,2058,6.747540983606557,3210,2,High-Volume Products
631,5881,9.32012678288431,3428,2,High-Volume Products
405,3883,9.587654320987657,3142,2,High-Volume Products
437,4365,9.988558352402746,3189,2,High-Volume Products
609,7258,11.917898193760262,3285,2,High-Volume Products
141,508,3.602836879432624,2399,0,Active/Regular Products
545,6013,11.03302752293578,3195,2,High-Volume Products
3,14,4.666666666666667,91,1,Slow-Moving Products
18,71,3.9444444444444446,1012,3,Low-Movement Products
111,583,5.252252252252252,2836,0,Active/Regular Products
96,537,5.59375,2767,0,Active/Regular Products
111,696,6.27027027027027,2858,0,Active/Regular Products
1,1,1.0,57,1,Slow-Moving Products
4,4,1.0,193,1,Slow-Moving Products
4,5,1.25,299,1,Slow-Moving Products
1,36,36.0,15,1,Slow-Moving Products
73,343,4.698630136986301,2611,0,Active/Regular Products
85,324,3.8117647058823527,2650,0,Active/Regular Products
105,918,8.742857142857142,2743,0,Active/Regular Products
115,1265,11.0,2506,2,High-Volume Products
2,27,13.5,156,1,Slow-Moving Products
429,4734,11.034965034965037,3004,2,High-Volume Products
459,3319,7.230936819172113,3217,2,High-Volume Products
334,1497,4.482035928143713,3121,0,Active/Regular Products
41,108,2.6341463414634148,243,3,Low-Movement Products
165,430,2.606060606060606,3069,0,Active/Regular Products
143,303,2.1188811188811187,3018,0,Active/Regular Products
1,1,1.0,1109,3,Low-Movement Products
1,1,1.0,1109,3,Low-Movement Products
313,1003,3.2044728434504792,3261,0,Active/Regular Products
255,936,3.6705882352941175,3223,0,Active/Regular Products
7,23,3.2857142857142856,288,3,Low-Movement Products
256,3229,12.61328125,3010,2,High-Volume Products
25,281,11.24,1103,0,Active/Regular Products
535,54951,102.71214953271028,3125,2,High-Volume Products
155,415,2.677419354838709,2655,0,Active/Regular Products
7,16,2.2857142857142856,303,3,Low-Movement Products
53,218,4.113207547169812,2440,0,Active/Regular Products
25,111,4.44,738,3,Low-Movement Products
31,138,4.451612903225806,1048,0,Active/Regular Products
2,13,6.5,162,1,Slow-Moving Products
1,5,5.0,19,1,Slow-Moving Products
3,24,8.0,201,1,Slow-Moving Products
1,5,5.0,32,1,Slow-Moving Products
2,8,4.0,132,1,Slow-Moving Products
111,10315,92.92792792792793,1992,2,High-Volume Products
41,123,3.0,1174,0,Active/Regular Products
10,51,5.1,325,3,Low-Movement Products
1,1,1.0,49,1,Slow-Moving Products
27,297,11.0,1613,0,Active/Regular Products
20,108,5.4,838,3,Low-Movement Products
48,140,2.9166666666666665,2071,0,Active/Regular Products
32,357,11.15625,1696,0,Active/Regular Products
9,22,2.4444444444444446,311,3,Low-Movement Products
19,128,6.7368421052631575,1541,0,Active/Regular Products
18,22,1.2222222222222223,768,3,Low-Movement Products
27,174,6.444444444444445,2051,0,Active/Regular Products
53,245,4.622641509433962,2352,0,Active/Regular Products
40,127,3.175,2020,0,Active/Regular Products
53,270,5.09433962264151,2542,0,Active/Regular Products
4,17,4.25,1246,3,Low-Movement Products
69,192,2.782608695652174,1579,0,Active/Regular Products
126,377,2.992063492063492,2726,0,Active/Regular Products
9,10,1.1111111111111112,891,3,Low-Movement Products
39,127,3.2564102564102564,1922,0,Active/Regular Products
43,504,11.72093023255814,1886,0,Active/Regular Products
40,645,16.125,1871,2,High-Volume Products
449,9461,21.07126948775056,3261,2,High-Volume Products
23,34,1.4782608695652173,1044,3,Low-Movement Products
82,424,5.170731707317073,2392,0,Active/Regular Products
13,33,2.5384615384615383,410,3,Low-Movement Products
20,78,3.9,635,3,Low-Movement Products
517,4311,8.338491295938104,3311,2,High-Volume Products
685,6332,9.243795620437956,3409,2,High-Volume Products
688,5799,8.428779069767442,3356,2,High-Volume Products
1,11,11.0,64,1,Slow-Moving Products
6,24,4.0,302,3,Low-Movement Products
3,61,20.33333333333333,133,1,Slow-Moving Products
284,2015,7.095070422535211,2955,2,High-Volume Products
2,12,6.0,51,1,Slow-Moving Products
3,8,2.6666666666666665,60,1,Slow-Moving Products
15,566,37.73333333333333,1306,2,High-Volume Products
21,54,2.571428571428572,1788,3,Low-Movement Products
16,74,4.625,587,3,Low-Movement Products
26,126,4.846153846153846,1304,0,Active/Regular Products
91,716,7.868131868131868,2524,0,Active/Regular Products
91,721,7.923076923076923,2216,0,Active/Regular Products
14,41,2.9285714285714284,531,3,Low-Movement Products
6,12,2.0,200,1,Slow-Moving Products
7,10,1.4285714285714286,283,3,Low-Movement Products
10,46,4.6,353,3,Low-Movement Products
7,13,1.8571428571428568,368,3,Low-Movement Products
2,7,3.5,61,1,Slow-Moving Products
22,39,1.7727272727272727,1373,3,Low-Movement Products
28,66,2.357142857142857,1199,3,Low-Movement Products
36,1631,45.30555555555556,602,2,High-Volume Products
30,56,1.8666666666666667,748,3,Low-Movement Products
25,56,2.24,1584,3,Low-Movement Products
230,896,3.895652173913044,3120,0,Active/Regular Products
79,217,2.7468354430379747,2384,0,Active/Regular Products
51,130,2.549019607843137,2481,0,Active/Regular Products
23,91,3.9565217391304346,1961,3,Low-Movement Products
66,517,7.833333333333333,2180,0,Active/Regular Products
68,104,1.5294117647058822,954,3,Low-Movement Products
4,5,1.25,399,3,Low-Movement Products
27,43,1.5925925925925926,871,3,Low-Movement Products
2,2,1.0,77,1,Slow-Moving Products
239,1196,5.00418410041841,3103,0,Active/Regular Products
54,132,2.4444444444444446,2501,0,Active/Regular Products
16,34,2.125,1521,3,Low-Movement Products
40,53,1.325,498,3,Low-Movement Products
23,40,1.7391304347826086,832,3,Low-Movement Products
1,1,1.0,42,1,Slow-Moving Products
88,512,5.818181818181818,2371,0,Active/Regular Products
126,471,3.738095238095238,2623,0,Active/Regular Products
80,554,6.925,2175,0,Active/Regular Products
12,20,1.6666666666666667,1236,3,Low-Movement Products
8,52,6.5,956,3,Low-Movement Products
29,147,5.068965517241379,1215,0,Active/Regular Products
28,155,5.535714285714286,1212,0,Active/Regular Products
10,53,5.3,1400,3,Low-Movement Products
2,2,1.0,144,1,Slow-Moving Products
21,399,19.0,836,2,High-Volume Products
155,1332,8.593548387096774,2904,2,High-Volume Products
341,3138,9.20234604105572,3241,2,High-Volume Products
178,2102,11.808988764044944,3078,2,High-Volume Products
4,14,3.5,341,3,Low-Movement Products
1,5,5.0,110,1,Slow-Moving Products
2,26,13.0,36,1,Slow-Moving Products
4,22,5.5,243,1,Slow-Moving Products
7,38,5.428571428571429,898,3,Low-Movement Products
1,1,1.0,54,1,Slow-Moving Products
2,13,6.5,124,1,Slow-Moving Products
81,333,4.111111111111111,2501,0,Active/Regular Products
5,5,1.0,371,3,Low-Movement Products
94,397,4.223404255319149,2865,0,Active/Regular Products
55,237,4.3090909090909095,2176,0,Active/Regular Products
22,29,1.318181818181818,448,3,Low-Movement Products
20,23,1.15,581,3,Low-Movement Products
3,3,1.0,78,1,Slow-Moving Products
35,96,2.742857142857143,1745,3,Low-Movement Products
38,94,2.473684210526316,1756,3,Low-Movement Products
147,12442,84.63945578231292,2959,2,High-Volume Products
65,294,4.523076923076923,2571,0,Active/Regular Products
19,85,4.473684210526316,1285,3,Low-Movement Products
1,1,1.0,30,1,Slow-Moving Products
98,467,4.76530612244898,2791,0,Active/Regular Products
4,14,3.5,146,1,Slow-Moving Products
17,66,3.882352941176471,1429,3,Low-Movement Products
165,389,2.357575757575757,2932,0,Active/Regular Products
90,187,2.077777777777778,2574,0,Active/Regular Products
30,144,4.8,1694,0,Active/Regular Products
22,76,3.4545454545454546,1650,3,Low-Movement Products
1,5,5.0,10,1,Slow-Moving Products
22,78,3.5454545454545454,1400,3,Low-Movement Products
522,5023,9.622605363984674,3319,2,High-Volume Products
79,564,7.139240506329114,2312,0,Active/Regular Products
435,3732,8.579310344827586,3254,2,High-Volume Products
245,1855,7.571428571428571,3113,2,High-Volume Products
68,568,8.352941176470589,2223,0,Active/Regular Products
172,1254,7.290697674418604,2705,2,High-Volume Products
5,7,1.4,254,1,Slow-Moving Products
6,10,1.6666666666666667,327,3,Low-Movement Products
12,16,1.3333333333333333,476,3,Low-Movement Products
1,3,3.0,48,1,Slow-Moving Products
1,1,1.0,57,1,Slow-Moving Products
5,41,8.2,158,1,Slow-Moving Products
13,46,3.5384615384615383,442,3,Low-Movement Products
99,1975,19.949494949494948,2837,2,High-Volume Products
25,53,2.12,1634,3,Low-Movement Products
20,93,4.65,1293,3,Low-Movement Products
3,6,2.0,274,1,Slow-Moving Products
1,1,1.0,58,1,Slow-Moving Products
1,2,2.0,23,1,Slow-Moving Products
9,14,1.5555555555555556,611,3,Low-Movement Products
3,3,1.0,70,1,Slow-Moving Products
1,2,2.0,38,1,Slow-Moving Products
42,478,11.38095238095238,1962,0,Active/Regular Products
35,449,12.82857142857143,1752,0,Active/Regular Products
10,20,2.0,378,3,Low-Movement Products
24,40,1.6666666666666667,1835,3,Low-Movement Products
5,6,1.2,55,1,Slow-Moving Products
83,116,1.3975903614457832,2499,0,Active/Regular Products
37,50,1.351351351351351,1762,3,Low-Movement Products
22,57,2.590909090909091,1519,3,Low-Movement Products
89,280,3.146067415730337,2614,0,Active/Regular Products
42,843,20.071428571428573,1530,2,High-Volume Products
40,707,17.675,1619,2,High-Volume Products
45,661,14.688888888888888,2107,2,High-Volume Products
2,4,2.0,71,1,Slow-Moving Products
2,2,1.0,263,1,Slow-Moving Products
16,18,1.125,555,3,Low-Movement Products
20,104,5.2,1864,0,Active/Regular Products
29,115,3.9655172413793114,2246,0,Active/Regular Products
14,71,5.071428571428571,1895,3,Low-Movement Products
1,1,1.0,39,1,Slow-Moving Products
1,1,1.0,133,1,Slow-Moving Products
34,272,8.0,1932,0,Active/Regular Products
17,105,6.176470588235294,445,3,Low-Movement Products
4,24,6.0,97,1,Slow-Moving Products
43,92,2.13953488372093,1931,3,Low-Movement Products
66,179,2.712121212121212,2473,0,Active/Regular Products
47,193,4.1063829787234045,2041,0,Active/Regular Products
2,9,4.5,70,1,Slow-Moving Products
13,142,10.923076923076923,935,0,Active/Regular Products
2,6,3.0,37,1,Slow-Moving Products
12,194,16.166666666666668,914,0,Active/Regular Products
21,34,1.619047619047619,1733,3,Low-Movement Products
8,49,6.125,243,1,Slow-Moving Products
31,81,2.6129032258064515,1482,3,Low-Movement Products
15,41,2.7333333333333334,1376,3,Low-Movement Products
2,3,1.5,39,1,Slow-Moving Products
4,242,60.5,30,1,Slow-Moving Products
583,7903,13.5557461406518,3356,2,High-Volume Products
1,12,12.0,7,1,Slow-Moving Products
4,8,2.0,157,1,Slow-Moving Products
10,16,1.6,406,3,Low-Movement Products
45,95,2.111111111111111,2365,0,Active/Regular Products
18,34,1.8888888888888888,1597,3,Low-Movement Products
19,62,3.263157894736842,1384,3,Low-Movement Products
11,20,1.818181818181818,499,3,Low-Movement Products
17,25,1.4705882352941178,1434,3,Low-Movement Products
13,20,1.5384615384615383,879,3,Low-Movement Products
20,30,1.5,1763,3,Low-Movement Products
3,16,5.333333333333333,141,1,Slow-Moving Products
6,41,6.833333333333333,227,1,Slow-Moving Products
18,41,2.2777777777777777,490,3,Low-Movement Products
2,2,1.0,213,1,Slow-Moving Products
2,22,11.0,64,1,Slow-Moving Products
2,11,5.5,64,1,Slow-Moving Products
14,60,4.285714285714286,440,3,Low-Movement Products
1,1,1.0,35,1,Slow-Moving Products
20,110,5.5,1357,3,Low-Movement Products
5,32,6.4,372,3,Low-Movement Products
5,32,6.4,372,3,Low-Movement Products
9,14,1.5555555555555556,1303,3,Low-Movement Products
61,204,3.344262295081968,2548,0,Active/Regular Products
1,24,24.0,21,1,Slow-Moving Products
12,61,5.083333333333333,341,3,Low-Movement Products
8,17,2.125,228,1,Slow-Moving Products
62,558,9.0,2530,0,Active/Regular Products
621,16401,26.41062801932367,3191,2,High-Volume Products
8,43,5.375,302,3,Low-Movement Products
57,601,10.543859649122806,1734,0,Active/Regular Products
14,146,10.428571428571429,376,3,Low-Movement Products
1,3,3.0,42,1,Slow-Moving Products
48,186,3.875,1518,0,Active/Regular Products
241,833,3.4564315352697097,2964,0,Active/Regular Products
48,176,3.6666666666666665,1411,0,Active/Regular Products
1,2,2.0,18,1,Slow-Moving Products
14,16,1.1428571428571428,560,3,Low-Movement Products
43,61,1.4186046511627908,1972,3,Low-Movement Products
124,256,2.064516129032258,2536,0,Active/Regular Products
12,17,1.4166666666666667,481,3,Low-Movement Products
4,23,5.75,314,1,Slow-Moving Products
3,11,3.6666666666666665,125,1,Slow-Moving Products
10,224,22.4,283,1,Slow-Moving Products
22,360,16.363636363636363,530,0,Active/Regular Products
11,127,11.545454545454543,290,3,Low-Movement Products
9,107,11.88888888888889,296,1,Slow-Moving Products
5,46,9.2,113,1,Slow-Moving Products
3,22,7.333333333333333,89,1,Slow-Moving Products
1,2,2.0,28,1,Slow-Moving Products
1,4,4.0,37,1,Slow-Moving Products
1,3,3.0,35,1,Slow-Moving Products
4,17,4.25,143,1,Slow-Moving Products
8,70,8.75,166,1,Slow-Moving Products
6,99,16.5,164,1,Slow-Moving Products
4,32,8.0,83,1,Slow-Moving Products
3,38,12.666666666666666,186,1,Slow-Moving Products
11,137,12.454545454545457,323,3,Low-Movement Products
20,308,15.4,671,0,Active/Regular Products
8,55,6.875,463,3,Low-Movement Products
1,18,18.0,47,1,Slow-Moving Products
38,166,4.368421052631579,2090,0,Active/Regular Products
10,13,1.3,249,3,Low-Movement Products
55,951,17.29090909090909,1407,2,High-Volume Products
99,1423,14.373737373737374,1645,2,High-Volume Products
62,811,13.080645161290322,1410,2,High-Volume Products
31,259,8.35483870967742,846,0,Active/Regular Products
40,935,23.375,1234,2,High-Volume Products
25,112,4.48,338,3,Low-Movement Products
2,2,1.0,52,1,Slow-Moving Products
31,1162,37.483870967741936,914,2,High-Volume Products
14,509,36.35714285714285,560,2,High-Volume Products
182,1099,6.038461538461538,3055,0,Active/Regular Products
268,2933,10.944029850746269,3152,2,High-Volume Products
535,5937,11.097196261682242,3187,2,High-Volume Products
6,6,1.0,1126,3,Low-Movement Products
9,14,1.5555555555555556,827,3,Low-Movement Products
48,172,3.583333333333333,1831,0,Active/Regular Products
13,56,4.307692307692308,1279,3,Low-Movement Products
11,20,1.818181818181818,710,3,Low-Movement Products
53,180,3.39622641509434,2433,0,Active/Regular Products
76,266,3.5,2161,0,Active/Regular Products
114,494,4.333333333333333,2319,0,Active/Regular Products
1,5,5.0,33,1,Slow-Moving Products
2,2,1.0,599,3,Low-Movement Products
1,4,4.0,23,1,Slow-Moving Products
1,24,24.0,12,1,Slow-Moving Products
10,98,9.8,594,3,Low-Movement Products
6,186,31.0,341,1,Slow-Moving Products
35,129,3.6857142857142855,2036,0,Active/Regular Products
11,31,2.8181818181818183,1046,3,Low-Movement Products
22,84,3.8181818181818175,1287,3,Low-Movement Products
14,27,1.9285714285714288,924,3,Low-Movement Products
25,44,1.76,1820,3,Low-Movement Products
28,46,1.6428571428571428,1786,3,Low-Movement Products
32,40,1.25,1582,3,Low-Movement Products
21,26,1.238095238095238,458,3,Low-Movement Products
2,2,1.0,53,1,Slow-Moving Products
14,41,2.9285714285714284,962,3,Low-Movement Products
20,131,6.55,1592,0,Active/Regular Products
8,51,6.375,244,1,Slow-Moving Products
33,218,6.606060606060606,2048,0,Active/Regular Products
16,128,8.0,1128,0,Active/Regular Products
4,40,10.0,358,1,Slow-Moving Products
21,144,6.857142857142857,1583,0,Active/Regular Products
18,96,5.333333333333333,1415,3,Low-Movement Products
1455,36362,24.99106529209622,3351,2,High-Volume Products
76,312,4.105263157894737,2185,0,Active/Regular Products
6,12,2.0,646,3,Low-Movement Products
18,38,2.111111111111111,1634,3,Low-Movement Products
78,301,3.858974358974359,2342,0,Active/Regular Products
26,38,1.4615384615384617,780,3,Low-Movement Products
19,46,2.421052631578948,758,3,Low-Movement Products
20,35,1.75,1537,3,Low-Movement Products
12,35,2.9166666666666665,716,3,Low-Movement Products
23,29,1.2608695652173914,1629,3,Low-Movement Products
17,26,1.5294117647058822,1516,3,Low-Movement Products
74,156,2.108108108108108,2297,0,Active/Regular Products
160,323,2.01875,3073,0,Active/Regular Products
124,273,2.2016129032258065,2710,0,Active/Regular Products
86,196,2.2790697674418605,2494,0,Active/Regular Products
23,217,9.434782608695652,2128,0,Active/Regular Products
29,223,7.689655172413793,1754,0,Active/Regular Products
27,184,6.814814814814815,1807,0,Active/Regular Products
29,58,2.0,1751,3,Low-Movement Products
48,115,2.395833333333333,2343,0,Active/Regular Products
5,11,2.2,229,1,Slow-Moving Products
6,9,1.5,389,3,Low-Movement Products
98,162,1.653061224489796,2922,0,Active/Regular Products
33,81,2.4545454545454546,1831,3,Low-Movement Products
3,10,3.333333333333333,115,1,Slow-Moving Products
10,15,1.5,424,3,Low-Movement Products
14,79,5.642857142857143,452,3,Low-Movement Products
35,604,17.257142857142856,1549,2,High-Volume Products
34,709,20.852941176470587,1616,2,High-Volume Products
39,968,24.82051282051282,1675,2,High-Volume Products
28,430,15.357142857142858,1867,2,High-Volume Products
18,50,2.7777777777777777,1246,3,Low-Movement Products
14,47,3.357142857142857,1031,3,Low-Movement Products
13,59,4.538461538461538,939,3,Low-Movement Products
44,299,6.795454545454546,1606,0,Active/Regular Products
65,2412,37.10769230769231,1444,2,High-Volume Products
51,133,2.607843137254902,2387,0,Active/Regular Products
49,177,3.612244897959184,2277,0,Active/Regular Products
83,710,8.55421686746988,1848,0,Active/Regular Products
347,10545,30.389048991354468,3032,2,High-Volume Products
905,19209,21.225414364640883,3395,2,High-Volume Products
347,8652,24.93371757925072,3099,2,High-Volume Products
290,4789,16.513793103448275,2893,2,High-Volume Products
120,3619,30.15833333333333,2794,2,High-Volume Products
93,475,5.10752688172043,2815,0,Active/Regular Products
82,451,5.5,2689,0,Active/Regular Products
26,92,3.5384615384615383,1929,3,Low-Movement Products
29,186,6.413793103448276,1969,0,Active/Regular Products
12,144,12.0,932,0,Active/Regular Products
1,4,4.0,62,1,Slow-Moving Products
1,3,3.0,1,1,Slow-Moving Products
98,267,2.724489795918368,2650,0,Active/Regular Products
2,2,1.0,71,1,Slow-Moving Products
104,317,3.048076923076923,2699,0,Active/Regular Products
55,157,2.8545454545454545,2265,0,Active/Regular Products
44,132,3.0,1987,0,Active/Regular Products
65,177,2.723076923076923,2257,0,Active/Regular Products
3,5,1.6666666666666667,250,1,Slow-Moving Products
3,3,1.0,159,1,Slow-Moving Products
6,8,1.3333333333333333,565,3,Low-Movement Products
1,1,1.0,39,1,Slow-Moving Products
210,558,2.657142857142857,3058,0,Active/Regular Products
457,6064,13.2691466083151,3214,2,High-Volume Products
537,8879,16.534450651769088,3270,2,High-Volume Products
50,201,4.02,980,0,Active/Regular Products
66,238,3.606060606060606,1019,0,Active/Regular Products
172,1761,10.238372093023257,2989,2,High-Volume Products
1,2,2.0,246,1,Slow-Moving Products
28,39,1.3928571428571428,741,3,Low-Movement Products
2,5,2.5,58,1,Slow-Moving Products
37,512,13.83783783783784,1870,2,High-Volume Products
1,1,1.0,12,1,Slow-Moving Products
728,12493,17.160714285714285,3280,2,High-Volume Products
6,19,3.1666666666666665,242,1,Slow-Moving Products
5,17,3.4,241,1,Slow-Moving Products
4,13,3.25,79,1,Slow-Moving Products
18,41,2.2777777777777777,648,3,Low-Movement Products
334,3051,9.134730538922156,3049,2,High-Volume Products
510,4311,8.452941176470588,3301,2,High-Volume Products
17,27,1.588235294117647,753,3,Low-Movement Products
25,42,1.68,236,3,Low-Movement Products
2,2,1.0,36,1,Slow-Moving Products
828,18189,21.967391304347824,3369,2,High-Volume Products
615,13319,21.65691056910569,3340,2,High-Volume Products
55,343,6.236363636363636,2289,0,Active/Regular Products
18,58,3.2222222222222223,579,3,Low-Movement Products
19,32,1.6842105263157894,693,3,Low-Movement Products
260,2573,9.896153846153846,2792,2,High-Volume Products
370,4214,11.389189189189189,2985,2,High-Volume Products
335,3783,11.292537313432836,2731,2,High-Volume Products
473,5103,10.788583509513742,3004,2,High-Volume Products
65,106,1.6307692307692307,926,3,Low-Movement Products
67,364,5.432835820895522,625,0,Active/Regular Products
62,284,4.580645161290323,248,0,Active/Regular Products
73,319,4.36986301369863,609,0,Active/Regular Products
9,55,6.111111111111111,291,3,Low-Movement Products
8,13,1.625,753,3,Low-Movement Products
278,1163,4.183453237410072,2895,0,Active/Regular Products
350,1910,5.457142857142857,3123,2,High-Volume Products
14,18,1.2857142857142858,636,3,Low-Movement Products
23,25,1.0869565217391304,783,3,Low-Movement Products
143,2180,15.244755244755243,2762,2,High-Volume Products
42,563,13.404761904761903,1803,2,High-Volume Products
8,16,2.0,1472,3,Low-Movement Products
158,1077,6.816455696202532,3026,0,Active/Regular Products
10,49,4.9,515,3,Low-Movement Products
7,12,1.7142857142857142,282,3,Low-Movement Products
33,414,12.545454545454543,1503,0,Active/Regular Products
36,512,14.22222222222222,1954,2,High-Volume Products
11,182,16.545454545454547,671,0,Active/Regular Products
22,85,3.863636363636364,1518,3,Low-Movement Products
13,105,8.076923076923077,325,3,Low-Movement Products
12,193,16.083333333333332,546,0,Active/Regular Products
9,12,1.3333333333333333,362,3,Low-Movement Products
38,329,8.657894736842104,2224,0,Active/Regular Products
39,321,8.23076923076923,1948,0,Active/Regular Products
11,79,7.181818181818182,685,3,Low-Movement Products
18,70,3.888888888888889,425,3,Low-Movement Products
4,10,2.5,179,1,Slow-Moving Products
8,24,3.0,209,1,Slow-Moving Products
6,15,2.5,268,1,Slow-Moving Products
7,16,2.2857142857142856,234,1,Slow-Moving Products
1,1,1.0,39,1,Slow-Moving Products
1,3,3.0,38,1,Slow-Moving Products
135,789,5.844444444444444,2721,0,Active/Regular Products
133,786,5.909774436090226,2698,0,Active/Regular Products
140,683,4.878571428571429,2853,0,Active/Regular Products
93,687,7.387096774193548,2619,0,Active/Regular Products
74,498,6.72972972972973,2072,0,Active/Regular Products
120,945,7.875,2678,0,Active/Regular Products
158,1129,7.1455696202531644,2747,0,Active/Regular Products
3,3,1.0,275,1,Slow-Moving Products
1,1,1.0,246,1,Slow-Moving Products
81,276,3.4074074074074074,2174,0,Active/Regular Products
70,619,8.842857142857143,2316,0,Active/Regular Products
130,1137,8.746153846153845,2616,2,High-Volume Products
2,2,1.0,142,1,Slow-Moving Products
1,1,1.0,65,1,Slow-Moving Products
1,1,1.0,122,1,Slow-Moving Products
60,211,3.5166666666666666,1976,0,Active/Regular Products
49,361,7.36734693877551,1701,0,Active/Regular Products
84,742,8.833333333333334,2133,0,Active/Regular Products
1,2,2.0,30,1,Slow-Moving Products
1,1,1.0,139,1,Slow-Moving Products
142,1061,7.471830985915493,2784,0,Active/Regular Products
162,704,4.345679012345679,3043,0,Active/Regular Products
172,806,4.686046511627907,3045,0,Active/Regular Products
67,305,4.552238805970149,2759,0,Active/Regular Products
29,40,1.3793103448275863,753,3,Low-Movement Products
164,888,5.414634146341464,2946,0,Active/Regular Products
35,137,3.914285714285714,1298,0,Active/Regular Products
21,32,1.5238095238095235,721,3,Low-Movement Products
11,42,3.8181818181818175,389,3,Low-Movement Products
2,3,1.5,174,1,Slow-Moving Products
261,1359,5.206896551724138,2866,0,Active/Regular Products
323,3001,9.291021671826623,3128,2,High-Volume Products
13,54,4.153846153846154,495,3,Low-Movement Products
224,1215,5.424107142857143,2911,0,Active/Regular Products
107,547,5.11214953271028,2010,0,Active/Regular Products
409,2860,6.992665036674817,3249,2,High-Volume Products
88,378,4.295454545454546,1922,0,Active/Regular Products
258,1608,6.232558139534884,2972,2,High-Volume Products
184,848,4.608695652173913,2989,0,Active/Regular Products
36,244,6.777777777777778,974,0,Active/Regular Products
2,2,1.0,205,1,Slow-Moving Products
1,1,1.0,281,1,Slow-Moving Products
2,2,1.0,81,1,Slow-Moving Products
42,109,2.595238095238096,982,3,Low-Movement Products
51,113,2.215686274509804,227,3,Low-Movement Products
317,1693,5.340694006309148,3100,0,Active/Regular Products
115,587,5.104347826086957,2710,0,Active/Regular Products
16,45,2.8125,1511,3,Low-Movement Products
128,411,3.2109375,2835,0,Active/Regular Products
162,2146,13.246913580246911,2907,2,High-Volume Products
159,1462,9.19496855345912,2725,2,High-Volume Products
30,215,7.166666666666667,1697,0,Active/Regular Products
519,1784,3.4373795761079,3144,0,Active/Regular Products
5,7,1.4,81,1,Slow-Moving Products
111,1041,9.37837837837838,2400,2,High-Volume Products
125,1290,10.32,2666,2,High-Volume Products
105,683,6.504761904761905,2607,0,Active/Regular Products
84,403,4.797619047619048,2427,0,Active/Regular Products
124,1932,15.580645161290322,2694,2,High-Volume Products
7,20,2.857142857142857,216,1,Slow-Moving Products
50,146,2.92,2045,0,Active/Regular Products
125,339,2.712,2734,0,Active/Regular Products
51,259,5.078431372549019,2458,0,Active/Regular Products
5,13,2.6,434,3,Low-Movement Products
2,27,13.5,132,1,Slow-Moving Products
88,708,8.045454545454545,2657,0,Active/Regular Products
90,640,7.111111111111111,2827,0,Active/Regular Products
48,150,3.125,2478,0,Active/Regular Products
16,25,1.5625,1704,3,Low-Movement Products
2089,48371,23.155098133078027,3513,2,High-Volume Products
933,13900,14.89817792068596,3361,2,High-Volume Products
812,17237,21.22783251231527,3267,2,High-Volume Products
10,46,4.6,201,1,Slow-Moving Products
28,143,5.107142857142857,1708,0,Active/Regular Products
17,201,11.823529411764708,1147,0,Active/Regular Products
20,649,32.45,1627,2,High-Volume Products
27,249,9.22222222222222,948,0,Active/Regular Products
1,12,12.0,28,1,Slow-Moving Products
57,1409,24.719298245614038,2245,2,High-Volume Products
56,649,11.589285714285714,2423,2,High-Volume Products
77,477,6.194805194805195,2666,0,Active/Regular Products
75,516,6.88,2474,0,Active/Regular Products
15,49,3.2666666666666666,340,3,Low-Movement Products
14,36,2.571428571428572,625,3,Low-Movement Products
35,162,4.628571428571429,887,0,Active/Regular Products
1,3,3.0,292,1,Slow-Moving Products
89,941,10.573033707865168,2610,2,High-Volume Products
10,146,14.6,915,0,Active/Regular Products
1,1,1.0,122,1,Slow-Moving Products
2198,37641,17.12511373976342,3562,2,High-Volume Products
67,292,4.358208955223881,1067,0,Active/Regular Products
39,93,2.3846153846153846,2246,0,Active/Regular Products
39,94,2.41025641025641,1895,3,Low-Movement Products
33,161,4.878787878787879,1911,0,Active/Regular Products
1,2,2.0,73,1,Slow-Moving Products
51,187,3.6666666666666665,2230,0,Active/Regular Products
31,119,3.838709677419355,2175,0,Active/Regular Products
15,80,5.333333333333333,1491,3,Low-Movement Products
65,207,3.1846153846153844,2594,0,Active/Regular Products
10,77,7.7,365,3,Low-Movement Products
62,834,13.451612903225806,2066,2,High-Volume Products
46,482,10.478260869565217,1586,0,Active/Regular Products
62,565,9.112903225806452,2011,0,Active/Regular Products
119,996,8.369747899159664,2621,2,High-Volume Products
172,623,3.622093023255814,3023,0,Active/Regular Products
50,193,3.86,2433,0,Active/Regular Products
206,850,4.12621359223301,3054,0,Active/Regular Products
110,545,4.954545454545454,2414,0,Active/Regular Products
75,529,7.053333333333334,1904,0,Active/Regular Products
211,1520,7.203791469194313,2781,2,High-Volume Products
8,8,1.0,304,3,Low-Movement Products
9,9,1.0,179,1,Slow-Moving Products
3,3,1.0,125,1,Slow-Moving Products
8,19,2.375,245,1,Slow-Moving Products
45,65,1.4444444444444444,1931,3,Low-Movement Products
67,106,1.582089552238806,2267,0,Active/Regular Products
53,71,1.339622641509434,2086,3,Low-Movement Products
2,2,1.0,118,1,Slow-Moving Products
36,52,1.4444444444444444,1930,3,Low-Movement Products
39,120,3.076923076923077,806,3,Low-Movement Products
41,220,5.365853658536586,973,0,Active/Regular Products
13,37,2.8461538461538463,382,3,Low-Movement Products
9,45,5.0,487,3,Low-Movement Products
478,4037,8.44560669456067,3250,2,High-Volume Products
677,8246,12.180206794682425,3270,2,High-Volume Products
47,453,9.638297872340424,1134,0,Active/Regular Products
59,622,10.542372881355933,1161,0,Active/Regular Products
1,6,6.0,2,1,Slow-Moving Products
16,106,6.625,915,3,Low-Movement Products
1,1,1.0,77,1,Slow-Moving Products
20,35,1.75,1631,3,Low-Movement Products
32,66,2.0625,1769,3,Low-Movement Products
36,84,2.333333333333333,2186,3,Low-Movement Products
8,50,6.25,739,3,Low-Movement Products
35,51,1.457142857142857,2444,3,Low-Movement Products
88,812,9.227272727272728,2699,0,Active/Regular Products
62,329,5.306451612903226,2618,0,Active/Regular Products
46,429,9.326086956521738,2196,0,Active/Regular Products
50,351,7.02,2437,0,Active/Regular Products
1,1,1.0,33,1,Slow-Moving Products
39,215,5.512820512820513,2233,0,Active/Regular Products
72,335,4.652777777777778,2722,0,Active/Regular Products
100,451,4.51,2821,0,Active/Regular Products
43,1314,30.55813953488372,1555,2,High-Volume Products
86,479,5.569767441860465,2713,0,Active/Regular Products
157,613,3.9044585987261136,3003,0,Active/Regular Products
143,5321,37.20979020979021,2266,2,High-Volume Products
172,918,5.337209302325581,3113,0,Active/Regular Products
63,812,12.88888888888889,2527,2,High-Volume Products
140,2518,17.985714285714284,2801,2,High-Volume Products
59,193,3.2711864406779663,2633,0,Active/Regular Products
36,106,2.9444444444444446,2475,0,Active/Regular Products
1,1,1.0,237,1,Slow-Moving Products
63,503,7.984126984126984,2082,0,Active/Regular Products
48,271,5.645833333333333,2132,0,Active/Regular Products
86,667,7.755813953488372,1833,0,Active/Regular Products
118,996,8.440677966101696,2340,2,High-Volume Products
193,1652,8.55958549222798,2948,2,High-Volume Products
2,2,1.0,291,1,Slow-Moving Products
71,297,4.183098591549296,2281,0,Active/Regular Products
8,15,1.875,356,3,Low-Movement Products
79,567,7.177215189873418,2209,0,Active/Regular Products
78,528,6.769230769230769,2165,0,Active/Regular Products
69,337,4.884057971014493,1755,0,Active/Regular Products
42,319,7.595238095238095,1470,0,Active/Regular Products
10,78,7.8,815,3,Low-Movement Products
3,9,3.0,143,1,Slow-Moving Products
73,947,12.972602739726028,1879,2,High-Volume Products
72,1197,16.625,2237,2,High-Volume Products
3,11,3.6666666666666665,245,1,Slow-Moving Products
19,34,1.7894736842105263,717,3,Low-Movement Products
9,90,10.0,564,3,Low-Movement Products
95,977,10.284210526315787,2633,2,High-Volume Products
261,2660,10.191570881226054,3154,2,High-Volume Products
26,183,7.038461538461538,785,0,Active/Regular Products
106,672,6.339622641509434,2669,0,Active/Regular Products
127,895,7.047244094488189,2857,0,Active/Regular Products
104,2050,19.71153846153846,2694,2,High-Volume Products
29,122,4.206896551724138,1049,3,Low-Movement Products
114,974,8.543859649122806,1851,0,Active/Regular Products
4,14,3.5,158,1,Slow-Moving Products
48,223,4.645833333333333,2166,0,Active/Regular Products
24,149,6.208333333333333,1601,0,Active/Regular Products
79,2451,31.025316455696203,2139,2,High-Volume Products
33,829,25.12121212121212,1666,2,High-Volume Products
58,164,2.827586206896552,1974,0,Active/Regular Products
18,223,12.38888888888889,1425,0,Active/Regular Products
8,55,6.875,414,3,Low-Movement Products
1,3,3.0,22,1,Slow-Moving Products
3,6,2.0,46,1,Slow-Moving Products
223,1477,6.623318385650224,3109,2,High-Volume Products
18,840,46.66666666666666,762,2,High-Volume Products
39,1288,33.02564102564103,988,2,High-Volume Products
24,1101,45.875,765,2,High-Volume Products
12,338,28.166666666666668,296,2,High-Volume Products
25,1032,41.28,772,2,High-Volume Products
151,868,5.748344370860927,2976,0,Active/Regular Products
81,594,7.333333333333333,2477,0,Active/Regular Products
3,3,1.0,119,1,Slow-Moving Products
6,6,1.0,147,1,Slow-Moving Products
29,78,2.689655172413793,1271,3,Low-Movement Products
13,274,21.07692307692308,1253,2,High-Volume Products
69,193,2.7971014492753623,2478,0,Active/Regular Products
8,13,1.625,929,3,Low-Movement Products
7,11,1.5714285714285714,1202,3,Low-Movement Products
14,21,1.5,1958,3,Low-Movement Products
4,5,1.25,1309,3,Low-Movement Products
3,5,1.6666666666666667,494,3,Low-Movement Products
5,5,1.0,1090,3,Low-Movement Products
5,7,1.4,1038,3,Low-Movement Products
9,13,1.4444444444444444,1145,3,Low-Movement Products
10,15,1.5,1755,3,Low-Movement Products
24,32,1.3333333333333333,2418,3,Low-Movement Products
16,30,1.875,1843,3,Low-Movement Products
14,23,1.6428571428571428,2081,3,Low-Movement Products
10,14,1.4,1608,3,Low-Movement Products
15,18,1.2,1836,3,Low-Movement Products
7,11,1.5714285714285714,936,3,Low-Movement Products
16,25,1.5625,1950,3,Low-Movement Products
6,6,1.0,1269,3,Low-Movement Products
7,12,1.7142857142857142,1348,3,Low-Movement Products
2,2,1.0,836,3,Low-Movement Products
3,3,1.0,955,3,Low-Movement Products
3,3,1.0,900,3,Low-Movement Products
5,11,2.2,698,3,Low-Movement Products
3,13,4.333333333333333,71,1,Slow-Moving Products
32,52,1.625,2505,3,Low-Movement Products
31,36,1.1612903225806452,2528,3,Low-Movement Products
28,39,1.3928571428571428,2530,3,Low-Movement Products
3,6,2.0,1125,3,Low-Movement Products
21,27,1.2857142857142858,1836,3,Low-Movement Products
15,17,1.1333333333333333,1669,3,Low-Movement Products
4,5,1.25,577,3,Low-Movement Products
7,17,2.4285714285714284,616,3,Low-Movement Products
19,22,1.1578947368421053,2027,3,Low-Movement Products
3,3,1.0,1004,3,Low-Movement Products
37,46,1.2432432432432432,2581,3,Low-Movement Products
17,22,1.2941176470588236,2089,3,Low-Movement Products
9,12,1.3333333333333333,1269,3,Low-Movement Products
27,38,1.4074074074074074,2155,3,Low-Movement Products
18,18,1.0,2255,3,Low-Movement Products
11,13,1.181818181818182,1876,3,Low-Movement Products
1,1,1.0,187,1,Slow-Moving Products
1,1,1.0,59,1,Slow-Moving Products
20,24,1.2,2175,3,Low-Movement Products
9,13,1.4444444444444444,1359,3,Low-Movement Products
6,8,1.3333333333333333,1325,3,Low-Movement Products
3,4,1.3333333333333333,760,3,Low-Movement Products
2,2,1.0,244,1,Slow-Moving Products
2,2,1.0,633,3,Low-Movement Products
4,5,1.25,1616,3,Low-Movement Products
2,2,1.0,82,1,Slow-Moving Products
1,1,1.0,186,1,Slow-Moving Products
3,3,1.0,555,3,Low-Movement Products
1,1,1.0,134,1,Slow-Moving Products
4,4,1.0,648,3,Low-Movement Products
1,2,2.0,69,1,Slow-Moving Products
3,3,1.0,285,1,Slow-Moving Products
3,4,1.3333333333333333,388,3,Low-Movement Products
3,3,1.0,132,1,Slow-Moving Products
3,6,2.0,697,3,Low-Movement Products
3,3,1.0,978,3,Low-Movement Products
5,5,1.0,1129,3,Low-Movement Products
6,9,1.5,1404,3,Low-Movement Products
14,16,1.1428571428571428,1776,3,Low-Movement Products
4,5,1.25,668,3,Low-Movement Products
7,72,10.285714285714286,150,1,Slow-Moving Products
25,122,4.88,1922,0,Active/Regular Products
11,77,7.0,1269,3,Low-Movement Products
7,50,7.142857142857143,720,3,Low-Movement Products
8,21,2.625,533,3,Low-Movement Products
9,10,1.1111111111111112,1485,3,Low-Movement Products
2,2,1.0,748,3,Low-Movement Products
3,5,1.6666666666666667,472,3,Low-Movement Products
1,2,2.0,14,1,Slow-Moving Products
4,6,1.5,373,3,Low-Movement Products
2,4,2.0,315,1,Slow-Moving Products
5,9,1.8,1040,3,Low-Movement Products
5,12,2.4,290,1,Slow-Moving Products
11,14,1.2727272727272727,1311,3,Low-Movement Products
5,8,1.6,1205,3,Low-Movement Products
1,1,1.0,174,1,Slow-Moving Products
5,10,2.0,1087,3,Low-Movement Products
5,5,1.0,1221,3,Low-Movement Products
10,15,1.5,1751,3,Low-Movement Products
8,13,1.625,1564,3,Low-Movement Products
4,9,2.25,581,3,Low-Movement Products
3,8,2.6666666666666665,978,3,Low-Movement Products
6,11,1.8333333333333333,1423,3,Low-Movement Products
6,6,1.0,1569,3,Low-Movement Products
9,21,2.333333333333333,1712,3,Low-Movement Products
5,14,2.8,920,3,Low-Movement Products
11,18,1.6363636363636365,1561,3,Low-Movement Products
10,15,1.5,1665,3,Low-Movement Products
4,5,1.25,971,3,Low-Movement Products
2,3,1.5,61,1,Slow-Moving Products
5,5,1.0,1106,3,Low-Movement Products
2,4,2.0,387,1,Slow-Moving Products
1,3,3.0,28,1,Slow-Moving Products
1,3,3.0,28,1,Slow-Moving Products
3,5,1.6666666666666667,607,3,Low-Movement Products
4,8,2.0,509,3,Low-Movement Products
7,10,1.4285714285714286,1031,3,Low-Movement Products
2,2,1.0,733,3,Low-Movement Products
4,4,1.0,988,3,Low-Movement Products
9,9,1.0,1699,3,Low-Movement Products
5,5,1.0,1235,3,Low-Movement Products
4,4,1.0,1313,3,Low-Movement Products
22,1008,45.81818181818182,662,2,High-Volume Products
7,324,46.285714285714285,360,2,High-Volume Products
15,612,40.8,530,2,High-Volume Products
27,45,1.6666666666666667,2477,3,Low-Movement Products
10,16,1.6,1868,3,Low-Movement Products
10,15,1.5,1670,3,Low-Movement Products
19,25,1.3157894736842106,2168,3,Low-Movement Products
15,25,1.6666666666666667,2175,3,Low-Movement Products
14,21,1.5,1985,3,Low-Movement Products
1,1,1.0,34,1,Slow-Moving Products
3,3,1.0,59,1,Slow-Moving Products
6,6,1.0,1355,3,Low-Movement Products
26,44,1.6923076923076923,1975,3,Low-Movement Products
8,12,1.5,333,3,Low-Movement Products
6,9,1.5,531,3,Low-Movement Products
6,10,1.6666666666666667,863,3,Low-Movement Products
7,12,1.7142857142857142,205,1,Slow-Moving Products
4,7,1.75,206,1,Slow-Moving Products
2,2,1.0,61,1,Slow-Moving Products
7,14,2.0,1055,3,Low-Movement Products
2,2,1.0,558,3,Low-Movement Products
1,1,1.0,8,1,Slow-Moving Products
1,2,2.0,45,1,Slow-Moving Products
14,20,1.4285714285714286,1740,3,Low-Movement Products
33,44,1.3333333333333333,2524,3,Low-Movement Products
14,21,1.5,2135,3,Low-Movement Products
18,27,1.5,2108,3,Low-Movement Products
3,4,1.3333333333333333,1031,3,Low-Movement Products
3,4,1.3333333333333333,744,3,Low-Movement Products
4,9,2.25,1202,3,Low-Movement Products
3,3,1.0,962,3,Low-Movement Products
1,2,2.0,49,1,Slow-Moving Products
4,10,2.5,854,3,Low-Movement Products
8,15,1.875,341,3,Low-Movement Products
1,1,1.0,1,1,Slow-Moving Products
15,20,1.3333333333333333,2057,3,Low-Movement Products
18,30,1.6666666666666667,1770,3,Low-Movement Products
10,25,2.5,385,3,Low-Movement Products
5,9,1.8,730,3,Low-Movement Products
9,25,2.7777777777777777,1741,3,Low-Movement Products
1,1,1.0,38,1,Slow-Moving Products
10,34,3.4,1422,3,Low-Movement Products
28,102,3.642857142857143,2281,0,Active/Regular Products
25,107,4.28,2269,0,Active/Regular Products
9,20,2.2222222222222223,1704,3,Low-Movement Products
1,1,1.0,459,3,Low-Movement Products
10,52,5.2,1324,3,Low-Movement Products
13,14,1.0769230769230769,434,3,Low-Movement Products
26,45,1.7307692307692308,2040,3,Low-Movement Products
10,29,2.9,420,3,Low-Movement Products
16,27,1.6875,1094,3,Low-Movement Products
1,1,1.0,66,1,Slow-Moving Products
17,39,2.294117647058824,2159,3,Low-Movement Products
1,10,10.0,47,1,Slow-Moving Products
16,29,1.8125,2054,3,Low-Movement Products
12,28,2.333333333333333,1681,3,Low-Movement Products
12,70,5.833333333333333,1791,3,Low-Movement Products
1,2,2.0,10,1,Slow-Moving Products
88,167,1.8977272727272727,2838,0,Active/Regular Products
31,54,1.7419354838709675,2051,3,Low-Movement Products
45,64,1.4222222222222225,2543,3,Low-Movement Products
19,30,1.5789473684210529,2179,3,Low-Movement Products
36,83,2.305555555555556,2241,3,Low-Movement Products
3,7,2.333333333333333,981,3,Low-Movement Products
15,39,2.6,2069,3,Low-Movement Products
22,51,2.3181818181818183,2181,3,Low-Movement Products
5,10,2.0,834,3,Low-Movement Products
14,21,1.5,1878,3,Low-Movement Products
6,6,1.0,797,3,Low-Movement Products
11,24,2.1818181818181817,1523,3,Low-Movement Products
9,15,1.6666666666666667,652,3,Low-Movement Products
5,9,1.8,537,3,Low-Movement Products
6,14,2.333333333333333,835,3,Low-Movement Products
5,6,1.2,1372,3,Low-Movement Products
6,8,1.3333333333333333,555,3,Low-Movement Products
11,12,1.0909090909090908,1533,3,Low-Movement Products
8,11,1.375,905,3,Low-Movement Products
10,115,11.5,1003,3,Low-Movement Products
12,30,2.5,1438,3,Low-Movement Products
7,77,11.0,810,3,Low-Movement Products
19,95,5.0,1653,3,Low-Movement Products
10,11,1.1,1091,3,Low-Movement Products
1,1,1.0,487,3,Low-Movement Products
1,2,2.0,378,1,Slow-Moving Products
1,2,2.0,378,1,Slow-Moving Products
2,3,1.5,739,3,Low-Movement Products
2,2,1.0,684,3,Low-Movement Products
2,2,1.0,789,3,Low-Movement Products
2,2,1.0,704,3,Low-Movement Products
20,45,2.25,2037,3,Low-Movement Products
20,57,2.85,2070,3,Low-Movement Products
16,35,2.1875,1849,3,Low-Movement Products
7,14,2.0,1266,3,Low-Movement Products
14,42,3.0,1934,3,Low-Movement Products
16,40,2.5,1786,3,Low-Movement Products
6,6,1.0,1250,3,Low-Movement Products
31,39,1.2580645161290325,2506,3,Low-Movement Products
13,14,1.0769230769230769,2202,3,Low-Movement Products
3,3,1.0,1053,3,Low-Movement Products
2,5,2.5,229,1,Slow-Moving Products
3,3,1.0,947,3,Low-Movement Products
13,19,1.4615384615384617,1829,3,Low-Movement Products
45,54,1.2,2694,3,Low-Movement Products
2,8,4.0,189,1,Slow-Moving Products
1,1,1.0,171,1,Slow-Moving Products
2,3,1.5,50,1,Slow-Moving Products
3,3,1.0,954,3,Low-Movement Products
7,10,1.4285714285714286,1590,3,Low-Movement Products
2,2,1.0,735,3,Low-Movement Products
10,12,1.2,1629,3,Low-Movement Products
5,9,1.8,1324,3,Low-Movement Products
8,10,1.25,1671,3,Low-Movement Products
2,4,2.0,478,3,Low-Movement Products
2,5,2.5,76,1,Slow-Moving Products
1,1,1.0,454,3,Low-Movement Products
4,10,2.5,467,3,Low-Movement Products
19,32,1.6842105263157894,1764,3,Low-Movement Products
14,18,1.2857142857142858,1824,3,Low-Movement Products
18,28,1.5555555555555556,1658,3,Low-Movement Products
7,17,2.4285714285714284,1358,3,Low-Movement Products
23,32,1.391304347826087,1898,3,Low-Movement Products
6,8,1.3333333333333333,453,3,Low-Movement Products
4,53,13.25,738,3,Low-Movement Products
4,8,2.0,166,1,Slow-Moving Products
5,5,1.0,1102,3,Low-Movement Products
2,2,1.0,532,3,Low-Movement Products
1,1,1.0,41,1,Slow-Moving Products
5,57,11.4,217,1,Slow-Moving Products
7,9,1.2857142857142858,987,3,Low-Movement Products
3,4,1.3333333333333333,91,1,Slow-Moving Products
5,10,2.0,1189,3,Low-Movement Products
35,45,1.2857142857142858,2469,3,Low-Movement Products
5,6,1.2,1554,3,Low-Movement Products
15,38,2.533333333333333,1442,3,Low-Movement Products
12,30,2.5,1333,3,Low-Movement Products
26,54,2.076923076923077,2125,3,Low-Movement Products
12,38,3.1666666666666665,811,3,Low-Movement Products
21,24,1.1428571428571428,2201,3,Low-Movement Products
37,76,2.054054054054054,2549,3,Low-Movement Products
50,83,1.66,2667,0,Active/Regular Products
34,64,1.8823529411764703,2557,3,Low-Movement Products
1,6,6.0,12,1,Slow-Moving Products
10,27,2.7,371,3,Low-Movement Products
7,14,2.0,324,3,Low-Movement Products
5,10,2.0,211,1,Slow-Moving Products
9,12,1.3333333333333333,1663,3,Low-Movement Products
5,7,1.4,1587,3,Low-Movement Products
14,27,1.9285714285714288,1710,3,Low-Movement Products
15,38,2.533333333333333,2004,3,Low-Movement Products
15,16,1.0666666666666669,2020,3,Low-Movement Products
18,19,1.0555555555555556,2220,3,Low-Movement Products
15,21,1.4,1973,3,Low-Movement Products
1,10,10.0,50,1,Slow-Moving Products
12,18,1.5,1922,3,Low-Movement Products
11,19,1.7272727272727273,2140,3,Low-Movement Products
37,85,2.2972972972972974,2527,0,Active/Regular Products
17,32,1.8823529411764703,1961,3,Low-Movement Products
21,38,1.809523809523809,2249,3,Low-Movement Products
25,27,1.08,2192,3,Low-Movement Products
9,10,1.1111111111111112,1688,3,Low-Movement Products
6,9,1.5,104,1,Slow-Moving Products
20,23,1.15,2113,3,Low-Movement Products
2,3,1.5,216,1,Slow-Moving Products
3,4,1.3333333333333333,769,3,Low-Movement Products
2,3,1.5,208,1,Slow-Moving Products
4,7,1.75,196,1,Slow-Moving Products
3,4,1.3333333333333333,713,3,Low-Movement Products
9,14,1.5555555555555556,1690,3,Low-Movement Products
7,14,2.0,1521,3,Low-Movement Products
14,26,1.8571428571428568,2087,3,Low-Movement Products
14,25,1.7857142857142858,2032,3,Low-Movement Products
9,14,1.5555555555555556,1763,3,Low-Movement Products
8,8,1.0,856,3,Low-Movement Products
1,1,1.0,26,1,Slow-Moving Products
5,6,1.2,1427,3,Low-Movement Products
3,3,1.0,921,3,Low-Movement Products
6,6,1.0,835,3,Low-Movement Products
9,17,1.8888888888888888,1127,3,Low-Movement Products
5,5,1.0,1013,3,Low-Movement Products
7,7,1.0,1673,3,Low-Movement Products
14,15,1.0714285714285714,2295,3,Low-Movement Products
1,1,1.0,242,1,Slow-Moving Products
8,8,1.0,1805,3,Low-Movement Products
5,5,1.0,1356,3,Low-Movement Products
9,14,1.5555555555555556,1972,3,Low-Movement Products
23,40,1.7391304347826086,2280,3,Low-Movement Products
17,21,1.2352941176470589,2329,3,Low-Movement Products
9,9,1.0,1663,3,Low-Movement Products
1,1,1.0,1109,3,Low-Movement Products
9,13,1.4444444444444444,1104,3,Low-Movement Products
21,33,1.5714285714285714,1963,3,Low-Movement Products
17,21,1.2352941176470589,1910,3,Low-Movement Products
1,1,1.0,1109,3,Low-Movement Products
13,31,2.3846153846153846,1595,3,Low-Movement Products
12,23,1.9166666666666667,1674,3,Low-Movement Products
10,26,2.6,1706,3,Low-Movement Products
11,35,3.1818181818181817,881,3,Low-Movement Products
9,11,1.2222222222222223,1466,3,Low-Movement Products
15,22,1.4666666666666666,1689,3,Low-Movement Products
1,1,1.0,176,1,Slow-Moving Products
8,12,1.5,1862,3,Low-Movement Products
7,9,1.2857142857142858,1836,3,Low-Movement Products
2,2,1.0,95,1,Slow-Moving Products
10,16,1.6,1687,3,Low-Movement Products
7,13,1.8571428571428568,1380,3,Low-Movement Products
19,20,1.0526315789473684,2046,3,Low-Movement Products
10,26,2.6,1412,3,Low-Movement Products
25,42,1.68,2369,3,Low-Movement Products
10,16,1.6,1273,3,Low-Movement Products
10,19,1.9,1063,3,Low-Movement Products
4,4,1.0,419,3,Low-Movement Products
5,8,1.6,224,1,Slow-Moving Products
5,5,1.0,311,3,Low-Movement Products
27,35,1.2962962962962965,2437,3,Low-Movement Products
44,75,1.7045454545454546,2650,3,Low-Movement Products
17,36,2.117647058823529,1963,3,Low-Movement Products
6,11,1.8333333333333333,1122,3,Low-Movement Products
8,9,1.125,1546,3,Low-Movement Products
10,19,1.9,996,3,Low-Movement Products
6,6,1.0,1160,3,Low-Movement Products
50,78,1.56,2643,3,Low-Movement Products
47,93,1.9787234042553192,2470,0,Active/Regular Products
26,50,1.9230769230769231,1944,3,Low-Movement Products
78,175,2.243589743589744,2846,0,Active/Regular Products
44,103,2.340909090909091,2544,0,Active/Regular Products
28,69,2.4642857142857144,2196,3,Low-Movement Products
23,86,3.739130434782609,2316,3,Low-Movement Products
21,63,3.0,2058,3,Low-Movement Products
31,77,2.4838709677419355,2405,3,Low-Movement Products
15,22,1.4666666666666666,2114,3,Low-Movement Products
10,17,1.7,2004,3,Low-Movement Products
14,20,1.4285714285714286,2118,3,Low-Movement Products
11,22,2.0,1814,3,Low-Movement Products
18,29,1.6111111111111112,1960,3,Low-Movement Products
16,31,1.9375,2109,3,Low-Movement Products
15,29,1.9333333333333331,2033,3,Low-Movement Products
9,12,1.3333333333333333,1756,3,Low-Movement Products
31,45,1.4516129032258065,2409,3,Low-Movement Products
37,53,1.4324324324324325,2612,3,Low-Movement Products
4,84,21.0,170,1,Slow-Moving Products
54,184,3.4074074074074074,2437,0,Active/Regular Products
31,263,8.483870967741936,2450,0,Active/Regular Products
10,34,3.4,1503,3,Low-Movement Products
7,41,5.857142857142857,720,3,Low-Movement Products
10,99,9.9,1689,0,Active/Regular Products
8,107,13.375,872,3,Low-Movement Products
8,12,1.5,1668,3,Low-Movement Products
6,9,1.5,973,3,Low-Movement Products
8,10,1.25,1233,3,Low-Movement Products
3,7,2.333333333333333,42,1,Slow-Moving Products
56,130,2.321428571428572,2537,0,Active/Regular Products
22,37,1.681818181818182,1941,3,Low-Movement Products
33,91,2.757575757575758,2324,0,Active/Regular Products
32,68,2.125,2200,3,Low-Movement Products
30,72,2.4,2245,3,Low-Movement Products
15,27,1.8,1623,3,Low-Movement Products
30,60,2.0,2077,3,Low-Movement Products
30,48,1.6,2323,3,Low-Movement Products
13,38,2.923076923076923,1528,3,Low-Movement Products
41,71,1.7317073170731707,2351,3,Low-Movement Products
38,78,2.0526315789473686,2280,3,Low-Movement Products
37,94,2.5405405405405403,2230,0,Active/Regular Products
28,60,2.142857142857143,1972,3,Low-Movement Products
24,41,1.7083333333333333,2230,3,Low-Movement Products
5,16,3.2,1212,3,Low-Movement Products
16,39,2.4375,1816,3,Low-Movement Products
25,41,1.64,2004,3,Low-Movement Products
41,94,2.292682926829268,2429,0,Active/Regular Products
11,24,2.1818181818181817,1291,3,Low-Movement Products
1,12,12.0,44,1,Slow-Moving Products
14,26,1.8571428571428568,1593,3,Low-Movement Products
5,16,3.2,728,3,Low-Movement Products
8,66,8.25,1211,3,Low-Movement Products
10,22,2.2,1504,3,Low-Movement Products
2,2,1.0,0,1,Slow-Moving Products
1,1,1.0,0,1,Slow-Moving Products
11,12,1.0909090909090908,0,1,Slow-Moving Products
141,142,1.0070921985815602,1145,0,Active/Regular Products
4,4,1.0,990,3,Low-Movement Products
1,1,1.0,131,1,Slow-Moving Products
1,1,1.0,177,1,Slow-Moving Products
1,1,1.0,136,1,Slow-Moving Products
2,3,1.5,739,3,Low-Movement Products
11,47,4.2727272727272725,1508,3,Low-Movement Products
13,47,3.615384615384616,1479,3,Low-Movement Products
706,706,1.0,3274,0,Active/Regular Products
289,6984,24.166089965397923,2478,2,High-Volume Products
3,3,1.0,113,1,Slow-Moving Products
1126,3150,2.797513321492007,2166,0,Active/Regular Products
2,2,1.0,0,1,Slow-Moving Products
8,9,1.125,1368,3,Low-Movement Products
9,10,1.1111111111111112,1589,3,Low-Movement Products
7,7,1.0,832,3,Low-Movement Products
3,3,1.0,548,3,Low-Movement Products
4,4,1.0,1003,3,Low-Movement Products
1,1,1.0,77,1,Slow-Moving Products
