StockCode,order_frequency,total_quantity,avg_quantity_per_order,related_product_count,cluster_name,recommended_zone,distance_from_packing,picking_priority,current_distance,distance_saved,recommended_distance
23309,407,8275,19.60900473933649,2973,High-Volume Products,Zone A,10.0,1210418,60,50.0,10.0
22086,1160,19329,16.32516891891892,3372,High-Volume Products,Zone A,10.0,3912680,60,50.0,10.0
85123A,2198,37641,16.70705725699068,3562,High-Volume Products,Zone A,10.0,7831474,60,50.0,10.0
22577,538,10608,19.14801444043321,3172,High-Volume Products,Zone A,10.0,1707074,60,50.0,10.0
84836,535,5937,10.893577981651376,3187,High-Volume Products,Zone A,10.0,1705580,60,50.0,10.0
22998,534,12366,22.985130111524164,3189,High-Volume Products,Zone A,10.0,1703460,60,50.0,10.0
22616,512,26119,49.94072657743786,3319,High-Volume Products,Zone A,10.0,1699840,60,50.0,10.0
15036,518,23826,45.907514450867055,3267,High-Volume Products,Zone A,10.0,1692824,60,50.0,10.0
22189,524,8284,15.749049429657797,3213,High-Volume Products,Zone A,10.0,1684136,60,50.0,10.0
22595,467,6788,14.320675105485233,3224,High-Volume Products,Zone A,10.0,1506075,60,50.0,10.0
17003,239,23020,95.51867219917013,3023,High-Volume Products,Zone A,10.0,722736,60,50.0,10.0
71459,440,13605,30.85034013605442,3061,High-Volume Products,Zone A,10.0,1347280,60,50.0,10.0
84077,535,54951,102.5205223880597,3125,High-Volume Products,Zone A,10.0,1672410,60,50.0,10.0
20971,522,10993,20.899239543726235,3200,High-Volume Products,Zone A,10.0,1670922,60,50.0,10.0
21094,527,8758,16.462406015037594,3168,High-Volume Products,Zone A,10.0,1670063,60,50.0,10.0
21231,509,6054,11.847358121330725,3252,High-Volume Products,Zone A,10.0,1655777,60,50.0,10.0
23310,245,12050,48.983739837398375,2676,High-Volume Products,Zone A,10.0,655865,60,50.0,10.0
20668,215,12883,59.09633027522936,2935,High-Volume Products,Zone A,10.0,631240,60,50.0,10.0
22666,1111,8269,7.389633601429848,3501,High-Volume Products,Zone A,10.0,3890722,60,50.0,10.0
22960,1132,8695,7.6743159752868495,3433,High-Volume Products,Zone A,10.0,3887288,60,50.0,10.0
22382,1157,10427,8.957903780068728,3339,High-Volume Products,Zone A,10.0,3864380,60,50.0,10.0
23203,1231,20485,16.493558776167472,3110,High-Volume Products,Zone A,10.0,3829641,60,50.0,10.0
20728,1150,11786,10.142857142857142,3329,High-Volume Products,Zone A,10.0,3829500,60,50.0,10.0
82482,1100,8986,8.124773960216999,3417,High-Volume Products,Zone A,10.0,3759800,60,50.0,10.0
22699,1065,9864,9.19291705498602,3438,High-Volume Products,Zone A,10.0,3662535,60,50.0,10.0
22384,1090,10487,9.524977293369664,3337,High-Volume Products,Zone A,10.0,3638420,60,50.0,10.0
23298,1146,8466,7.291989664082688,3132,High-Volume Products,Zone A,10.0,3590418,60,50.0,10.0
22993,1073,12649,11.604587155963303,3337,High-Volume Products,Zone A,10.0,3581674,60,50.0,10.0
22178,1037,24275,23.318924111431315,3451,High-Volume Products,Zone A,10.0,3579724,60,50.0,10.0
22697,1013,7278,7.12133072407045,3469,High-Volume Products,Zone A,10.0,3515110,60,50.0,10.0
20724,1032,17761,17.012452107279692,3390,High-Volume Products,Zone A,10.0,3499512,60,50.0,10.0
22727,1051,7800,7.351555136663525,3320,High-Volume Products,Zone A,10.0,3490371,60,50.0,10.0
20726,1017,9909,9.620388349514563,3339,High-Volume Products,Zone A,10.0,3396780,60,50.0,10.0
23209,1098,13170,11.82226211849192,3054,High-Volume Products,Zone A,10.0,3354390,60,50.0,10.0
21080,986,13202,13.136318407960198,3372,High-Volume Products,Zone A,10.0,3325778,60,50.0,10.0
22077,955,9172,9.455670103092784,3433,High-Volume Products,Zone A,10.0,3279470,60,50.0,10.0
22726,980,6419,6.490394337714863,3341,High-Volume Products,Zone A,10.0,3275160,60,50.0,10.0
23206,1036,12147,11.535612535612536,3104,High-Volume Products,Zone A,10.0,3216780,60,50.0,10.0
21790,926,14521,15.53048128342246,3399,High-Volume Products,Zone A,10.0,3148400,60,50.0,10.0
22139,962,4518,4.686721991701245,3268,High-Volume Products,Zone A,10.0,3144778,60,50.0,10.0
22470,925,9887,10.563034188034187,3395,High-Volume Products,Zone A,10.0,3141300,60,50.0,10.0
85099C,933,13900,14.74019088016967,3361,High-Volume Products,Zone A,10.0,3136746,60,50.0,10.0
23199,978,14908,15.119675456389452,3185,High-Volume Products,Zone A,10.0,3115908,60,50.0,10.0
23084,994,30739,30.2251720747296,3122,High-Volume Products,Zone A,10.0,3104262,60,50.0,10.0
84946,905,19209,21.0625,3395,High-Volume Products,Zone A,10.0,3073380,60,50.0,10.0
22629,900,14249,15.744751381215467,3353,High-Volume Products,Zone A,10.0,3018600,60,50.0,10.0
22138,934,4937,5.2633262260127935,3218,High-Volume Products,Zone A,10.0,3006546,60,50.0,10.0
82494L,910,6735,7.344601962922574,3301,High-Volume Products,Zone A,10.0,3004820,60,50.0,10.0
22355,882,18124,20.364044943820225,3378,High-Volume Products,Zone A,10.0,2980278,60,50.0,10.0
21977,869,24820,28.204545454545453,3415,High-Volume Products,Zone A,10.0,2968504,60,50.0,10.0
20914,880,6361,7.123180291153416,3333,High-Volume Products,Zone A,10.0,2933920,60,50.0,10.0
21929,865,11006,12.621559633027523,3363,High-Volume Products,Zone A,10.0,2909860,60,50.0,10.0
23301,913,8807,9.57282608695652,3183,High-Volume Products,Zone A,10.0,2906992,60,50.0,10.0
21731,849,14001,16.37543859649123,3396,High-Volume Products,Zone A,10.0,2884053,60,50.0,10.0
22630,850,11780,13.72960372960373,3385,High-Volume Products,Zone A,10.0,2878100,60,50.0,10.0
20712,863,9773,11.24626006904488,3327,High-Volume Products,Zone A,10.0,2872064,60,50.0,10.0
21232,831,11842,14.165071770334928,3436,High-Volume Products,Zone A,10.0,2856147,60,50.0,10.0
21181,845,12274,14.322053675612604,3362,High-Volume Products,Zone A,10.0,2841735,60,50.0,10.0
23201,906,13366,14.67178924259056,3135,High-Volume Products,Zone A,10.0,2841216,60,50.0,10.0
84991,828,18189,21.55094786729858,3369,High-Volume Products,Zone A,10.0,2790360,60,50.0,10.0
22112,858,6017,6.900229357798165,3249,High-Volume Products,Zone A,10.0,2788500,60,50.0,10.0
22722,834,5966,7.043683589138134,3324,High-Volume Products,Zone A,10.0,2773050,60,50.0,10.0
20719,833,13290,15.821428571428571,3318,High-Volume Products,Zone A,10.0,2764727,60,50.0,10.0
21175,809,12207,15.033251231527094,3396,High-Volume Products,Zone A,10.0,2748173,60,50.0,10.0
23245,873,6345,7.243150684931507,3084,High-Volume Products,Zone A,10.0,2693205,60,50.0,10.0
21928,806,10468,12.939431396786157,3311,High-Volume Products,Zone A,10.0,2669472,60,50.0,10.0
23202,879,10941,12.348758465011286,3030,High-Volume Products,Zone A,10.0,2664249,60,50.0,10.0
21034,871,1878,2.066006600660066,3050,High-Volume Products,Zone A,10.0,2657421,60,50.0,10.0
85099F,812,17237,21.123774509803923,3267,High-Volume Products,Zone A,10.0,2653616,60,50.0,10.0
22910,820,10594,12.74849578820698,3232,High-Volume Products,Zone A,10.0,2651060,60,50.0,10.0
22090,798,7562,9.428927680798004,3312,High-Volume Products,Zone A,10.0,2643774,60,50.0,10.0
22728,783,5356,6.77117572692794,3314,High-Volume Products,Zone A,10.0,2595645,60,50.0,10.0
22558,772,8676,11.19483870967742,3348,High-Volume Products,Zone A,10.0,2585428,60,50.0,10.0
21754,777,2759,3.532650448143406,3296,High-Volume Products,Zone A,10.0,2561769,60,50.0,10.0
22111,771,4655,5.960307298335468,3276,High-Volume Products,Zone A,10.0,2526567,60,50.0,10.0
22379,748,6896,9.194666666666668,3345,High-Volume Products,Zone A,10.0,2502808,60,50.0,10.0
22698,765,5788,7.536458333333333,3242,High-Volume Products,Zone A,10.0,2480895,60,50.0,10.0
22356,742,9716,12.86887417218543,3340,High-Volume Products,Zone A,10.0,2479022,60,50.0,10.0
POST,1126,3150,2.797513321492007,2166,High-Volume Products,Zone A,10.0,2440042,60,50.0,10.0
21733,741,7872,10.45418326693227,3275,High-Volume Products,Zone A,10.0,2427516,60,50.0,10.0
21166,723,10324,14.18131868131868,3344,High-Volume Products,Zone A,10.0,2418435,60,50.0,10.0
20723,722,9793,13.488980716253444,3320,High-Volume Products,Zone A,10.0,2397762,60,50.0,10.0
23300,758,6809,8.889033942558747,3151,High-Volume Products,Zone A,10.0,2389216,60,50.0,10.0
84978,728,12493,17.043656207366986,3280,High-Volume Products,Zone A,10.0,2388568,60,50.0,10.0
22659,707,11504,15.933518005540169,3365,High-Volume Products,Zone A,10.0,2379762,60,50.0,10.0
22326,732,8535,11.643929058663028,3201,High-Volume Products,Zone A,10.0,2343864,60,50.0,10.0
84378,685,6332,9.15028901734104,3409,High-Volume Products,Zone A,10.0,2335850,60,50.0,10.0
22554,704,7803,10.928571428571429,3291,High-Volume Products,Zone A,10.0,2317568,60,50.0,10.0
21326,340,10535,30.44797687861272,3028,High-Volume Products,Zone A,10.0,1029860,60,50.0,10.0
22624,711,1883,2.648382559774965,3250,High-Volume Products,Zone A,10.0,2311461,60,50.0,10.0
84380,688,5799,8.355907780979827,3356,High-Volume Products,Zone A,10.0,2309616,60,50.0,10.0
21930,705,6438,9.016806722689076,3272,High-Volume Products,Zone A,10.0,2307465,60,50.0,10.0
22467,681,7926,11.503628447024674,3367,High-Volume Products,Zone A,10.0,2293608,60,50.0,10.0
20685,696,4088,5.865136298421808,3254,High-Volume Products,Zone A,10.0,2265480,60,50.0,10.0
22966,670,7440,10.909090909090908,3343,High-Volume Products,Zone A,10.0,2240480,60,50.0,10.0
85152,677,8246,12.144329896907216,3270,High-Volume Products,Zone A,10.0,2214467,60,50.0,10.0
22907,670,6573,9.498554913294798,3304,High-Volume Products,Zone A,10.0,2214350,60,50.0,10.0
23355,782,5816,7.306532663316583,2830,High-Volume Products,Zone A,10.0,2213842,60,50.0,10.0
23207,740,7830,10.357142857142858,2989,High-Volume Products,Zone A,10.0,2212600,60,50.0,10.0
22385,686,8666,12.523121387283236,3218,High-Volume Products,Zone A,10.0,2208234,60,50.0,10.0
82484,685,6012,8.776642335766423,3213,High-Volume Products,Zone A,10.0,2201590,60,50.0,10.0
22662,682,6706,9.718840579710143,3218,High-Volume Products,Zone A,10.0,2195358,60,50.0,10.0
22551,673,8074,11.856093979441996,3256,High-Volume Products,Zone A,10.0,2191961,60,50.0,10.0
79321,661,10302,15.44527736131934,3313,High-Volume Products,Zone A,10.0,2190554,60,50.0,10.0
23284,728,5487,7.495901639344262,3007,High-Volume Products,Zone A,10.0,2189824,60,50.0,10.0
21213,663,15169,22.60655737704918,3267,High-Volume Products,Zone A,10.0,2166684,60,50.0,10.0
82580,631,5881,9.27602523659306,3428,High-Volume Products,Zone A,10.0,2163699,60,50.0,10.0
22835,657,3441,5.197885196374623,3287,High-Volume Products,Zone A,10.0,2160216,60,50.0,10.0
20713,657,11429,17.264350453172206,3276,High-Volume Products,Zone A,10.0,2152989,60,50.0,10.0
22969,646,12520,19.38080495356037,3305,High-Volume Products,Zone A,10.0,2135676,60,50.0,10.0
21915,661,21903,32.98644578313253,3214,High-Volume Products,Zone A,10.0,2125115,60,50.0,10.0
23344,716,10285,14.245152354570637,2962,High-Volume Products,Zone A,10.0,2121508,60,50.0,10.0
22865,654,8439,12.67117117117117,3189,High-Volume Products,Zone A,10.0,2086260,60,50.0,10.0
84992,615,13319,21.141269841269843,3340,High-Volume Products,Zone A,10.0,2054715,60,50.0,10.0
22114,643,5740,8.885448916408668,3173,High-Volume Products,Zone A,10.0,2040882,60,50.0,10.0
22083,610,4616,7.554828150572831,3316,High-Volume Products,Zone A,10.0,2023370,60,50.0,10.0
21485,623,3524,5.50625,3246,High-Volume Products,Zone A,10.0,2022881,60,50.0,10.0
22952,619,16056,25.364928909952607,3257,High-Volume Products,Zone A,10.0,2016702,60,50.0,10.0
22417,520,8420,15.977229601518026,3156,High-Volume Products,Zone A,10.0,1641640,60,50.0,10.0
21791,607,7864,12.870703764320783,3309,High-Volume Products,Zone A,10.0,2009170,60,50.0,10.0
82583,609,7258,11.687600644122384,3285,High-Volume Products,Zone A,10.0,2001174,60,50.0,10.0
22621,609,6148,9.932148626817447,3282,High-Volume Products,Zone A,10.0,1999347,60,50.0,10.0
20972,616,7337,11.795819935691318,3227,High-Volume Products,Zone A,10.0,1988448,60,50.0,10.0
84755,621,16401,26.368167202572348,3191,High-Volume Products,Zone A,10.0,1982232,60,50.0,10.0
22909,610,8976,14.384615384615383,3227,High-Volume Products,Zone A,10.0,1969080,60,50.0,10.0
84692,583,7903,13.394915254237288,3356,High-Volume Products,Zone A,10.0,1957131,60,50.0,10.0
23208,668,6308,9.317577548005907,2923,High-Volume Products,Zone A,10.0,1953232,60,50.0,10.0
21889,587,6390,10.667779632721205,3317,High-Volume Products,Zone A,10.0,1947666,60,50.0,10.0
21975,601,12312,20.01951219512195,3228,High-Volume Products,Zone A,10.0,1940629,60,50.0,10.0
21914,603,7876,12.911475409836063,3196,High-Volume Products,Zone A,10.0,1927791,60,50.0,10.0
23307,629,12049,18.797191887675503,3013,High-Volume Products,Zone A,10.0,1895806,60,50.0,10.0
20718,575,4769,8.250865051903114,3293,High-Volume Products,Zone A,10.0,1894050,60,50.0,10.0
48138,616,3751,6.06957928802589,3070,High-Volume Products,Zone A,10.0,1891736,60,50.0,10.0
22489,443,9719,21.791479820627803,3209,High-Volume Products,Zone A,10.0,1422030,60,50.0,10.0
23166,247,78033,312.132,2784,High-Volume Products,Zone A,10.0,687895,60,50.0,10.0
22557,566,4712,8.180555555555555,3296,High-Volume Products,Zone A,10.0,1866102,60,50.0,10.0
22951,437,7481,16.925339366515836,3251,High-Volume Products,Zone A,10.0,1421124,60,50.0,10.0
21985,427,8775,20.454545454545453,3207,High-Volume Products,Zone A,10.0,1369816,60,50.0,10.0
23293,552,8471,15.290613718411551,2926,High-Volume Products,Zone A,10.0,1615704,60,50.0,10.0
22555,515,6010,11.469465648854962,3104,High-Volume Products,Zone A,10.0,1599075,60,50.0,10.0
23321,629,4716,7.3229813664596275,2918,High-Volume Products,Zone A,10.0,1836051,60,50.0,10.0
22328,581,6835,11.683760683760685,3133,High-Volume Products,Zone A,10.0,1820854,60,50.0,10.0
84347,449,9461,20.39008620689655,3261,High-Volume Products,Zone A,10.0,1464638,60,50.0,10.0
22867,554,6433,11.467023172905526,3240,High-Volume Products,Zone A,10.0,1795514,60,50.0,10.0
23200,595,7067,11.81772575250836,3004,High-Volume Products,Zone A,10.0,1787975,60,50.0,10.0
21498,336,10526,31.327380952380956,2278,High-Volume Products,Zone A,10.0,765744,60,50.0,10.0
22492,380,26633,70.08684210526316,2917,High-Volume Products,Zone A,10.0,1108840,60,50.0,10.0
84945,347,10545,29.957386363636363,3032,High-Volume Products,Zone A,10.0,1052451,60,50.0,10.0
22556,571,6113,10.594454072790295,3106,High-Volume Products,Zone A,10.0,1774097,60,50.0,10.0
22578,512,10460,19.73584905660377,3075,High-Volume Products,Zone A,10.0,1574912,60,50.0,10.0
21137,375,11651,30.986702127659573,3006,High-Volume Products,Zone A,10.0,1127625,60,50.0,10.0
22693,305,16244,53.25901639344262,2915,High-Volume Products,Zone A,10.0,889380,60,50.0,10.0
84970S,537,8879,16.534450651769088,3270,High-Volume Products,Zone A,10.0,1756527,60,50.0,10.0
21891,425,8130,18.819444444444443,3192,High-Volume Products,Zone A,10.0,1357025,60,50.0,10.0
82600,545,6013,10.95264116575592,3195,High-Volume Products,Zone A,10.0,1741820,60,50.0,10.0
22988,418,9073,21.5,3235,High-Volume Products,Zone A,10.0,1352648,60,50.0,10.0
22866,548,6611,11.763345195729537,3167,High-Volume Products,Zone A,10.0,1736064,60,50.0,10.0
23204,583,7976,13.610921501706486,2974,High-Volume Products,Zone A,10.0,1734425,60,50.0,10.0
22151,332,15126,44.61946902654867,2975,High-Volume Products,Zone A,10.0,988032,60,50.0,10.0
22149,547,6070,10.976491862567812,3157,High-Volume Products,Zone A,10.0,1727426,60,50.0,10.0
23077,344,10395,30.218023255813957,2816,High-Volume Products,Zone A,10.0,969048,60,50.0,10.0
22029,527,8161,15.456439393939394,3246,High-Volume Products,Zone A,10.0,1711169,60,50.0,10.0
85099B,2089,48371,22.93551446183025,3513,High-Volume Products,Zone A,10.0,7340746,60,50.0,10.0
22423,1988,13851,6.901345291479821,3537,High-Volume Products,Zone A,10.0,7033544,60,50.0,10.0
47566,1685,18283,10.761035903472632,3480,High-Volume Products,Zone A,10.0,5865485,60,50.0,10.0
20725,1565,19432,12.283185840707963,3469,High-Volume Products,Zone A,10.0,5430550,60,50.0,10.0
22197,1392,56898,40.12552891396333,3545,High-Volume Products,Zone A,10.0,4936032,60,50.0,10.0
84879,1455,36362,24.63550135501355,3351,High-Volume Products,Zone A,10.0,4877160,60,50.0,10.0
22720,1385,7483,5.375718390804598,3432,High-Volume Products,Zone A,10.0,4754705,60,50.0,10.0
21212,1320,36396,26.920118343195263,3438,High-Volume Products,Zone A,10.0,4539480,60,50.0,10.0
22383,1285,12518,9.58499234303216,3452,High-Volume Products,Zone A,10.0,4437105,60,50.0,10.0
22457,1249,9119,7.266135458167331,3508,High-Volume Products,Zone A,10.0,4382741,60,50.0,10.0
20727,1273,12195,9.373558800922368,3438,High-Volume Products,Zone A,10.0,4377847,60,50.0,10.0
22469,1201,17963,14.735849056603774,3522,High-Volume Products,Zone A,10.0,4231123,60,50.0,10.0
21931,1184,13651,11.432998324958124,3472,High-Volume Products,Zone A,10.0,4112032,60,50.0,10.0
22386,1218,21448,17.40909090909091,3354,High-Volume Products,Zone A,10.0,4086390,60,50.0,10.0
22961,1162,16396,14.085910652920962,3475,High-Volume Products,Zone A,10.0,4039112,60,50.0,10.0
22411,1175,12574,10.655932203389831,3428,High-Volume Products,Zone A,10.0,4029075,60,50.0,10.0
21755,629,2011,3.17192429022082,3202,Active/Regular Products,Zone B,25.0,2014687,60,35.0,25.0
21559,573,3933,6.769363166953529,3277,Active/Regular Products,Zone B,25.0,1878294,60,35.0,25.0
48194,592,3416,5.760539629005059,3162,Active/Regular Products,Zone B,25.0,1872496,60,35.0,25.0
22553,560,4242,7.442105263157894,3312,Active/Regular Products,Zone B,25.0,1855280,60,35.0,25.0
22219,544,4133,7.47377938517179,3407,Active/Regular Products,Zone B,25.0,1853952,60,35.0,25.0
82486,605,2136,3.5073891625615765,3057,Active/Regular Products,Zone B,25.0,1850090,60,35.0,25.0
48187,600,3807,6.323920265780731,3060,Active/Regular Products,Zone B,25.0,1836600,60,35.0,25.0
21174,538,4175,7.674632352941177,3360,Active/Regular Products,Zone B,25.0,1808218,60,35.0,25.0
22730,570,2885,5.043706293706293,3122,Active/Regular Products,Zone B,25.0,1780110,60,35.0,25.0
21935,530,3393,6.389830508474576,3354,Active/Regular Products,Zone B,25.0,1778150,60,35.0,25.0
21314,541,4246,7.833948339483395,3285,Active/Regular Products,Zone B,25.0,1777726,60,35.0,25.0
22625,546,1620,2.967032967032967,3237,Active/Regular Products,Zone B,25.0,1767948,60,35.0,25.0
22144,544,4073,7.365280289330922,3238,Active/Regular Products,Zone B,25.0,1762016,60,35.0,25.0
22367,550,3749,6.779385171790235,3202,Active/Regular Products,Zone B,25.0,1761650,60,35.0,25.0
22113,561,3220,5.5326460481099655,3115,Active/Regular Products,Zone B,25.0,1748076,60,35.0,25.0
22900,533,4907,9.03683241252302,3257,Active/Regular Products,Zone B,25.0,1736514,60,35.0,25.0
84596B,522,5023,9.495274102079396,3319,Active/Regular Products,Zone B,25.0,1733040,60,35.0,25.0
84375,517,4311,8.27447216890595,3311,Active/Regular Products,Zone B,25.0,1712304,60,35.0,25.0
84988,510,4311,8.436399217221135,3301,Active/Regular Products,Zone B,25.0,1684020,60,35.0,25.0
21936,531,3985,7.4906015037593985,3160,Active/Regular Products,Zone B,25.0,1678491,60,35.0,25.0
21843,539,2012,3.719038817005545,3111,Active/Regular Products,Zone B,25.0,1677368,60,35.0,25.0
20711,522,5007,9.55534351145038,3169,Active/Regular Products,Zone B,25.0,1654740,60,35.0,25.0
82483,543,2386,4.3699633699633695,3045,Active/Regular Products,Zone B,25.0,1653978,60,35.0,25.0
22776,536,1244,2.3165735567970205,3068,Active/Regular Products,Zone B,25.0,1644984,60,35.0,25.0
22173,493,2444,4.907630522088353,3310,Active/Regular Products,Zone B,25.0,1632323,60,35.0,25.0
85066,519,1784,3.404580152671756,3144,Active/Regular Products,Zone B,25.0,1632255,60,35.0,25.0
21479,499,3915,7.676470588235294,3257,Active/Regular Products,Zone B,25.0,1625742,60,35.0,25.0
23322,562,3069,5.365384615384615,2886,Active/Regular Products,Zone B,25.0,1622494,60,35.0,25.0
22766,504,3267,6.431102362204724,3168,Active/Regular Products,Zone B,25.0,1597176,60,35.0,25.0
21523,502,3245,6.464143426294821,3180,Active/Regular Products,Zone B,25.0,1596862,60,35.0,25.0
21481,490,3307,6.614,3246,Active/Regular Products,Zone B,25.0,1591030,60,35.0,25.0
22620,483,4889,9.977551020408164,3266,Active/Regular Products,Zone B,25.0,1577961,60,35.0,25.0
22196,472,2847,5.943632567849686,3332,Active/Regular Products,Zone B,25.0,1573176,60,35.0,25.0
85150,478,4037,8.427974947807932,3250,Active/Regular Products,Zone B,25.0,1553978,60,35.0,25.0
22352,482,3088,6.380165289256198,3223,Active/Regular Products,Zone B,25.0,1553968,60,35.0,25.0
21908,468,3771,7.972515856236787,3313,Active/Regular Products,Zone B,25.0,1550952,60,35.0,25.0
23240,536,4177,7.6501831501831505,2851,Active/Regular Products,Zone B,25.0,1528672,60,35.0,25.0
22804,474,3131,6.522916666666666,3218,Active/Regular Products,Zone B,25.0,1525806,60,35.0,25.0
22147,481,6226,12.577777777777778,3128,Active/Regular Products,Zone B,25.0,1505049,60,35.0,25.0
21524,480,1752,3.6424116424116426,3116,Active/Regular Products,Zone B,25.0,1496160,60,35.0,25.0
22150,468,3021,6.40042372881356,3190,Active/Regular Products,Zone B,25.0,1493388,60,35.0,25.0
22427,506,2106,4.137524557956778,2949,Active/Regular Products,Zone B,25.0,1492700,60,35.0,25.0
21154,451,4034,8.807860262008735,3302,Active/Regular Products,Zone B,25.0,1489653,60,35.0,25.0
22456,476,1727,3.620545073375262,3126,Active/Regular Products,Zone B,25.0,1488452,60,35.0,25.0
21165,449,4154,9.12967032967033,3309,Active/Regular Products,Zone B,25.0,1486190,60,35.0,25.0
84029G,459,3319,7.122317596566524,3217,Active/Regular Products,Zone B,25.0,1477062,60,35.0,25.0
84970L,457,6064,13.240174672489085,3214,Active/Regular Products,Zone B,25.0,1469255,60,35.0,25.0
21430,477,3034,6.334029227557411,3066,Active/Regular Products,Zone B,25.0,1462959,60,35.0,25.0
22381,469,3439,7.27061310782241,3118,Active/Regular Products,Zone B,25.0,1462811,60,35.0,25.0
21155,485,3155,6.425661914460285,3005,Active/Regular Products,Zone B,25.0,1457910,60,35.0,25.0
22568,470,3373,7.13107822410148,3099,Active/Regular Products,Zone B,25.0,1457000,60,35.0,25.0
22141,457,2791,6.015086206896552,3186,Active/Regular Products,Zone B,25.0,1456459,60,35.0,25.0
22507,459,2960,6.44880174291939,3167,Active/Regular Products,Zone B,25.0,1454112,60,35.0,25.0
15056N,456,3950,8.624454148471616,3161,Active/Regular Products,Zone B,25.0,1441872,60,35.0,25.0
22619,443,2480,5.560538116591928,3252,Active/Regular Products,Zone B,25.0,1441079,60,35.0,25.0
21172,467,3485,7.352320675105485,3081,Active/Regular Products,Zone B,25.0,1439294,60,35.0,25.0
21210,453,5808,12.821192052980132,3173,Active/Regular Products,Zone B,25.0,1437822,60,35.0,25.0
21992,436,1901,4.300904977375565,3283,Active/Regular Products,Zone B,25.0,1431824,60,35.0,25.0
22424,454,873,1.922907488986784,3143,Active/Regular Products,Zone B,25.0,1427376,60,35.0,25.0
21621,475,2787,5.74639175257732,3002,Active/Regular Products,Zone B,25.0,1426425,60,35.0,25.0
22983,443,5290,11.941309255079007,3209,Active/Regular Products,Zone B,25.0,1422030,60,35.0,25.0
84997D,473,5103,10.720588235294118,3004,Active/Regular Products,Zone B,25.0,1421365,60,35.0,25.0
22633,479,4851,9.839756592292089,2960,Active/Regular Products,Zone B,25.0,1418319,60,35.0,25.0
23198,475,3342,6.8907216494845365,2983,Active/Regular Products,Zone B,25.0,1417400,60,35.0,25.0
22663,450,3419,7.580931263858093,3148,Active/Regular Products,Zone B,25.0,1417050,60,35.0,25.0
84596F,435,3732,8.405405405405405,3254,Active/Regular Products,Zone B,25.0,1415925,60,35.0,25.0
21169,450,4413,9.677631578947368,3145,Active/Regular Products,Zone B,25.0,1415700,60,35.0,25.0
22771,441,6539,14.628635346756152,3200,Active/Regular Products,Zone B,25.0,1411641,60,35.0,25.0
20676,448,5023,11.137472283813748,3144,Active/Regular Products,Zone B,25.0,1408960,60,35.0,25.0
21993,425,1937,4.5362997658079625,3298,Active/Regular Products,Zone B,25.0,1402075,60,35.0,25.0
22749,449,2362,5.1798245614035086,3105,Active/Regular Products,Zone B,25.0,1394594,60,35.0,25.0
82582,437,4365,9.943052391799544,3189,Active/Regular Products,Zone B,25.0,1394030,60,35.0,25.0
21932,446,2720,6.044444444444444,3108,Active/Regular Products,Zone B,25.0,1386614,60,35.0,25.0
22748,436,2117,4.8223234624145785,3172,Active/Regular Products,Zone B,25.0,1383428,60,35.0,25.0
22652,467,5091,10.831914893617022,2956,Active/Regular Products,Zone B,25.0,1380919,60,35.0,25.0
22502,463,1937,4.156652360515022,2973,Active/Regular Products,Zone B,25.0,1376962,60,35.0,25.0
23343,476,6078,12.506172839506172,2890,Active/Regular Products,Zone B,25.0,1376116,60,35.0,25.0
23243,470,4800,10.19108280254777,2915,Active/Regular Products,Zone B,25.0,1370520,60,35.0,25.0
22617,464,2209,4.730192719486081,2946,Active/Regular Products,Zone B,25.0,1367408,60,35.0,25.0
22692,443,1522,3.435665914221219,3082,Active/Regular Products,Zone B,25.0,1365769,60,35.0,25.0
23182,433,3741,8.560640732265446,3148,Active/Regular Products,Zone B,25.0,1363517,60,35.0,25.0
22759,422,5435,12.63953488372093,3224,Active/Regular Products,Zone B,25.0,1360950,60,35.0,25.0
23205,467,5857,12.461702127659574,2911,Active/Regular Products,Zone B,25.0,1359904,60,35.0,25.0
47591D,439,3207,7.305239179954442,3080,Active/Regular Products,Zone B,25.0,1352559,60,35.0,25.0
22745,423,2021,4.755294117647058,3195,Active/Regular Products,Zone B,25.0,1351908,60,35.0,25.0
21216,430,2128,4.903225806451613,3137,Active/Regular Products,Zone B,25.0,1349340,60,35.0,25.0
21934,411,2421,5.87621359223301,3267,Active/Regular Products,Zone B,25.0,1343148,60,35.0,25.0
21892,412,3192,7.636363636363637,3256,Active/Regular Products,Zone B,25.0,1341884,60,35.0,25.0
20717,412,2855,6.84652278177458,3248,Active/Regular Products,Zone B,25.0,1338588,60,35.0,25.0
85049E,409,2860,6.891566265060241,3249,Active/Regular Products,Zone B,25.0,1329250,60,35.0,25.0
22667,464,2882,6.118895966029724,2859,Active/Regular Products,Zone B,25.0,1327040,60,35.0,25.0
22501,445,1602,3.6,2980,Active/Regular Products,Zone B,25.0,1326545,60,35.0,25.0
22193,460,1400,3.0434782608695654,2880,Active/Regular Products,Zone B,25.0,1325260,60,35.0,25.0
21668,437,5494,12.458049886621316,3028,Active/Regular Products,Zone B,25.0,1323673,60,35.0,25.0
22212,399,1609,3.982673267326733,3306,Active/Regular Products,Zone B,25.0,1319493,60,35.0,25.0
22725,428,1980,4.56221198156682,3071,Active/Regular Products,Zone B,25.0,1314816,60,35.0,25.0
23170,445,6857,15.408988764044944,2949,Active/Regular Products,Zone B,25.0,1312750,60,35.0,25.0
22694,405,1842,4.481751824817518,3234,Active/Regular Products,Zone B,25.0,1310175,60,35.0,25.0
22488,415,3195,7.661870503597123,3156,Active/Regular Products,Zone B,25.0,1310155,60,35.0,25.0
22487,429,784,1.827505827505828,3051,Active/Regular Products,Zone B,25.0,1309308,60,35.0,25.0
21558,412,2131,5.122596153846154,3172,Active/Regular Products,Zone B,25.0,1307276,60,35.0,25.0
22371,392,1086,2.749367088607595,3328,Active/Regular Products,Zone B,25.0,1304968,60,35.0,25.0
21086,428,7121,16.370114942528737,3042,Active/Regular Products,Zone B,25.0,1302404,60,35.0,25.0
22082,409,2680,6.457831325301205,3164,Active/Regular Products,Zone B,25.0,1294485,60,35.0,25.0
23263,445,3863,8.149789029535865,2905,Active/Regular Products,Zone B,25.0,1293170,60,35.0,25.0
35970,456,5050,10.86021505376344,2834,Active/Regular Products,Zone B,25.0,1292760,60,35.0,25.0
22729,445,2323,5.139380530973451,2903,Active/Regular Products,Zone B,25.0,1292280,60,35.0,25.0
84029E,429,4734,10.808219178082192,3004,Active/Regular Products,Zone B,25.0,1289145,60,35.0,25.0
23295,444,6134,13.63111111111111,2899,Active/Regular Products,Zone B,25.0,1287600,60,35.0,25.0
22996,408,4801,11.56867469879518,3154,Active/Regular Products,Zone B,25.0,1287240,60,35.0,25.0
22561,433,5883,13.309954751131222,2969,Active/Regular Products,Zone B,25.0,1286010,60,35.0,25.0
21933,410,2672,6.407673860911271,3130,Active/Regular Products,Zone B,25.0,1283710,60,35.0,25.0
22413,412,3774,9.072115384615383,3111,Active/Regular Products,Zone B,25.0,1282144,60,35.0,25.0
22661,415,5194,12.39618138424821,3082,Active/Regular Products,Zone B,25.0,1279445,60,35.0,25.0
21669,425,5252,12.101382488479263,3005,Active/Regular Products,Zone B,25.0,1277550,60,35.0,25.0
21912,396,1786,4.51010101010101,3214,Active/Regular Products,Zone B,25.0,1273140,60,35.0,25.0
82581,405,3883,9.564039408866996,3142,Active/Regular Products,Zone B,25.0,1272915,60,35.0,25.0
23356,476,2359,4.8539094650205765,2673,Active/Regular Products,Zone B,25.0,1272824,60,35.0,25.0
22750,413,2001,4.810096153846154,3055,Active/Regular Products,Zone B,25.0,1262128,60,35.0,25.0
21035,394,2599,6.546599496221663,3200,Active/Regular Products,Zone B,25.0,1261194,60,35.0,25.0
22844,416,1003,2.3995215311004783,3029,Active/Regular Products,Zone B,25.0,1260480,60,35.0,25.0
22585,395,6221,15.285012285012286,3169,Active/Regular Products,Zone B,25.0,1252150,60,35.0,25.0
21976,393,5199,13.06281407035176,3177,Active/Regular Products,Zone B,25.0,1248954,60,35.0,25.0
21484,402,1871,4.5634146341463415,3103,Active/Regular Products,Zone B,25.0,1247808,60,35.0,25.0
21672,409,4992,12.028915662650602,3001,Active/Regular Products,Zone B,25.0,1227818,60,35.0,25.0
22631,396,3677,9.14676616915423,3096,Active/Regular Products,Zone B,25.0,1226412,60,35.0,25.0
22734,422,3261,7.548611111111111,2895,Active/Regular Products,Zone B,25.0,1222112,60,35.0,25.0
22297,378,4164,10.872062663185378,3229,Active/Regular Products,Zone B,25.0,1220940,60,35.0,25.0
22195,373,1976,5.227513227513228,3264,Active/Regular Products,Zone B,25.0,1217845,60,35.0,25.0
22646,390,4160,10.5852417302799,3119,Active/Regular Products,Zone B,25.0,1216800,60,35.0,25.0
90018B,17,22,1.2941176470588236,2089,Active/Regular Products,Zone B,25.0,35530,60,35.0,25.0
22560,389,8144,20.93573264781491,3110,Active/Regular Products,Zone B,25.0,1210179,60,35.0,25.0
22752,380,1787,4.678010471204188,3179,Active/Regular Products,Zone B,25.0,1208400,60,35.0,25.0
22499,407,2091,5.1,2964,Active/Regular Products,Zone B,25.0,1206755,60,35.0,25.0
21918,369,7199,19.352150537634408,3250,Active/Regular Products,Zone B,25.0,1199619,60,35.0,25.0
48184,407,2035,5.0,2941,Active/Regular Products,Zone B,25.0,1197394,60,35.0,25.0
21990,366,1672,4.531165311653116,3267,Active/Regular Products,Zone B,25.0,1196088,60,35.0,25.0
21218,394,2433,6.113065326633166,3032,Active/Regular Products,Zone B,25.0,1195002,60,35.0,25.0
21900,372,3228,8.654155495978552,3202,Active/Regular Products,Zone B,25.0,1191516,60,35.0,25.0
21888,378,1688,4.465608465608466,3151,Active/Regular Products,Zone B,25.0,1191456,60,35.0,25.0
23173,416,2766,6.570071258907364,2863,Active/Regular Products,Zone B,25.0,1191424,60,35.0,25.0
22964,378,2624,6.8871391076115485,3133,Active/Regular Products,Zone B,25.0,1184652,60,35.0,25.0
22429,376,1262,3.3386243386243386,3125,Active/Regular Products,Zone B,25.0,1175376,60,35.0,25.0
21982,359,7173,19.598360655737704,3273,Active/Regular Products,Zone B,25.0,1175366,60,35.0,25.0
22171,382,1794,4.696335078534031,3069,Active/Regular Products,Zone B,25.0,1172740,60,35.0,25.0
22084,436,5181,11.695259593679458,2686,Active/Regular Products,Zone B,25.0,1171532,60,35.0,25.0
23328,405,2841,6.946210268948655,2881,Active/Regular Products,Zone B,25.0,1167210,60,35.0,25.0
22795,368,1211,3.2641509433962264,3162,Active/Regular Products,Zone B,25.0,1163984,60,35.0,25.0
22834,368,4941,13.246648793565685,3162,Active/Regular Products,Zone B,25.0,1163984,60,35.0,25.0
22979,381,4090,10.678851174934726,3046,Active/Regular Products,Zone B,25.0,1160907,60,35.0,25.0
21871,357,5453,15.105263157894736,3236,Active/Regular Products,Zone B,25.0,1155609,60,35.0,25.0
22169,372,1197,3.217741935483871,3100,Active/Regular Products,Zone B,25.0,1153572,60,35.0,25.0
82552,364,3012,8.184782608695652,3161,Active/Regular Products,Zone B,25.0,1150968,60,35.0,25.0
22908,375,4380,11.43603133159269,3068,Active/Regular Products,Zone B,25.0,1150875,60,35.0,25.0
22191,415,1445,3.4569377990430623,2767,Active/Regular Products,Zone B,25.0,1148720,60,35.0,25.0
23493,415,3964,9.349056603773583,2767,Active/Regular Products,Zone B,25.0,1148720,60,35.0,25.0
21916,359,4599,12.6,3193,Active/Regular Products,Zone B,25.0,1146646,60,35.0,25.0
22570,386,3086,7.933161953727506,2964,Active/Regular Products,Zone B,25.0,1144490,60,35.0,25.0
22142,377,3247,8.411917098445596,3024,Active/Regular Products,Zone B,25.0,1140425,60,35.0,25.0
22632,392,4468,11.197994987468672,2907,Active/Regular Products,Zone B,25.0,1139936,60,35.0,25.0
22348,358,4084,11.313019390581715,3183,Active/Regular Products,Zone B,25.0,1139872,60,35.0,25.0
82551,351,2918,8.266288951841359,3242,Active/Regular Products,Zone B,25.0,1138293,60,35.0,25.0
22549,356,3188,8.806629834254144,3195,Active/Regular Products,Zone B,25.0,1137776,60,35.0,25.0
21974,360,2219,6.163888888888889,3147,Active/Regular Products,Zone B,25.0,1133280,60,35.0,25.0
22989,372,2811,7.436507936507937,3031,Active/Regular Products,Zone B,25.0,1127904,60,35.0,25.0
20973,355,4497,12.32054794520548,3175,Active/Regular Products,Zone B,25.0,1127480,60,35.0,25.0
22027,362,4368,12.0,3113,Active/Regular Products,Zone B,25.0,1127268,60,35.0,25.0
21328,346,1337,3.8419540229885056,3254,Active/Regular Products,Zone B,25.0,1126230,60,35.0,25.0
23171,381,6247,16.31070496083551,2947,Active/Regular Products,Zone B,25.0,1123188,60,35.0,25.0
21238,387,3969,10.15089514066496,2895,Active/Regular Products,Zone B,25.0,1120752,60,35.0,25.0
47590A,390,1990,5.102564102564102,2865,Active/Regular Products,Zone B,25.0,1117740,60,35.0,25.0
23308,382,6139,15.781491002570696,2923,Active/Regular Products,Zone B,25.0,1116968,60,35.0,25.0
21121,379,6606,17.24804177545692,2940,Active/Regular Products,Zone B,25.0,1114639,60,35.0,25.0
47590B,393,2323,5.895939086294416,2822,Active/Regular Products,Zone B,25.0,1109439,60,35.0,25.0
22161,340,5083,14.238095238095235,3258,Active/Regular Products,Zone B,25.0,1108060,60,35.0,25.0
20975,362,6633,18.12295081967213,3055,Active/Regular Products,Zone B,25.0,1106272,60,35.0,25.0
84536A,341,3138,9.095652173913043,3241,Active/Regular Products,Zone B,25.0,1105522,60,35.0,25.0
22645,351,2354,6.630985915492958,3148,Active/Regular Products,Zone B,25.0,1105299,60,35.0,25.0
84997B,370,4214,11.267379679144383,2985,Active/Regular Products,Zone B,25.0,1104820,60,35.0,25.0
22037,354,3929,11.067605633802817,3119,Active/Regular Products,Zone B,25.0,1104480,60,35.0,25.0
22464,351,3402,9.637393767705383,3145,Active/Regular Products,Zone B,25.0,1104246,60,35.0,25.0
21671,369,4402,11.897297297297298,2987,Active/Regular Products,Zone B,25.0,1102572,60,35.0,25.0
21877,349,5411,15.46,3153,Active/Regular Products,Zone B,25.0,1100746,60,35.0,25.0
22665,356,1516,4.258426966292135,3076,Active/Regular Products,Zone B,25.0,1095412,60,35.0,25.0
85014B,350,1910,5.457142857142857,3123,Active/Regular Products,Zone B,25.0,1093400,60,35.0,25.0
21907,367,2371,6.442934782608695,2978,Active/Regular Products,Zone B,25.0,1093293,60,35.0,25.0
21673,365,4372,11.848238482384824,2987,Active/Regular Products,Zone B,25.0,1090620,60,35.0,25.0
22041,361,4374,11.983561643835616,3020,Active/Regular Products,Zone B,25.0,1090581,60,35.0,25.0
23313,401,2990,7.328431372549019,2711,Active/Regular Products,Zone B,25.0,1087512,60,35.0,25.0
21670,374,4328,11.541333333333334,2902,Active/Regular Products,Zone B,25.0,1085722,60,35.0,25.0
22627,357,852,2.3865546218487395,3040,Active/Regular Products,Zone B,25.0,1085637,60,35.0,25.0
22851,350,2741,7.742937853107344,3092,Active/Regular Products,Zone B,25.0,1082550,60,35.0,25.0
22791,345,7955,22.991329479768787,3136,Active/Regular Products,Zone B,25.0,1082265,60,35.0,25.0
21770,388,1638,4.210796915167095,2772,Active/Regular Products,Zone B,25.0,1075924,60,35.0,25.0
84947,347,8652,24.579545454545453,3099,Active/Regular Products,Zone B,25.0,1075700,60,35.0,25.0
22898,365,2414,6.577656675749319,2942,Active/Regular Products,Zone B,25.0,1074195,60,35.0,25.0
48185,365,3615,9.87704918032787,2942,Active/Regular Products,Zone B,25.0,1074195,60,35.0,25.0
22962,342,3896,11.391812865497077,3132,Active/Regular Products,Zone B,25.0,1071486,60,35.0,25.0
20974,355,6976,19.21763085399449,3009,Active/Regular Products,Zone B,25.0,1068550,60,35.0,25.0
21876,333,3789,11.344311377245509,3198,Active/Regular Products,Zone B,25.0,1065267,60,35.0,25.0
23103,365,4072,10.829787234042554,2916,Active/Regular Products,Zone B,25.0,1064705,60,35.0,25.0
23241,363,2165,5.915300546448087,2931,Active/Regular Products,Zone B,25.0,1064316,60,35.0,25.0
23319,403,3720,9.05109489051095,2639,Active/Regular Products,Zone B,25.0,1063920,60,35.0,25.0
22668,345,2179,6.315942028985507,3066,Active/Regular Products,Zone B,25.0,1058115,60,35.0,25.0
21156,358,3170,8.805555555555555,2934,Active/Regular Products,Zone B,25.0,1050730,60,35.0,25.0
22607,358,1327,3.6963788300835656,2933,Active/Regular Products,Zone B,25.0,1050372,60,35.0,25.0
21136,370,4687,12.465425531914894,2837,Active/Regular Products,Zone B,25.0,1050060,60,35.0,25.0
23439,397,3986,9.6747572815534,2642,Active/Regular Products,Zone B,25.0,1049271,60,35.0,25.0
22847,376,905,2.4069148936170213,2787,Active/Regular Products,Zone B,25.0,1048288,60,35.0,25.0
47566B,365,2379,6.5,2857,Active/Regular Products,Zone B,25.0,1043170,60,35.0,25.0
84030E,334,1497,4.455357142857143,3121,Active/Regular Products,Zone B,25.0,1042748,60,35.0,25.0
22174,321,3218,9.90153846153846,3247,Active/Regular Products,Zone B,25.0,1042608,60,35.0,25.0
20749,383,1762,4.576623376623377,2721,Active/Regular Products,Zone B,25.0,1042526,60,35.0,25.0
22654,328,1411,4.275757575757575,3171,Active/Regular Products,Zone B,25.0,1040416,60,35.0,25.0
22192,365,954,2.6136986301369864,2842,Active/Regular Products,Zone B,25.0,1037695,60,35.0,25.0
23318,376,3809,9.971204188481677,2756,Active/Regular Products,Zone B,25.0,1036632,60,35.0,25.0
21122,344,5325,15.214285714285714,3010,Active/Regular Products,Zone B,25.0,1035784,60,35.0,25.0
21217,344,1088,3.1627906976744184,3003,Active/Regular Products,Zone B,25.0,1033376,60,35.0,25.0
23296,378,4979,13.034031413612563,2728,Active/Regular Products,Zone B,25.0,1031562,60,35.0,25.0
84032A,313,1003,3.194267515923567,3261,Active/Regular Products,Zone B,25.0,1021006,60,35.0,25.0
20750,385,1747,4.525906735751295,2649,Active/Regular Products,Zone B,25.0,1020250,60,35.0,25.0
71053,333,1944,5.7176470588235295,3061,Active/Regular Products,Zone B,25.0,1019646,60,35.0,25.0
84987,334,3051,9.134730538922156,3049,Active/Regular Products,Zone B,25.0,1018700,60,35.0,25.0
22992,348,5233,14.69943820224719,2924,Active/Regular Products,Zone B,25.0,1017900,60,35.0,25.0
22746,328,1447,4.398176291793313,3094,Active/Regular Products,Zone B,25.0,1015160,60,35.0,25.0
22569,348,2759,7.882857142857143,2911,Active/Regular Products,Zone B,25.0,1013376,60,35.0,25.0
85049A,323,3001,9.149390243902438,3128,Active/Regular Products,Zone B,25.0,1010667,60,35.0,25.0
22579,338,5167,14.805157593123209,2987,Active/Regular Products,Zone B,25.0,1009944,60,35.0,25.0
22739,318,1818,5.663551401869159,3174,Active/Regular Products,Zone B,25.0,1009650,60,35.0,25.0
21385,317,3883,11.911042944785276,3174,Active/Regular Products,Zone B,25.0,1006475,60,35.0,25.0
23294,354,4392,12.268156424581006,2835,Active/Regular Products,Zone B,25.0,1003944,60,35.0,25.0
23256,368,2113,5.68010752688172,2726,Active/Regular Products,Zone B,25.0,1003536,60,35.0,25.0
22273,331,4509,13.54054054054054,3030,Active/Regular Products,Zone B,25.0,1003261,60,35.0,25.0
21506,323,4922,15.238390092879255,3101,Active/Regular Products,Zone B,25.0,1001946,60,35.0,25.0
21494,313,1928,6.10126582278481,3200,Active/Regular Products,Zone B,25.0,1001913,60,35.0,25.0
22637,329,2760,8.389057750759878,3016,Active/Regular Products,Zone B,25.0,992593,60,35.0,25.0
23108,372,2219,5.949061662198392,2658,Active/Regular Products,Zone B,25.0,989148,60,35.0,25.0
22431,334,2058,6.125,2960,Active/Regular Products,Zone B,25.0,988974,60,35.0,25.0
22079,323,1897,5.819018404907975,3046,Active/Regular Products,Zone B,25.0,984181,60,35.0,25.0
85053,317,1693,5.25776397515528,3100,Active/Regular Products,Zone B,25.0,983017,60,35.0,25.0
20677,333,3674,10.90207715133531,2944,Active/Regular Products,Zone B,25.0,980685,60,35.0,25.0
82578,305,2058,6.703583061889251,3210,Active/Regular Products,Zone B,25.0,979355,60,35.0,25.0
20979,325,3734,11.489230769230767,3011,Active/Regular Products,Zone B,25.0,978900,60,35.0,25.0
23168,337,3291,9.62280701754386,2888,Active/Regular Products,Zone B,25.0,973593,60,35.0,25.0
71477,316,6748,21.153605015673985,3071,Active/Regular Products,Zone B,25.0,970752,60,35.0,25.0
23351,354,3535,9.874301675977652,2734,Active/Regular Products,Zone B,25.0,968190,60,35.0,25.0
21901,308,1828,5.803174603174603,3139,Active/Regular Products,Zone B,25.0,967120,60,35.0,25.0
22963,307,3290,10.647249190938512,3147,Active/Regular Products,Zone B,25.0,966436,60,35.0,25.0
22418,318,6564,20.57680250783699,3038,Active/Regular Products,Zone B,25.0,966402,60,35.0,25.0
22296,318,3140,9.602446483180428,3033,Active/Regular Products,Zone B,25.0,964812,60,35.0,25.0
22712,312,4435,14.169329073482428,3072,Active/Regular Products,Zone B,25.0,958776,60,35.0,25.0
22505,311,1457,4.654952076677317,3074,Active/Regular Products,Zone B,25.0,956325,60,35.0,25.0
20679,326,1710,5.229357798165138,2924,Active/Regular Products,Zone B,25.0,953550,60,35.0,25.0
22109,296,1640,5.48494983277592,3211,Active/Regular Products,Zone B,25.0,950752,60,35.0,25.0
22294,299,5457,17.775244299674267,3172,Active/Regular Products,Zone B,25.0,948727,60,35.0,25.0
21989,335,2409,7.106194690265487,2828,Active/Regular Products,Zone B,25.0,947715,60,35.0,25.0
22899,313,2069,6.568253968253968,3023,Active/Regular Products,Zone B,25.0,946512,60,35.0,25.0
21868,302,2477,8.148026315789474,3122,Active/Regular Products,Zone B,25.0,943146,60,35.0,25.0
21874,295,2974,10.08135593220339,3195,Active/Regular Products,Zone B,25.0,942820,60,35.0,25.0
23188,333,3471,10.299703264094957,2828,Active/Regular Products,Zone B,25.0,942057,60,35.0,25.0
15056BL,321,2844,8.85981308411215,2929,Active/Regular Products,Zone B,25.0,940530,60,35.0,25.0
22845,316,802,2.529968454258675,2973,Active/Regular Products,Zone B,25.0,939784,60,35.0,25.0
20754,304,1457,4.745928338762215,3081,Active/Regular Products,Zone B,25.0,936928,60,35.0,25.0
22940,321,1915,5.856269113149847,2912,Active/Regular Products,Zone B,25.0,935073,60,35.0,25.0
21533,339,1351,3.973529411764706,2753,Active/Regular Products,Zone B,25.0,933606,60,35.0,25.0
82567,291,711,2.443298969072165,3207,Active/Regular Products,Zone B,25.0,933528,60,35.0,25.0
21535,343,2487,7.187861271676301,2720,Active/Regular Products,Zone B,25.0,933303,60,35.0,25.0
23275,325,3720,11.137724550898204,2867,Active/Regular Products,Zone B,25.0,932100,60,35.0,25.0
22670,301,1882,6.211221122112211,3095,Active/Regular Products,Zone B,25.0,931896,60,35.0,25.0
22941,311,1670,5.369774919614148,2994,Active/Regular Products,Zone B,25.0,931445,60,35.0,25.0
16237,290,4991,16.976190476190474,3208,Active/Regular Products,Zone B,25.0,930610,60,35.0,25.0
23175,329,3160,9.546827794561931,2823,Active/Regular Products,Zone B,25.0,929096,60,35.0,25.0
20675,322,3120,9.62962962962963,2882,Active/Regular Products,Zone B,25.0,928326,60,35.0,25.0
23192,345,3516,10.017094017094015,2688,Active/Regular Products,Zone B,25.0,927705,60,35.0,25.0
22378,293,2283,7.76530612244898,3165,Active/Regular Products,Zone B,25.0,927638,60,35.0,25.0
23311,344,2390,6.887608069164265,2685,Active/Regular Products,Zone B,25.0,923984,60,35.0,25.0
23349,337,3221,9.39067055393586,2731,Active/Regular Products,Zone B,25.0,920684,60,35.0,25.0
22817,290,2639,9.1,3173,Active/Regular Products,Zone B,25.0,920460,60,35.0,25.0
22158,303,3413,11.117263843648209,3034,Active/Regular Products,Zone B,25.0,919605,60,35.0,25.0
22087,326,4082,12.332326283987916,2816,Active/Regular Products,Zone B,25.0,918342,60,35.0,25.0
84997C,335,3783,11.292537313432836,2731,Active/Regular Products,Zone B,25.0,915220,60,35.0,25.0
20969,305,1960,6.405228758169935,2998,Active/Regular Products,Zone B,25.0,914695,60,35.0,25.0
21078,313,2769,8.790476190476191,2921,Active/Regular Products,Zone B,25.0,914586,60,35.0,25.0
22227,289,2341,7.777408637873754,3148,Active/Regular Products,Zone B,25.0,910061,60,35.0,25.0
21240,325,3570,10.917431192660551,2788,Active/Regular Products,Zone B,25.0,906425,60,35.0,25.0
21429,286,1740,5.979381443298969,3165,Active/Regular Products,Zone B,25.0,905476,60,35.0,25.0
22333,317,4492,14.0375,2852,Active/Regular Products,Zone B,25.0,904401,60,35.0,25.0
21980,297,6685,22.43288590604027,3043,Active/Regular Products,Zone B,25.0,904068,60,35.0,25.0
22508,296,1594,5.385135135135135,3046,Active/Regular Products,Zone B,25.0,901912,60,35.0,25.0
23266,319,2053,6.091988130563799,2824,Active/Regular Products,Zone B,25.0,901175,60,35.0,25.0
23236,327,2493,7.554545454545455,2754,Active/Regular Products,Zone B,25.0,900885,60,35.0,25.0
21703,294,9390,31.51006711409396,3054,Active/Regular Products,Zone B,25.0,898170,60,35.0,25.0
22970,317,4334,13.586206896551724,2830,Active/Regular Products,Zone B,25.0,897427,60,35.0,25.0
22723,295,1164,3.906040268456376,3039,Active/Regular Products,Zone B,25.0,896800,60,35.0,25.0
23353,327,4007,12.105740181268882,2737,Active/Regular Products,Zone B,25.0,895326,60,35.0,25.0
22131,291,2031,6.861486486486487,3075,Active/Regular Products,Zone B,25.0,895116,60,35.0,25.0
22605,299,782,2.6066666666666665,2982,Active/Regular Products,Zone B,25.0,891917,60,35.0,25.0
23174,322,3055,9.429012345679013,2764,Active/Regular Products,Zone B,25.0,890330,60,35.0,25.0
22784,299,1272,4.198019801980198,2961,Active/Regular Products,Zone B,25.0,885638,60,35.0,25.0
22271,301,1701,5.6138613861386135,2940,Active/Regular Products,Zone B,25.0,885241,60,35.0,25.0
22721,297,1020,3.422818791946309,2978,Active/Regular Products,Zone B,25.0,884763,60,35.0,25.0
21329,287,941,3.267361111111111,3074,Active/Regular Products,Zone B,25.0,882525,60,35.0,25.0
72741,292,5958,20.33447098976109,3013,Active/Regular Products,Zone B,25.0,880088,60,35.0,25.0
22179,289,966,3.308219178082192,3042,Active/Regular Products,Zone B,25.0,879427,60,35.0,25.0
23169,314,1556,4.93968253968254,2798,Active/Regular Products,Zone B,25.0,878886,60,35.0,25.0
22208,280,1509,5.276223776223776,3135,Active/Regular Products,Zone B,25.0,878080,60,35.0,25.0
22716,288,3201,11.114583333333334,3047,Active/Regular Products,Zone B,25.0,877824,60,35.0,25.0
21239,307,3016,9.729032258064516,2858,Active/Regular Products,Zone B,25.0,877713,60,35.0,25.0
23354,322,3740,11.333333333333334,2713,Active/Regular Products,Zone B,25.0,873908,60,35.0,25.0
22380,285,1312,4.587412587412588,3059,Active/Regular Products,Zone B,25.0,872100,60,35.0,25.0
23172,305,3861,12.659016393442624,2858,Active/Regular Products,Zone B,25.0,871995,60,35.0,25.0
47559B,287,2077,7.186851211072664,3027,Active/Regular Products,Zone B,25.0,869036,60,35.0,25.0
21164,282,1766,6.21830985915493,3073,Active/Regular Products,Zone B,25.0,866868,60,35.0,25.0
22327,287,1167,4.024137931034483,3019,Active/Regular Products,Zone B,25.0,866740,60,35.0,25.0
22751,290,1563,5.352739726027397,2978,Active/Regular Products,Zone B,25.0,863910,60,35.0,25.0
21899,278,2679,9.533807829181494,3106,Active/Regular Products,Zone B,25.0,863746,60,35.0,25.0
22419,272,3338,12.050541516245488,3169,Active/Regular Products,Zone B,25.0,862240,60,35.0,25.0
22361,268,727,2.7026022304832718,3211,Active/Regular Products,Zone B,25.0,860816,60,35.0,25.0
21033,300,1932,6.44,2863,Active/Regular Products,Zone B,25.0,859200,60,35.0,25.0
23581,338,5020,14.55072463768116,2541,Active/Regular Products,Zone B,25.0,859196,60,35.0,25.0
22895,284,2058,7.195804195804196,3020,Active/Regular Products,Zone B,25.0,857964,60,35.0,25.0
22602,273,2215,7.910714285714286,3137,Active/Regular Products,Zone B,25.0,856674,60,35.0,25.0
21981,271,5468,20.02930402930403,3158,Active/Regular Products,Zone B,25.0,856089,60,35.0,25.0
21242,304,3373,11.095394736842104,2813,Active/Regular Products,Zone B,25.0,855456,60,35.0,25.0
22110,279,1172,4.069444444444445,3050,Active/Regular Products,Zone B,25.0,851229,60,35.0,25.0
23264,299,1963,6.251592356687898,2843,Active/Regular Products,Zone B,25.0,850356,60,35.0,25.0
22980,291,2363,8.037414965986395,2915,Active/Regular Products,Zone B,25.0,848556,60,35.0,25.0
23196,298,1872,6.157894736842105,2836,Active/Regular Products,Zone B,25.0,845426,60,35.0,25.0
84832,268,2933,10.822878228782288,3152,Active/Regular Products,Zone B,25.0,845004,60,35.0,25.0
23320,333,2661,7.872781065088757,2536,Active/Regular Products,Zone B,25.0,844821,60,35.0,25.0
22754,266,1951,7.279850746268656,3170,Active/Regular Products,Zone B,25.0,843486,60,35.0,25.0
22738,275,2173,7.844765342960288,3058,Active/Regular Products,Zone B,25.0,841225,60,35.0,25.0
84406B,284,2015,7.045454545454546,2955,Active/Regular Products,Zone B,25.0,839504,60,35.0,25.0
84949,290,4789,16.40068493150685,2893,Active/Regular Products,Zone B,25.0,839260,60,35.0,25.0
22815,268,2628,9.805970149253731,3126,Active/Regular Products,Zone B,25.0,838036,60,35.0,25.0
48188,287,2064,7.191637630662021,2917,Active/Regular Products,Zone B,25.0,837466,60,35.0,25.0
22896,288,1584,5.462068965517242,2905,Active/Regular Products,Zone B,25.0,836928,60,35.0,25.0
21380,290,2165,7.4655172413793105,2877,Active/Regular Products,Zone B,25.0,834620,60,35.0,25.0
22819,270,2608,9.65925925925926,3090,Active/Regular Products,Zone B,25.0,834570,60,35.0,25.0
22644,276,2214,8.021739130434783,3015,Active/Regular Products,Zone B,25.0,832416,60,35.0,25.0
23000,278,3169,11.3584229390681,2988,Active/Regular Products,Zone B,25.0,830942,60,35.0,25.0
21509,274,3741,13.653284671532846,3026,Active/Regular Products,Zone B,25.0,829398,60,35.0,25.0
23583,325,3385,10.19578313253012,2550,Active/Regular Products,Zone B,25.0,829075,60,35.0,25.0
85199S,261,2660,9.92537313432836,3154,Active/Regular Products,Zone B,25.0,823455,60,35.0,25.0
22816,266,3987,14.876865671641792,3094,Active/Regular Products,Zone B,25.0,823270,60,35.0,25.0
84032B,255,936,3.642023346303502,3223,Active/Regular Products,Zone B,25.0,822120,60,35.0,25.0
23350,305,2712,8.720257234726688,2694,Active/Regular Products,Zone B,25.0,821975,60,35.0,25.0
22798,267,1798,6.734082397003745,3076,Active/Regular Products,Zone B,25.0,821559,60,35.0,25.0
23265,293,1769,5.8,2798,Active/Regular Products,Zone B,25.0,820107,60,35.0,25.0
22156,256,2196,8.413793103448276,3197,Active/Regular Products,Zone B,25.0,818688,60,35.0,25.0
23082,297,2328,7.683168316831683,2755,Active/Regular Products,Zone B,25.0,818532,60,35.0,25.0
21259,285,1179,4.136842105263158,2863,Active/Regular Products,Zone B,25.0,816240,60,35.0,25.0
23247,309,2194,7.100323624595469,2627,Active/Regular Products,Zone B,25.0,812052,60,35.0,25.0
22904,271,1834,6.693430656934306,2992,Active/Regular Products,Zone B,25.0,811103,60,35.0,25.0
21108,262,10241,38.93916349809886,3091,Active/Regular Products,Zone B,25.0,810104,60,35.0,25.0
22995,266,2381,8.884328358208956,3042,Active/Regular Products,Zone B,25.0,809438,60,35.0,25.0
21507,262,3320,12.67175572519084,3077,Active/Regular Products,Zone B,25.0,806436,60,35.0,25.0
20992,277,4425,15.206185567010309,2906,Active/Regular Products,Zone B,25.0,805239,60,35.0,25.0
85014A,278,1163,4.183453237410072,2895,Active/Regular Products,Zone B,25.0,805088,60,35.0,25.0
21340,290,975,3.350515463917526,2773,Active/Regular Products,Zone B,25.0,804460,60,35.0,25.0
22028,262,3042,11.566539923954371,3063,Active/Regular Products,Zone B,25.0,802768,60,35.0,25.0
20978,263,1795,6.74812030075188,3029,Active/Regular Products,Zone B,25.0,796890,60,35.0,25.0
22563,281,2823,9.940140845070422,2830,Active/Regular Products,Zone B,25.0,795511,60,35.0,25.0
22358,255,698,2.7265625,3104,Active/Regular Products,Zone B,25.0,791775,60,35.0,25.0
23126,291,1109,3.784982935153584,2717,Active/Regular Products,Zone B,25.0,790938,60,35.0,25.0
23184,264,874,3.2857142857142856,2992,Active/Regular Products,Zone B,25.0,790152,60,35.0,25.0
22435,266,2757,10.287313432835822,2968,Active/Regular Products,Zone B,25.0,789754,60,35.0,25.0
22534,261,4496,16.902255639097746,3022,Active/Regular Products,Zone B,25.0,789003,60,35.0,25.0
23165,280,3114,11.003533568904594,2814,Active/Regular Products,Zone B,25.0,788200,60,35.0,25.0
23177,267,2532,9.377777777777778,2950,Active/Regular Products,Zone B,25.0,787917,60,35.0,25.0
23323,294,1469,4.864238410596027,2677,Active/Regular Products,Zone B,25.0,787332,60,35.0,25.0
22170,265,1068,4.030188679245283,2961,Active/Regular Products,Zone B,25.0,784930,60,35.0,25.0
22274,267,1340,5.0187265917602994,2929,Active/Regular Products,Zone B,25.0,782310,60,35.0,25.0
22571,254,2434,9.434108527131784,3076,Active/Regular Products,Zone B,25.0,781558,60,35.0,25.0
22755,251,1687,6.66798418972332,3110,Active/Regular Products,Zone B,25.0,780861,60,35.0,25.0
47593B,245,1987,8.044534412955466,3186,Active/Regular Products,Zone B,25.0,780815,60,35.0,25.0
21257,261,688,2.6259541984732824,2989,Active/Regular Products,Zone B,25.0,780390,60,35.0,25.0
21098,248,3719,14.303846153846154,3130,Active/Regular Products,Zone B,25.0,776488,60,35.0,25.0
22737,259,1388,5.2180451127819545,2991,Active/Regular Products,Zone B,25.0,774928,60,35.0,25.0
23306,277,2808,10.064516129032258,2794,Active/Regular Products,Zone B,25.0,774215,60,35.0,25.0
22906,251,1733,6.717054263565892,3079,Active/Regular Products,Zone B,25.0,773080,60,35.0,25.0
84050,256,3229,12.467181467181469,3010,Active/Regular Products,Zone B,25.0,770816,60,35.0,25.0
35961,244,2986,12.040322580645162,3156,Active/Regular Products,Zone B,25.0,770308,60,35.0,25.0
22494,245,1088,4.440816326530612,3141,Active/Regular Products,Zone B,25.0,769790,60,35.0,25.0
23191,281,2201,7.668989547038327,2738,Active/Regular Products,Zone B,25.0,769659,60,35.0,25.0
22971,272,2431,8.872262773722628,2824,Active/Regular Products,Zone B,25.0,768400,60,35.0,25.0
22432,277,1716,6.150537634408602,2771,Active/Regular Products,Zone B,25.0,767844,60,35.0,25.0
21116,251,695,2.757936507936508,3058,Active/Regular Products,Zone B,25.0,767809,60,35.0,25.0
22301,252,2205,8.75,3044,Active/Regular Products,Zone B,25.0,767340,60,35.0,25.0
85049G,258,1608,6.0,2972,Active/Regular Products,Zone B,25.0,767034,60,35.0,25.0
23052,278,654,2.352517985611511,2755,Active/Regular Products,Zone B,25.0,766168,60,35.0,25.0
22653,250,1876,7.41501976284585,3062,Active/Regular Products,Zone B,25.0,765750,60,35.0,25.0
21327,252,864,3.375,3030,Active/Regular Products,Zone B,25.0,763812,60,35.0,25.0
21428,262,1207,4.606870229007634,2911,Active/Regular Products,Zone B,25.0,762944,60,35.0,25.0
84596G,245,1855,7.510121457489879,3113,Active/Regular Products,Zone B,25.0,762930,60,35.0,25.0
21179,266,1940,7.132352941176471,2864,Active/Regular Products,Zone B,25.0,762090,60,35.0,25.0
22991,274,3887,13.93189964157706,2760,Active/Regular Products,Zone B,25.0,756514,60,35.0,25.0
21810,252,5840,22.20532319391635,2999,Active/Regular Products,Zone B,25.0,756000,60,35.0,25.0
22030,274,5527,20.098181818181818,2758,Active/Regular Products,Zone B,25.0,755966,60,35.0,25.0
22295,250,2789,10.98031496062992,3020,Active/Regular Products,Zone B,25.0,755250,60,35.0,25.0
21756,270,809,2.985239852398524,2796,Active/Regular Products,Zone B,25.0,755190,60,35.0,25.0
23503,335,3643,10.652046783625732,2253,Active/Regular Products,Zone B,25.0,755090,60,35.0,25.0
23367,282,3278,11.501754385964912,2672,Active/Regular Products,Zone B,25.0,753786,60,35.0,25.0
22064,241,1728,6.995951417004049,3125,Active/Regular Products,Zone B,25.0,753366,60,35.0,25.0
22768,260,867,3.32183908045977,2895,Active/Regular Products,Zone B,25.0,752960,60,35.0,25.0
22846,278,665,2.392086330935252,2703,Active/Regular Products,Zone B,25.0,751712,60,35.0,25.0
22690,285,1619,5.660839160839161,2632,Active/Regular Products,Zone B,25.0,750405,60,35.0,25.0
85048,261,1359,5.167300380228137,2866,Active/Regular Products,Zone B,25.0,748287,60,35.0,25.0
21704,248,5144,20.65863453815261,3014,Active/Regular Products,Zone B,25.0,747720,60,35.0,25.0
22840,271,913,3.3690036900369003,2756,Active/Regular Products,Zone B,25.0,747147,60,35.0,25.0
23109,268,2386,8.772058823529411,2786,Active/Regular Products,Zone B,25.0,746916,60,35.0,25.0
21787,243,8875,35.78629032258065,3068,Active/Regular Products,Zone B,25.0,745767,60,35.0,25.0
23238,274,1849,6.651079136690647,2720,Active/Regular Products,Zone B,25.0,745554,60,35.0,25.0
22089,272,1423,5.193430656934306,2738,Active/Regular Products,Zone B,25.0,745008,60,35.0,25.0
23234,277,1722,6.194244604316546,2682,Active/Regular Products,Zone B,25.0,743191,60,35.0,25.0
84510A,239,1196,4.962655601659751,3103,Active/Regular Products,Zone B,25.0,741856,60,35.0,25.0
21811,245,4850,19.1699604743083,3025,Active/Regular Products,Zone B,25.0,741370,60,35.0,25.0
23158,255,2633,10.325490196078432,2904,Active/Regular Products,Zone B,25.0,740775,60,35.0,25.0
22818,244,3633,14.88934426229508,3034,Active/Regular Products,Zone B,25.0,740540,60,35.0,25.0
21716,244,1425,5.840163934426229,3034,Active/Regular Products,Zone B,25.0,740540,60,35.0,25.0
23076,277,8076,29.15523465703971,2670,Active/Regular Products,Zone B,25.0,739867,60,35.0,25.0
23144,274,5089,18.505454545454544,2698,Active/Regular Products,Zone B,25.0,739526,60,35.0,25.0
22065,241,6729,26.808764940239044,3062,Active/Regular Products,Zone B,25.0,738183,60,35.0,25.0
51014A,239,3842,16.07531380753138,3080,Active/Regular Products,Zone B,25.0,736359,60,35.0,25.0
20970,262,1116,4.243346007604563,2807,Active/Regular Products,Zone B,25.0,735696,60,35.0,25.0
22622,267,1342,5.02621722846442,2753,Active/Regular Products,Zone B,25.0,735318,60,35.0,25.0
20983,268,2737,9.88086642599278,2741,Active/Regular Products,Zone B,25.0,734856,60,35.0,25.0
22772,254,3793,14.81640625,2876,Active/Regular Products,Zone B,25.0,730758,60,35.0,25.0
23332,287,2059,6.956081081081081,2540,Active/Regular Products,Zone B,25.0,729267,60,35.0,25.0
22329,238,1603,6.707112970711297,3060,Active/Regular Products,Zone B,25.0,728518,60,35.0,25.0
21041,255,914,3.556420233463035,2852,Active/Regular Products,Zone B,25.0,727515,60,35.0,25.0
84997A,260,2573,9.896153846153846,2792,Active/Regular Products,Zone B,25.0,726180,60,35.0,25.0
22814,235,2129,9.059574468085106,3087,Active/Regular Products,Zone B,25.0,725680,60,35.0,25.0
21880,240,1903,7.896265560165975,3022,Active/Regular Products,Zone B,25.0,725520,60,35.0,25.0
22917,240,1937,8.037344398340249,3018,Active/Regular Products,Zone B,25.0,724560,60,35.0,25.0
23570,276,2772,9.692307692307692,2621,Active/Regular Products,Zone B,25.0,723672,60,35.0,25.0
22920,242,3423,14.028688524590164,2982,Active/Regular Products,Zone B,25.0,721886,60,35.0,25.0
20963,229,1336,5.758620689655173,3151,Active/Regular Products,Zone B,25.0,721808,60,35.0,25.0
20982,256,2151,8.305019305019306,2804,Active/Regular Products,Zone B,25.0,718080,60,35.0,25.0
84509A,230,896,3.895652173913044,3120,Active/Regular Products,Zone B,25.0,717830,60,35.0,25.0
22919,240,1753,7.213991769547325,2987,Active/Regular Products,Zone B,25.0,717120,60,35.0,25.0
M,289,6984,22.10126582278481,2478,Active/Regular Products,Zone B,25.0,716431,60,35.0,25.0
22918,238,1869,7.755186721991701,3009,Active/Regular Products,Zone B,25.0,716380,60,35.0,25.0
22580,246,1311,5.329268292682927,2909,Active/Regular Products,Zone B,25.0,715860,60,35.0,25.0
84792,241,833,3.42798353909465,2964,Active/Regular Products,Zone B,25.0,714565,60,35.0,25.0
20961,228,1232,5.379912663755459,3133,Active/Regular Products,Zone B,25.0,714552,60,35.0,25.0
22916,237,1905,7.871900826446281,3010,Active/Regular Products,Zone B,25.0,713607,60,35.0,25.0
21967,232,5271,22.429787234042557,3072,Active/Regular Products,Zone B,25.0,712936,60,35.0,25.0
23254,299,1703,5.657807308970099,2382,Active/Regular Products,Zone B,25.0,712517,60,35.0,25.0
20828,241,1128,4.548387096774194,2954,Active/Regular Products,Zone B,25.0,712155,60,35.0,25.0
20682,237,1235,5.189075630252101,2996,Active/Regular Products,Zone B,25.0,710289,60,35.0,25.0
22669,234,1128,4.82051282051282,3033,Active/Regular Products,Zone B,25.0,709956,60,35.0,25.0
23197,249,1478,5.912,2846,Active/Regular Products,Zone B,25.0,708903,60,35.0,25.0
22741,233,8547,36.52564102564103,3037,Active/Regular Products,Zone B,25.0,707854,60,35.0,25.0
21786,226,1937,8.385281385281385,3124,Active/Regular Products,Zone B,25.0,706250,60,35.0,25.0
22781,232,621,2.6767241379310347,3042,Active/Regular Products,Zone B,25.0,705976,60,35.0,25.0
23078,257,6831,26.579766536964986,2742,Active/Regular Products,Zone B,25.0,704951,60,35.0,25.0
21519,246,3299,13.410569105691057,2862,Active/Regular Products,Zone B,25.0,704298,60,35.0,25.0
23100,257,2166,8.23574144486692,2731,Active/Regular Products,Zone B,25.0,702124,60,35.0,25.0
22335,225,2380,10.347826086956522,3107,Active/Regular Products,Zone B,25.0,699300,60,35.0,25.0
23118,258,813,3.1511627906976742,2700,Active/Regular Products,Zone B,25.0,696858,60,35.0,25.0
35471D,223,1848,8.0,3118,Active/Regular Products,Zone B,25.0,695537,60,35.0,25.0
85227,223,1477,6.449781659388647,3109,Active/Regular Products,Zone B,25.0,693530,60,35.0,25.0
22303,261,2816,10.748091603053435,2654,Active/Regular Products,Zone B,25.0,692955,60,35.0,25.0
22775,237,3105,12.830578512396697,2917,Active/Regular Products,Zone B,25.0,691566,60,35.0,25.0
22596,262,3476,13.116981132075471,2636,Active/Regular Products,Zone B,25.0,690894,60,35.0,25.0
48111,233,1172,5.0085470085470085,2963,Active/Regular Products,Zone B,25.0,690612,60,35.0,25.0
22972,229,1795,7.804347826086956,3014,Active/Regular Products,Zone B,25.0,690435,60,35.0,25.0
22374,223,546,2.4375,3095,Active/Regular Products,Zone B,25.0,690408,60,35.0,25.0
21718,229,1493,6.491304347826087,3005,Active/Regular Products,Zone B,25.0,688374,60,35.0,25.0
20981,249,1974,7.896,2762,Active/Regular Products,Zone B,25.0,687987,60,35.0,25.0
22530,233,3628,15.438297872340426,2948,Active/Regular Products,Zone B,25.0,687117,60,35.0,25.0
21715,231,1330,5.732758620689655,2970,Active/Regular Products,Zone B,25.0,686301,60,35.0,25.0
23534,260,1387,5.314176245210728,2636,Active/Regular Products,Zone B,25.0,685620,60,35.0,25.0
22115,228,1549,6.734782608695652,2995,Active/Regular Products,Zone B,25.0,683088,60,35.0,25.0
21890,231,1147,4.901709401709402,2956,Active/Regular Products,Zone B,25.0,683067,60,35.0,25.0
23012,246,1071,4.318548387096774,2758,Active/Regular Products,Zone B,25.0,678714,60,35.0,25.0
23112,241,546,2.265560165975104,2811,Active/Regular Products,Zone B,25.0,677692,60,35.0,25.0
22714,225,3487,15.497777777777776,2996,Active/Regular Products,Zone B,25.0,674325,60,35.0,25.0
22076,225,1259,5.570796460176991,2989,Active/Regular Products,Zone B,25.0,672750,60,35.0,25.0
22574,222,2333,10.415178571428571,3028,Active/Regular Products,Zone B,25.0,672438,60,35.0,25.0
22965,236,1371,5.784810126582278,2847,Active/Regular Products,Zone B,25.0,672128,60,35.0,25.0
22398,248,2575,10.218253968253968,2709,Active/Regular Products,Zone B,25.0,672080,60,35.0,25.0
21381,224,1811,8.013274336283185,2999,Active/Regular Products,Zone B,25.0,672000,60,35.0,25.0
22573,221,2684,12.09009009009009,3036,Active/Regular Products,Zone B,25.0,671177,60,35.0,25.0
22441,219,1047,4.737556561085973,3063,Active/Regular Products,Zone B,25.0,671016,60,35.0,25.0
23005,241,4733,19.39754098360656,2783,Active/Regular Products,Zone B,25.0,670944,60,35.0,25.0
23571,257,2841,10.84351145038168,2602,Active/Regular Products,Zone B,25.0,668971,60,35.0,25.0
22567,222,2448,10.928571428571429,3012,Active/Regular Products,Zone B,25.0,668886,60,35.0,25.0
21411,241,785,3.230452674897119,2771,Active/Regular Products,Zone B,25.0,668052,60,35.0,25.0
22753,217,1010,4.6118721461187215,3075,Active/Regular Products,Zone B,25.0,667492,60,35.0,25.0
23229,256,1869,7.30078125,2605,Active/Regular Products,Zone B,25.0,667136,60,35.0,25.0
22801,220,1027,4.584821428571429,3023,Active/Regular Products,Zone B,25.0,665280,60,35.0,25.0
23080,257,1074,4.114942528735632,2577,Active/Regular Products,Zone B,25.0,662546,60,35.0,25.0
23110,255,700,2.734375,2593,Active/Regular Products,Zone B,25.0,661470,60,35.0,25.0
20996,225,3191,14.119469026548671,2930,Active/Regular Products,Zone B,25.0,659475,60,35.0,25.0
22024,213,2406,11.295774647887324,3094,Active/Regular Products,Zone B,25.0,659235,60,35.0,25.0
21878,224,2523,11.06578947368421,2941,Active/Regular Products,Zone B,25.0,659008,60,35.0,25.0
22550,217,1162,5.354838709677419,3035,Active/Regular Products,Zone B,25.0,658812,60,35.0,25.0
21531,246,1516,6.112903225806452,2676,Active/Regular Products,Zone B,25.0,658542,60,35.0,25.0
23004,221,2002,8.9375,2978,Active/Regular Products,Zone B,25.0,658359,60,35.0,25.0
21991,211,635,2.9952830188679247,3119,Active/Regular Products,Zone B,25.0,658320,60,35.0,25.0
22222,222,1057,4.761261261261262,2963,Active/Regular Products,Zone B,25.0,658008,60,35.0,25.0
21313,214,3321,15.518691588785046,3072,Active/Regular Products,Zone B,25.0,657622,60,35.0,25.0
22421,213,2597,12.07906976744186,3084,Active/Regular Products,Zone B,25.0,657105,60,35.0,25.0
22713,217,3441,15.784403669724773,3024,Active/Regular Products,Zone B,25.0,656425,60,35.0,25.0
22736,223,1222,5.383259911894273,2941,Active/Regular Products,Zone B,25.0,656066,60,35.0,25.0
23302,230,1536,6.592274678111588,2850,Active/Regular Products,Zone B,25.0,655730,60,35.0,25.0
22813,218,2372,10.880733944954128,3003,Active/Regular Products,Zone B,25.0,654872,60,35.0,25.0
22437,226,2828,12.458149779735685,2891,Active/Regular Products,Zone B,25.0,653592,60,35.0,25.0
22978,238,2464,10.352941176470589,2742,Active/Regular Products,Zone B,25.0,652834,60,35.0,25.0
85049C,224,1215,5.3056768558951966,2911,Active/Regular Products,Zone B,25.0,652288,60,35.0,25.0
22614,219,3032,13.657657657657658,2973,Active/Regular Products,Zone B,25.0,651306,60,35.0,25.0
22747,227,954,4.165938864628821,2868,Active/Regular Products,Zone B,25.0,651263,60,35.0,25.0
23083,246,1932,7.759036144578313,2644,Active/Regular Products,Zone B,25.0,650670,60,35.0,25.0
21917,225,4151,18.448888888888888,2889,Active/Regular Products,Zone B,25.0,650250,60,35.0,25.0
21984,212,3458,16.1588785046729,3066,Active/Regular Products,Zone B,25.0,650204,60,35.0,25.0
23176,226,2165,9.537444933920703,2876,Active/Regular Products,Zone B,25.0,650202,60,35.0,25.0
22422,205,1273,6.120192307692308,3168,Active/Regular Products,Zone B,25.0,649645,60,35.0,25.0
23089,225,2354,10.324561403508772,2882,Active/Regular Products,Zone B,25.0,648675,60,35.0,25.0
22241,239,1952,8.099585062240664,2710,Active/Regular Products,Zone B,25.0,647929,60,35.0,25.0
22623,235,937,3.987234042553192,2754,Active/Regular Products,Zone B,25.0,647425,60,35.0,25.0
21090,217,2413,11.068807339449542,2962,Active/Regular Products,Zone B,25.0,642971,60,35.0,25.0
20733,205,1234,5.990291262135922,3134,Active/Regular Products,Zone B,25.0,642675,60,35.0,25.0
84969,210,558,2.657142857142857,3058,Active/Regular Products,Zone B,25.0,642390,60,35.0,25.0
22360,214,1010,4.697674418604652,2999,Active/Regular Products,Zone B,25.0,642000,60,35.0,25.0
23167,231,5847,24.567226890756302,2776,Active/Regular Products,Zone B,25.0,641487,60,35.0,25.0
22672,219,1476,6.678733031674208,2923,Active/Regular Products,Zone B,25.0,640356,60,35.0,25.0
22796,232,582,2.4871794871794872,2758,Active/Regular Products,Zone B,25.0,640088,60,35.0,25.0
22994,218,2194,10.018264840182647,2934,Active/Regular Products,Zone B,25.0,639830,60,35.0,25.0
22855,237,2642,11.100840336134452,2689,Active/Regular Products,Zone B,25.0,637530,60,35.0,25.0
22792,206,2785,13.519417475728156,3087,Active/Regular Products,Zone B,25.0,636128,60,35.0,25.0
22997,222,2545,11.41255605381166,2859,Active/Regular Products,Zone B,25.0,634920,60,35.0,25.0
22207,208,1333,6.408653846153846,3037,Active/Regular Products,Zone B,25.0,631904,60,35.0,25.0
21508,213,2478,11.633802816901408,2960,Active/Regular Products,Zone B,25.0,630693,60,35.0,25.0
85131D,206,850,4.12621359223301,3054,Active/Regular Products,Zone B,25.0,629330,60,35.0,25.0
21714,225,1651,7.273127753303965,2791,Active/Regular Products,Zone B,25.0,628200,60,35.0,25.0
21561,213,1281,5.985981308411215,2945,Active/Regular Products,Zone B,25.0,627498,60,35.0,25.0
22743,206,930,4.492753623188406,3042,Active/Regular Products,Zone B,25.0,626858,60,35.0,25.0
21902,210,1962,9.211267605633802,2983,Active/Regular Products,Zone B,25.0,626640,60,35.0,25.0
22366,220,800,3.636363636363636,2842,Active/Regular Products,Zone B,25.0,625460,60,35.0,25.0
22460,211,2546,12.066350710900474,2958,Active/Regular Products,Zone B,25.0,624349,60,35.0,25.0
22493,220,2461,11.085585585585584,2836,Active/Regular Products,Zone B,25.0,624140,60,35.0,25.0
22999,222,2894,12.862222222222222,2809,Active/Regular Products,Zone B,25.0,623820,60,35.0,25.0
23147,261,1868,7.049056603773585,2388,Active/Regular Products,Zone B,25.0,623529,60,35.0,25.0
21937,251,1707,6.773809523809524,2483,Active/Regular Products,Zone B,25.0,623484,60,35.0,25.0
23582,259,4802,18.32824427480916,2404,Active/Regular Products,Zone B,25.0,622895,60,35.0,25.0
21803,198,2353,11.883838383838384,3142,Active/Regular Products,Zone B,25.0,622314,60,35.0,25.0
23194,214,1835,8.456221198156681,2895,Active/Regular Products,Zone B,25.0,619744,60,35.0,25.0
21124,240,4011,16.574380165289256,2579,Active/Regular Products,Zone B,25.0,619200,60,35.0,25.0
22982,212,1154,5.443396226415095,2919,Active/Regular Products,Zone B,25.0,619040,60,35.0,25.0
23368,232,2379,10.080508474576272,2665,Active/Regular Products,Zone B,25.0,618512,60,35.0,25.0
21746,226,3075,13.486842105263158,2732,Active/Regular Products,Zone B,25.0,617658,60,35.0,25.0
21539,238,969,4.0375,2593,Active/Regular Products,Zone B,25.0,617372,60,35.0,25.0
21012,199,1169,5.815920398009951,3092,Active/Regular Products,Zone B,25.0,615507,60,35.0,25.0
23154,235,2701,11.254166666666666,2613,Active/Regular Products,Zone B,25.0,614290,60,35.0,25.0
22466,209,3069,14.545023696682463,2937,Active/Regular Products,Zone B,25.0,614042,60,35.0,25.0
22433,227,1394,6.0873362445414845,2704,Active/Regular Products,Zone B,25.0,614035,60,35.0,25.0
22921,209,1716,8.17142857142857,2925,Active/Regular Products,Zone B,25.0,611534,60,35.0,25.0
22800,203,870,4.285714285714286,3009,Active/Regular Products,Zone B,25.0,611030,60,35.0,25.0
23286,222,5048,22.73873873873874,2745,Active/Regular Products,Zone B,25.0,609612,60,35.0,25.0
22377,207,1330,6.42512077294686,2943,Active/Regular Products,Zone B,25.0,609408,60,35.0,25.0
21832,198,954,4.793969849246231,3074,Active/Regular Products,Zone B,25.0,608850,60,35.0,25.0
22088,238,1893,7.8875,2556,Active/Regular Products,Zone B,25.0,608566,60,35.0,25.0
22974,204,1598,7.795121951219512,2979,Active/Regular Products,Zone B,25.0,607920,60,35.0,25.0
23148,247,2139,8.421259842519685,2460,Active/Regular Products,Zone B,25.0,607867,60,35.0,25.0
23292,222,2181,9.780269058295964,2733,Active/Regular Products,Zone B,25.0,606948,60,35.0,25.0
22548,209,1975,9.316037735849056,2896,Active/Regular Products,Zone B,25.0,605473,60,35.0,25.0
23013,223,924,4.125,2709,Active/Regular Products,Zone B,25.0,604330,60,35.0,25.0
21390,212,3903,17.82191780821918,2844,Active/Regular Products,Zone B,25.0,603140,60,35.0,25.0
22943,209,1355,6.483253588516747,2884,Active/Regular Products,Zone B,25.0,602965,60,35.0,25.0
22897,211,1350,6.367924528301887,2854,Active/Regular Products,Zone B,25.0,602405,60,35.0,25.0
22601,200,2479,12.272277227722771,3000,Active/Regular Products,Zone B,25.0,600200,60,35.0,25.0
22610,216,9572,44.11059907834101,2777,Active/Regular Products,Zone B,25.0,600048,60,35.0,25.0
23159,223,2293,10.236607142857142,2689,Active/Regular Products,Zone B,25.0,599870,60,35.0,25.0
47504K,212,2018,9.342592592592592,2826,Active/Regular Products,Zone B,25.0,599324,60,35.0,25.0
23283,233,994,4.266094420600858,2567,Active/Regular Products,Zone B,25.0,598344,60,35.0,25.0
22074,199,1402,7.01,3003,Active/Regular Products,Zone B,25.0,597796,60,35.0,25.0
22807,195,818,4.152284263959391,3046,Active/Regular Products,Zone B,25.0,594165,60,35.0,25.0
22594,196,2006,10.182741116751268,3024,Active/Regular Products,Zone B,25.0,592900,60,35.0,25.0
22211,196,1008,5.014925373134329,3023,Active/Regular Products,Zone B,25.0,592704,60,35.0,25.0
23399,225,1914,8.179487179487179,2619,Active/Regular Products,Zone B,25.0,589500,60,35.0,25.0
22593,198,2263,11.315,2975,Active/Regular Products,Zone B,25.0,589248,60,35.0,25.0
23389,237,1115,4.665271966527197,2481,Active/Regular Products,Zone B,25.0,588234,60,35.0,25.0
85132C,211,1520,7.169811320754717,2781,Active/Regular Products,Zone B,25.0,587002,60,35.0,25.0
22839,201,445,2.202970297029703,2906,Active/Regular Products,Zone B,25.0,584307,60,35.0,25.0
21774,186,1095,5.855614973262032,3135,Active/Regular Products,Zone B,25.0,583296,60,35.0,25.0
22075,200,1773,8.777227722772277,2912,Active/Regular Products,Zone B,25.0,582600,60,35.0,25.0
21068,198,1638,8.231155778894472,2941,Active/Regular Products,Zone B,25.0,582516,60,35.0,25.0
22600,193,1698,8.66326530612245,3011,Active/Regular Products,Zone B,25.0,581316,60,35.0,25.0
22562,211,1413,6.696682464454977,2748,Active/Regular Products,Zone B,25.0,580039,60,35.0,25.0
21623,221,3269,14.79185520361991,2605,Active/Regular Products,Zone B,25.0,575926,60,35.0,25.0
22300,196,1528,7.795918367346939,2932,Active/Regular Products,Zone B,25.0,574868,60,35.0,25.0
75049L,205,7102,33.98086124401914,2799,Active/Regular Products,Zone B,25.0,574000,60,35.0,25.0
22439,197,1898,9.442786069651742,2908,Active/Regular Products,Zone B,25.0,573073,60,35.0,25.0
20751,198,971,4.783251231527093,2893,Active/Regular Products,Zone B,25.0,573012,60,35.0,25.0
22634,222,763,3.40625,2580,Active/Regular Products,Zone B,25.0,572982,60,35.0,25.0
22584,196,2330,11.82741116751269,2919,Active/Regular Products,Zone B,25.0,572320,60,35.0,25.0
22465,198,2053,10.265,2885,Active/Regular Products,Zone B,25.0,571428,60,35.0,25.0
23014,209,856,4.056872037914692,2727,Active/Regular Products,Zone B,25.0,570152,60,35.0,25.0
22491,219,3947,17.85972850678733,2600,Active/Regular Products,Zone B,25.0,569619,60,35.0,25.0
85184C,193,1652,8.515463917525773,2948,Active/Regular Products,Zone B,25.0,569157,60,35.0,25.0
22841,213,529,2.483568075117371,2671,Active/Regular Products,Zone B,25.0,569136,60,35.0,25.0
22809,204,1240,6.019417475728155,2787,Active/Regular Products,Zone B,25.0,568752,60,35.0,25.0
22956,198,2050,10.199004975124378,2871,Active/Regular Products,Zone B,25.0,568656,60,35.0,25.0
20674,205,1563,7.587378640776699,2769,Active/Regular Products,Zone B,25.0,567850,60,35.0,25.0
21866,193,747,3.850515463917526,2941,Active/Regular Products,Zone B,25.0,567806,60,35.0,25.0
23393,229,801,3.467532467532468,2478,Active/Regular Products,Zone B,25.0,567691,60,35.0,25.0
48129,205,904,4.388349514563107,2765,Active/Regular Products,Zone B,25.0,567030,60,35.0,25.0
23290,214,2430,11.355140186915888,2644,Active/Regular Products,Zone B,25.0,566030,60,35.0,25.0
23163,209,1832,8.76555023923445,2705,Active/Regular Products,Zone B,25.0,565554,60,35.0,25.0
22485,208,526,2.5288461538461537,2718,Active/Regular Products,Zone B,25.0,565552,60,35.0,25.0
22531,200,3382,16.82587064676617,2825,Active/Regular Products,Zone B,25.0,565200,60,35.0,25.0
22676,199,1155,5.775,2837,Active/Regular Products,Zone B,25.0,564762,60,35.0,25.0
21922,208,898,4.29665071770335,2713,Active/Regular Products,Zone B,25.0,564512,60,35.0,25.0
22055,220,1375,6.138392857142857,2556,Active/Regular Products,Zone B,25.0,562540,60,35.0,25.0
22805,195,1890,9.692307692307692,2883,Active/Regular Products,Zone B,25.0,562380,60,35.0,25.0
23382,220,1875,8.484162895927602,2553,Active/Regular Products,Zone B,25.0,561880,60,35.0,25.0
21658,212,878,4.122065727699531,2643,Active/Regular Products,Zone B,25.0,560528,60,35.0,25.0
23242,214,1470,6.774193548387097,2616,Active/Regular Products,Zone B,25.0,560038,60,35.0,25.0
22094,200,2166,10.669950738916256,2795,Active/Regular Products,Zone B,25.0,559200,60,35.0,25.0
22078,192,1369,6.949238578680203,2909,Active/Regular Products,Zone B,25.0,558720,60,35.0,25.0
84828,182,1099,5.9728260869565215,3055,Active/Regular Products,Zone B,25.0,556192,60,35.0,25.0
22597,186,2821,14.847368421052632,2989,Active/Regular Products,Zone B,25.0,556140,60,35.0,25.0
23329,233,1767,7.068,2384,Active/Regular Products,Zone B,25.0,555705,60,35.0,25.0
22968,189,794,4.201058201058201,2937,Active/Regular Products,Zone B,25.0,555282,60,35.0,25.0
23535,215,1324,6.12962962962963,2580,Active/Regular Products,Zone B,25.0,554915,60,35.0,25.0
22135,179,567,3.1675977653631286,3099,Active/Regular Products,Zone B,25.0,554900,60,35.0,25.0
21802,180,2122,11.65934065934066,3073,Active/Regular Products,Zone B,25.0,553320,60,35.0,25.0
21986,189,4067,21.29319371727749,2923,Active/Regular Products,Zone B,25.0,552636,60,35.0,25.0
22628,190,965,5.052356020942408,2903,Active/Regular Products,Zone B,25.0,551760,60,35.0,25.0
23397,217,489,2.2534562211981566,2539,Active/Regular Products,Zone B,25.0,551180,60,35.0,25.0
23002,192,2119,10.922680412371134,2869,Active/Regular Products,Zone B,25.0,551040,60,35.0,25.0
85049H,184,848,4.53475935828877,2989,Active/Regular Products,Zone B,25.0,550160,60,35.0,25.0
22767,218,774,3.55045871559633,2514,Active/Regular Products,Zone B,25.0,548270,60,35.0,25.0
84536B,178,2102,11.743016759776536,3078,Active/Regular Products,Zone B,25.0,548062,60,35.0,25.0
22915,184,3152,17.037837837837838,2964,Active/Regular Products,Zone B,25.0,545560,60,35.0,25.0
22357,180,468,2.6,3027,Active/Regular Products,Zone B,25.0,545040,60,35.0,25.0
22649,200,795,3.897058823529412,2722,Active/Regular Products,Zone B,25.0,544600,60,35.0,25.0
20829,194,1314,6.603015075376884,2804,Active/Regular Products,Zone B,25.0,544170,60,35.0,25.0
22187,192,1266,6.525773195876289,2831,Active/Regular Products,Zone B,25.0,543744,60,35.0,25.0
22107,179,592,3.2527472527472527,3035,Active/Regular Products,Zone B,25.0,543444,60,35.0,25.0
23333,233,2089,8.59670781893004,2328,Active/Regular Products,Zone B,25.0,542657,60,35.0,25.0
23101,213,2031,9.490654205607475,2546,Active/Regular Products,Zone B,25.0,542511,60,35.0,25.0
22975,186,1204,6.404255319148936,2915,Active/Regular Products,Zone B,25.0,542376,60,35.0,25.0
22426,208,742,3.550239234449761,2606,Active/Regular Products,Zone B,25.0,542256,60,35.0,25.0
22812,185,1725,9.078947368421051,2930,Active/Regular Products,Zone B,25.0,542235,60,35.0,25.0
23395,210,748,3.5450236966824646,2578,Active/Regular Products,Zone B,25.0,541590,60,35.0,25.0
22210,187,1017,5.269430051813472,2894,Active/Regular Products,Zone B,25.0,541365,60,35.0,25.0
22773,191,2075,10.64102564102564,2832,Active/Regular Products,Zone B,25.0,541103,60,35.0,25.0
23146,227,798,3.4545454545454546,2375,Active/Regular Products,Zone B,25.0,539352,60,35.0,25.0
23480,215,1798,8.247706422018348,2501,Active/Regular Products,Zone B,25.0,537930,60,35.0,25.0
22930,189,1108,5.801047120418848,2844,Active/Regular Products,Zone B,25.0,537705,60,35.0,25.0
22758,178,1195,6.675977653631285,3014,Active/Regular Products,Zone B,25.0,536670,60,35.0,25.0
23287,198,1879,9.395,2709,Active/Regular Products,Zone B,25.0,536580,60,35.0,25.0
23426,206,1275,6.1298076923076925,2603,Active/Regular Products,Zone B,25.0,536424,60,35.0,25.0
22733,197,1583,7.875621890547263,2721,Active/Regular Products,Zone B,25.0,536234,60,35.0,25.0
10133,196,2856,14.571428571428571,2732,Active/Regular Products,Zone B,25.0,535668,60,35.0,25.0
85176,172,918,5.337209302325581,3113,Active/Regular Products,Zone B,25.0,535608,60,35.0,25.0
22732,188,1645,8.657894736842104,2834,Active/Regular Products,Zone B,25.0,532980,60,35.0,25.0
72351B,186,2096,11.20855614973262,2863,Active/Regular Products,Zone B,25.0,532704,60,35.0,25.0
23156,205,1665,8.043478260869565,2592,Active/Regular Products,Zone B,25.0,531565,60,35.0,25.0
22674,187,1346,7.08421052631579,2838,Active/Regular Products,Zone B,25.0,530893,60,35.0,25.0
21745,214,935,4.348837209302325,2477,Active/Regular Products,Zone B,25.0,530292,60,35.0,25.0
22278,178,405,2.2252747252747254,2977,Active/Regular Products,Zone B,25.0,530084,60,35.0,25.0
22572,179,1380,7.582417582417582,2960,Active/Regular Products,Zone B,25.0,530019,60,35.0,25.0
21243,210,2285,10.829383886255924,2515,Active/Regular Products,Zone B,25.0,528360,60,35.0,25.0
21955,206,1228,5.903846153846154,2561,Active/Regular Products,Zone B,25.0,527772,60,35.0,25.0
22651,170,2166,12.741176470588234,3090,Active/Regular Products,Zone B,25.0,525470,60,35.0,25.0
22302,212,2329,10.934272300469484,2476,Active/Regular Products,Zone B,25.0,525124,60,35.0,25.0
22544,175,4518,25.670454545454547,2993,Active/Regular Products,Zone B,25.0,523950,60,35.0,25.0
85039B,172,806,4.658959537572255,3045,Active/Regular Products,Zone B,25.0,523912,60,35.0,25.0
21071,177,991,5.536312849162012,2954,Active/Regular Products,Zone B,25.0,523035,60,35.0,25.0
21577,175,720,4.114285714285714,2983,Active/Regular Products,Zone B,25.0,522200,60,35.0,25.0
22626,199,517,2.597989949748744,2619,Active/Regular Products,Zone B,25.0,521380,60,35.0,25.0
23330,216,1794,8.044843049327355,2411,Active/Regular Products,Zone B,25.0,520992,60,35.0,25.0
22188,189,4870,25.76719576719577,2754,Active/Regular Products,Zone B,25.0,520695,60,35.0,25.0
22588,175,684,3.886363636363636,2974,Active/Regular Products,Zone B,25.0,520625,60,35.0,25.0
23285,191,4807,25.03645833333333,2724,Active/Regular Products,Zone B,25.0,520475,60,35.0,25.0
23291,195,1634,8.33673469387755,2668,Active/Regular Products,Zone B,25.0,520455,60,35.0,25.0
85131B,172,623,3.622093023255814,3023,Active/Regular Products,Zone B,25.0,520128,60,35.0,25.0
22338,180,4679,25.155913978494624,2885,Active/Regular Products,Zone B,25.0,519480,60,35.0,25.0
21906,173,581,3.339080459770115,2996,Active/Regular Products,Zone B,25.0,518481,60,35.0,25.0
22375,167,346,2.07185628742515,3099,Active/Regular Products,Zone B,25.0,517700,60,35.0,25.0
21452,184,817,4.39247311827957,2812,Active/Regular Products,Zone B,25.0,517592,60,35.0,25.0
23366,195,2249,11.358585858585858,2652,Active/Regular Products,Zone B,25.0,517335,60,35.0,25.0
22581,177,1569,8.62087912087912,2920,Active/Regular Products,Zone B,25.0,517017,60,35.0,25.0
23494,205,809,3.927184466019417,2518,Active/Regular Products,Zone B,25.0,516395,60,35.0,25.0
23352,212,1800,8.450704225352112,2434,Active/Regular Products,Zone B,25.0,516220,60,35.0,25.0
23434,199,2095,10.475,2585,Active/Regular Products,Zone B,25.0,514614,60,35.0,25.0
16235,168,3068,18.261904761904763,3062,Active/Regular Products,Zone B,25.0,514584,60,35.0,25.0
22603,171,1387,7.880681818181818,3008,Active/Regular Products,Zone B,25.0,514539,60,35.0,25.0
22677,188,1001,5.296296296296297,2735,Active/Regular Products,Zone B,25.0,514368,60,35.0,25.0
84971S,172,1761,10.179190751445086,2989,Active/Regular Products,Zone B,25.0,514280,60,35.0,25.0
16161P,248,7201,29.036290322580644,2069,Active/Regular Products,Zone B,25.0,513360,60,35.0,25.0
23231,260,7277,27.98846153846154,1973,Active/Regular Products,Zone B,25.0,513240,60,35.0,25.0
21544,174,1972,11.268571428571429,2947,Active/Regular Products,Zone B,25.0,512952,60,35.0,25.0
23312,214,1423,6.527522935779817,2393,Active/Regular Products,Zone B,25.0,512316,60,35.0,25.0
23210,192,2849,14.103960396039604,2661,Active/Regular Products,Zone B,25.0,511104,60,35.0,25.0
21592,216,2149,9.63677130044843,2365,Active/Regular Products,Zone B,25.0,511056,60,35.0,25.0
21903,180,1160,6.444444444444445,2835,Active/Regular Products,Zone B,25.0,510480,60,35.0,25.0
22636,198,595,3.005050505050505,2577,Active/Regular Products,Zone B,25.0,510444,60,35.0,25.0
22331,183,1840,10.05464480874317,2783,Active/Regular Products,Zone B,25.0,509472,60,35.0,25.0
51014C,174,2687,15.354285714285714,2927,Active/Regular Products,Zone B,25.0,509472,60,35.0,25.0
21625,169,407,2.3941176470588235,3006,Active/Regular Products,Zone B,25.0,508183,60,35.0,25.0
22430,195,617,3.147959183673469,2599,Active/Regular Products,Zone B,25.0,507000,60,35.0,25.0
84031A,165,430,2.606060606060606,3069,Active/Regular Products,Zone B,25.0,506550,60,35.0,25.0
22315,172,916,5.294797687861272,2944,Active/Regular Products,Zone B,25.0,506540,60,35.0,25.0
10135,175,2229,12.59322033898305,2893,Active/Regular Products,Zone B,25.0,506450,60,35.0,25.0
21084,181,2610,14.184782608695652,2786,Active/Regular Products,Zone B,25.0,504447,60,35.0,25.0
22576,173,1538,8.689265536723164,2906,Active/Regular Products,Zone B,25.0,502911,60,35.0,25.0
21864,184,828,4.451612903225806,2729,Active/Regular Products,Zone B,25.0,502320,60,35.0,25.0
23289,191,1622,8.447916666666666,2628,Active/Regular Products,Zone B,25.0,502139,60,35.0,25.0
23007,184,498,2.7065217391304346,2727,Active/Regular Products,Zone B,25.0,501952,60,35.0,25.0
22209,173,945,5.431034482758621,2899,Active/Regular Products,Zone B,25.0,501700,60,35.0,25.0
23050,205,497,2.424390243902439,2442,Active/Regular Products,Zone B,25.0,500815,60,35.0,25.0
37448,187,1451,7.636842105263158,2675,Active/Regular Products,Zone B,25.0,500412,60,35.0,25.0
22364,164,616,3.733333333333333,3050,Active/Regular Products,Zone B,25.0,500364,60,35.0,25.0
23288,185,4625,24.865591397849464,2700,Active/Regular Products,Zone B,25.0,499685,60,35.0,25.0
21383,167,991,5.863905325443787,2988,Active/Regular Products,Zone B,25.0,499163,60,35.0,25.0
23091,209,580,2.761904761904762,2387,Active/Regular Products,Zone B,25.0,499092,60,35.0,25.0
22757,163,1096,6.723926380368098,3053,Active/Regular Products,Zone B,25.0,497802,60,35.0,25.0
23232,238,8526,35.67364016736402,2090,Active/Regular Products,Zone B,25.0,497658,60,35.0,25.0
23215,210,3564,16.732394366197184,2368,Active/Regular Products,Zone B,25.0,497490,60,35.0,25.0
21829,177,6765,38.00561797752809,2807,Active/Regular Products,Zone B,25.0,497016,60,35.0,25.0
22365,179,789,4.407821229050279,2771,Active/Regular Products,Zone B,25.0,496188,60,35.0,25.0
23212,186,2296,12.020942408376964,2664,Active/Regular Products,Zone B,25.0,495690,60,35.0,25.0
21773,163,1170,7.134146341463414,3035,Active/Regular Products,Zone B,25.0,494868,60,35.0,25.0
23193,175,1922,10.982857142857142,2826,Active/Regular Products,Zone B,25.0,494725,60,35.0,25.0
21224,165,914,5.473053892215569,2996,Active/Regular Products,Zone B,25.0,494505,60,35.0,25.0
22564,186,2697,14.5,2654,Active/Regular Products,Zone B,25.0,493830,60,35.0,25.0
85039A,162,704,4.345679012345679,3043,Active/Regular Products,Zone B,25.0,493128,60,35.0,25.0
22891,168,420,2.5,2933,Active/Regular Products,Zone B,25.0,492912,60,35.0,25.0
22945,172,2991,17.091428571428573,2864,Active/Regular Products,Zone B,25.0,492780,60,35.0,25.0
84912B,160,323,1.9938271604938271,3073,Active/Regular Products,Zone B,25.0,491840,60,35.0,25.0
21700,198,1726,8.63,2481,Active/Regular Products,Zone B,25.0,491436,60,35.0,25.0
21158,170,1469,8.394285714285715,2888,Active/Regular Products,Zone B,25.0,491130,60,35.0,25.0
22134,162,889,5.45398773006135,3029,Active/Regular Products,Zone B,25.0,490860,60,35.0,25.0
22091,167,1983,11.874251497005988,2938,Active/Regular Products,Zone B,25.0,490813,60,35.0,25.0
22098,172,1992,11.191011235955056,2852,Active/Regular Products,Zone B,25.0,490716,60,35.0,25.0
21620,165,881,5.275449101796407,2968,Active/Regular Products,Zone B,25.0,489885,60,35.0,25.0
21833,168,2726,16.226190476190474,2911,Active/Regular Products,Zone B,25.0,489216,60,35.0,25.0
22744,172,867,4.982758620689655,2843,Active/Regular Products,Zone B,25.0,489168,60,35.0,25.0
22483,169,770,4.556213017751479,2888,Active/Regular Products,Zone B,25.0,488241,60,35.0,25.0
23396,196,654,3.253731343283582,2489,Active/Regular Products,Zone B,25.0,488040,60,35.0,25.0
23346,184,2628,14.129032258064516,2650,Active/Regular Products,Zone B,25.0,487784,60,35.0,25.0
22635,194,681,3.4923076923076923,2509,Active/Regular Products,Zone B,25.0,486940,60,35.0,25.0
22224,164,834,5.054545454545455,2954,Active/Regular Products,Zone B,25.0,484620,60,35.0,25.0
21619,164,974,5.903030303030303,2951,Active/Regular Products,Zone B,25.0,484128,60,35.0,25.0
21258,163,532,3.263803680981595,2968,Active/Regular Products,Zone B,25.0,483947,60,35.0,25.0
84580,165,389,2.329341317365269,2932,Active/Regular Products,Zone B,25.0,483945,60,35.0,25.0
85040A,164,888,5.254437869822485,2946,Active/Regular Products,Zone B,25.0,483308,60,35.0,25.0
37446,183,1354,7.202127659574468,2640,Active/Regular Products,Zone B,25.0,483303,60,35.0,25.0
23190,202,1702,8.38423645320197,2390,Active/Regular Products,Zone B,25.0,482982,60,35.0,25.0
22199,167,467,2.7964071856287425,2875,Active/Regular Products,Zone B,25.0,480292,60,35.0,25.0
22718,168,1633,9.720238095238097,2854,Active/Regular Products,Zone B,25.0,479640,60,35.0,25.0
22154,162,3745,22.56024096385542,2955,Active/Regular Products,Zone B,25.0,478872,60,35.0,25.0
85017B,158,1077,6.773584905660377,3026,Active/Regular Products,Zone B,25.0,478266,60,35.0,25.0
23035,191,2191,11.411458333333334,2501,Active/Regular Products,Zone B,25.0,477882,60,35.0,25.0
20977,185,1739,9.349462365591398,2579,Active/Regular Products,Zone B,25.0,477300,60,35.0,25.0
72817,161,1212,7.435582822085889,2961,Active/Regular Products,Zone B,25.0,476882,60,35.0,25.0
23504,208,1927,8.880184331797235,2291,Active/Regular Products,Zone B,25.0,476736,60,35.0,25.0
23006,173,1758,10.16184971098266,2754,Active/Regular Products,Zone B,25.0,476615,60,35.0,25.0
22175,171,877,5.128654970760234,2782,Active/Regular Products,Zone B,25.0,475893,60,35.0,25.0
20665,156,461,2.9551282051282053,3043,Active/Regular Products,Zone B,25.0,474864,60,35.0,25.0
22664,162,713,4.401234567901234,2929,Active/Regular Products,Zone B,25.0,474660,60,35.0,25.0
23371,185,1705,9.166666666666666,2555,Active/Regular Products,Zone B,25.0,472860,60,35.0,25.0
21557,162,551,3.380368098159509,2911,Active/Regular Products,Zone B,25.0,471744,60,35.0,25.0
21471,163,639,3.920245398773006,2893,Active/Regular Products,Zone B,25.0,471722,60,35.0,25.0
85174,157,613,3.9044585987261136,3003,Active/Regular Products,Zone B,25.0,471628,60,35.0,25.0
85061W,162,2146,12.698224852071004,2907,Active/Regular Products,Zone B,25.0,471096,60,35.0,25.0
48116,201,1491,7.417910447761194,2336,Active/Regular Products,Zone B,25.0,469737,60,35.0,25.0
22120,188,523,2.7819148936170213,2495,Active/Regular Products,Zone B,25.0,469248,60,35.0,25.0
22586,161,856,5.283950617283951,2912,Active/Regular Products,Zone B,25.0,468993,60,35.0,25.0
21497,230,8550,37.17391304347826,2034,Active/Regular Products,Zone B,25.0,468050,60,35.0,25.0
22938,186,2367,12.590425531914894,2502,Active/Regular Products,Zone B,25.0,465558,60,35.0,25.0
22167,156,236,1.5128205128205128,2983,Active/Regular Products,Zone B,25.0,465504,60,35.0,25.0
84596L,172,1254,7.290697674418604,2705,Active/Regular Products,Zone B,25.0,465432,60,35.0,25.0
21988,193,2321,11.902564102564105,2406,Active/Regular Products,Zone B,25.0,464551,60,35.0,25.0
22026,160,1644,10.275,2900,Active/Regular Products,Zone B,25.0,464160,60,35.0,25.0
22810,165,944,5.686746987951807,2810,Active/Regular Products,Zone B,25.0,463815,60,35.0,25.0
22587,161,918,5.666666666666667,2875,Active/Regular Products,Zone B,25.0,463036,60,35.0,25.0
23162,176,1412,8.022727272727273,2629,Active/Regular Products,Zone B,25.0,462880,60,35.0,25.0
48173C,188,1799,9.569148936170214,2459,Active/Regular Products,Zone B,25.0,462480,60,35.0,25.0
22925,182,449,2.453551912568306,2540,Active/Regular Products,Zone B,25.0,462462,60,35.0,25.0
22675,164,1240,7.469879518072289,2815,Active/Regular Products,Zone B,25.0,461824,60,35.0,25.0
21135,177,2869,15.763736263736265,2608,Active/Regular Products,Zone B,25.0,461793,60,35.0,25.0
22537,171,1929,11.15028901734104,2698,Active/Regular Products,Zone B,25.0,461529,60,35.0,25.0
22132,154,1038,6.740259740259741,2994,Active/Regular Products,Zone B,25.0,461230,60,35.0,25.0
22890,165,385,2.319277108433735,2790,Active/Regular Products,Zone B,25.0,460515,60,35.0,25.0
23239,178,842,4.651933701657459,2586,Active/Regular Products,Zone B,25.0,460486,60,35.0,25.0
22794,182,326,1.7912087912087913,2528,Active/Regular Products,Zone B,25.0,460278,60,35.0,25.0
23032,199,2328,11.467980295566502,2305,Active/Regular Products,Zone B,25.0,458894,60,35.0,25.0
23230,235,7976,33.94042553191489,1950,Active/Regular Products,Zone B,25.0,458485,60,35.0,25.0
21356,151,642,4.223684210526316,3033,Active/Regular Products,Zone B,25.0,458134,60,35.0,25.0
22837,178,1173,6.306451612903226,2572,Active/Regular Products,Zone B,25.0,457994,60,35.0,25.0
22678,160,843,5.26875,2859,Active/Regular Products,Zone B,25.0,457600,60,35.0,25.0
23497,195,2558,12.79,2334,Active/Regular Products,Zone B,25.0,455325,60,35.0,25.0
23127,194,736,3.755102040816327,2344,Active/Regular Products,Zone B,25.0,454930,60,35.0,25.0
21948,153,640,4.129032258064516,2971,Active/Regular Products,Zone B,25.0,454716,60,35.0,25.0
21905,160,760,4.75,2836,Active/Regular Products,Zone B,25.0,453920,60,35.0,25.0
23130,184,962,5.228260869565218,2463,Active/Regular Products,Zone B,25.0,453376,60,35.0,25.0
22740,170,6842,40.24705882352941,2665,Active/Regular Products,Zone B,25.0,453220,60,35.0,25.0
21162,162,1462,8.914634146341463,2796,Active/Regular Products,Zone B,25.0,453114,60,35.0,25.0
22185,162,1472,8.975609756097562,2786,Active/Regular Products,Zone B,25.0,451494,60,35.0,25.0
84535B,155,1332,8.538461538461538,2904,Active/Regular Products,Zone B,25.0,450275,60,35.0,25.0
23345,174,2451,13.926136363636363,2585,Active/Regular Products,Zone B,25.0,449964,60,35.0,25.0
85231B,151,868,5.636363636363637,2976,Active/Regular Products,Zone B,25.0,449527,60,35.0,25.0
23569,192,954,4.86734693877551,2337,Active/Regular Products,Zone B,25.0,448896,60,35.0,25.0
21947,152,811,5.165605095541402,2950,Active/Regular Products,Zone B,25.0,448552,60,35.0,25.0
22425,166,460,2.7710843373493974,2689,Active/Regular Products,Zone B,25.0,446540,60,35.0,25.0
21983,155,2301,14.84516129032258,2870,Active/Regular Products,Zone B,25.0,445005,60,35.0,25.0
22984,163,2693,16.521472392638035,2724,Active/Regular Products,Zone B,25.0,444175,60,35.0,25.0
72807C,157,721,4.592356687898089,2827,Active/Regular Products,Zone B,25.0,443996,60,35.0,25.0
22165,146,415,2.82312925170068,3040,Active/Regular Products,Zone B,25.0,443986,60,35.0,25.0
21500,213,6350,29.812206572769952,2082,Active/Regular Products,Zone B,25.0,443679,60,35.0,25.0
21499,217,6927,31.921658986175117,2034,Active/Regular Products,Zone B,25.0,441595,60,35.0,25.0
22059,173,1780,10.056497175141242,2551,Active/Regular Products,Zone B,25.0,441496,60,35.0,25.0
23378,176,3997,21.84153005464481,2506,Active/Regular Products,Zone B,25.0,441232,60,35.0,25.0
22148,186,1933,10.227513227513228,2369,Active/Regular Products,Zone B,25.0,440820,60,35.0,25.0
22926,195,594,3.0306122448979598,2258,Active/Regular Products,Zone B,25.0,440505,60,35.0,25.0
21875,148,2055,13.791946308724832,2970,Active/Regular Products,Zone B,25.0,439708,60,35.0,25.0
22099,153,1440,9.113924050632912,2870,Active/Regular Products,Zone B,25.0,439263,60,35.0,25.0
22244,159,1703,10.64375,2761,Active/Regular Products,Zone B,25.0,439158,60,35.0,25.0
22372,147,279,1.885135135135135,2986,Active/Regular Products,Zone B,25.0,439089,60,35.0,25.0
22686,158,993,6.284810126582278,2771,Active/Regular Products,Zone B,25.0,437976,60,35.0,25.0
22937,160,972,5.926829268292683,2729,Active/Regular Products,Zone B,25.0,436800,60,35.0,25.0
23348,168,746,4.388235294117648,2596,Active/Regular Products,Zone B,25.0,436296,60,35.0,25.0
23049,186,456,2.4516129032258065,2343,Active/Regular Products,Zone B,25.0,435984,60,35.0,25.0
22116,148,575,3.885135135135135,2941,Active/Regular Products,Zone B,25.0,435416,60,35.0,25.0
21913,148,398,2.689189189189189,2940,Active/Regular Products,Zone B,25.0,435268,60,35.0,25.0
21563,159,1395,8.773584905660377,2736,Active/Regular Products,Zone B,25.0,435183,60,35.0,25.0
84568,147,12442,84.63945578231292,2959,Active/Regular Products,Zone B,25.0,435120,60,35.0,25.0
21123,154,1143,7.280254777070064,2824,Active/Regular Products,Zone B,25.0,435050,60,35.0,25.0
85034C,158,1129,6.842424242424243,2747,Active/Regular Products,Zone B,25.0,434184,60,35.0,25.0
21115,162,562,3.4478527607361964,2677,Active/Regular Products,Zone B,25.0,433836,60,35.0,25.0
85062,159,1462,9.1375,2725,Active/Regular Products,Zone B,25.0,433434,60,35.0,25.0
23365,169,1857,10.734104046242775,2559,Active/Regular Products,Zone B,25.0,432640,60,35.0,25.0
84031B,143,303,2.089655172413793,3018,Active/Regular Products,Zone B,25.0,431717,60,35.0,25.0
21244,196,2282,11.583756345177664,2201,Active/Regular Products,Zone B,25.0,431592,60,35.0,25.0
21949,144,801,5.524137931034483,2989,Active/Regular Products,Zone B,25.0,430560,60,35.0,25.0
23211,160,2329,14.376543209876544,2688,Active/Regular Products,Zone B,25.0,430240,60,35.0,25.0
22609,155,5874,37.65384615384615,2769,Active/Regular Products,Zone B,25.0,429350,60,35.0,25.0
21260,166,1161,6.910714285714286,2582,Active/Regular Products,Zone B,25.0,428778,60,35.0,25.0
21534,155,370,2.371794871794872,2764,Active/Regular Products,Zone B,25.0,428575,60,35.0,25.0
15039,145,2090,14.413793103448276,2953,Active/Regular Products,Zone B,25.0,428330,60,35.0,25.0
22283,155,299,1.929032258064516,2751,Active/Regular Products,Zone B,25.0,426560,60,35.0,25.0
22914,154,467,3.0129032258064514,2768,Active/Regular Products,Zone B,25.0,426426,60,35.0,25.0
51014L,149,2059,13.726666666666668,2851,Active/Regular Products,Zone B,25.0,424948,60,35.0,25.0
22957,214,1775,8.217592592592593,1983,Active/Regular Products,Zone B,25.0,424576,60,35.0,25.0
21713,157,786,4.943396226415095,2697,Active/Regular Products,Zone B,25.0,423586,60,35.0,25.0
22023,146,1206,8.204081632653061,2898,Active/Regular Products,Zone B,25.0,423254,60,35.0,25.0
21015,142,1483,10.37062937062937,2978,Active/Regular Products,Zone B,25.0,423018,60,35.0,25.0
22250,147,819,5.533783783783784,2876,Active/Regular Products,Zone B,25.0,422919,60,35.0,25.0
22565,148,933,6.261744966442953,2856,Active/Regular Products,Zone B,25.0,422836,60,35.0,25.0
22069,146,414,2.816326530612245,2895,Active/Regular Products,Zone B,25.0,422816,60,35.0,25.0
21818,163,2737,15.376404494382022,2588,Active/Regular Products,Zone B,25.0,422007,60,35.0,25.0
79066K,146,783,5.363013698630137,2889,Active/Regular Products,Zone B,25.0,421940,60,35.0,25.0
22268,158,2009,12.401234567901234,2659,Active/Regular Products,Zone B,25.0,420280,60,35.0,25.0
37370,159,2567,15.84567901234568,2640,Active/Regular Products,Zone B,25.0,419919,60,35.0,25.0
22893,142,1872,13.090909090909092,2956,Active/Regular Products,Zone B,25.0,419894,60,35.0,25.0
21844,156,1847,11.764331210191084,2690,Active/Regular Products,Zone B,25.0,419796,60,35.0,25.0
22203,145,403,2.779310344827586,2883,Active/Regular Products,Zone B,25.0,418180,60,35.0,25.0
22566,150,873,5.705882352941177,2786,Active/Regular Products,Zone B,25.0,418050,60,35.0,25.0
22095,143,1643,10.953333333333331,2916,Active/Regular Products,Zone B,25.0,417131,60,35.0,25.0
22155,142,2452,16.456375838926174,2936,Active/Regular Products,Zone B,25.0,417054,60,35.0,25.0
22468,153,517,3.379084967320261,2721,Active/Regular Products,Zone B,25.0,416466,60,35.0,25.0
72351A,153,1264,8.102564102564102,2717,Active/Regular Products,Zone B,25.0,415854,60,35.0,25.0
21775,139,515,3.7050359712230216,2990,Active/Regular Products,Zone B,25.0,415749,60,35.0,25.0
23404,169,1011,5.982248520710059,2457,Active/Regular Products,Zone B,25.0,415402,60,35.0,25.0
22068,143,526,3.6527777777777777,2897,Active/Regular Products,Zone B,25.0,414414,60,35.0,25.0
20707,149,464,3.114093959731544,2780,Active/Regular Products,Zone B,25.0,414369,60,35.0,25.0
22311,142,1132,7.861111111111111,2912,Active/Regular Products,Zone B,25.0,413646,60,35.0,25.0
23157,163,2557,15.1301775147929,2532,Active/Regular Products,Zone B,25.0,412879,60,35.0,25.0
22950,185,5209,28.15675675675676,2228,Active/Regular Products,Zone B,25.0,412365,60,35.0,25.0
22990,164,633,3.8132530120481927,2513,Active/Regular Products,Zone B,25.0,412296,60,35.0,25.0
22696,151,729,4.673076923076923,2727,Active/Regular Products,Zone B,25.0,411928,60,35.0,25.0
84078A,155,415,2.677419354838709,2655,Active/Regular Products,Zone B,25.0,411680,60,35.0,25.0
22680,153,842,5.432258064516129,2684,Active/Regular Products,Zone B,25.0,410805,60,35.0,25.0
22679,152,740,4.868421052631579,2695,Active/Regular Products,Zone B,25.0,409792,60,35.0,25.0
22478,140,1537,10.978571428571428,2916,Active/Regular Products,Zone B,25.0,408380,60,35.0,25.0
22608,144,5211,36.1875,2833,Active/Regular Products,Zone B,25.0,408096,60,35.0,25.0
22821,139,1171,8.424460431654676,2929,Active/Regular Products,Zone B,25.0,407270,60,35.0,25.0
22498,150,333,2.22,2711,Active/Regular Products,Zone B,25.0,406800,60,35.0,25.0
20752,148,407,2.75,2747,Active/Regular Products,Zone B,25.0,406704,60,35.0,25.0
22639,148,805,5.33112582781457,2743,Active/Regular Products,Zone B,25.0,406112,60,35.0,25.0
16236,136,1438,10.573529411764708,2977,Active/Regular Products,Zone B,25.0,405008,60,35.0,25.0
22976,143,1066,7.402777777777778,2825,Active/Regular Products,Zone B,25.0,404118,60,35.0,25.0
22452,144,722,4.945205479452055,2800,Active/Regular Products,Zone B,25.0,403344,60,35.0,25.0
22838,168,689,4.101190476190476,2399,Active/Regular Products,Zone B,25.0,403200,60,35.0,25.0
16238,134,1396,10.417910447761194,3007,Active/Regular Products,Zone B,25.0,403072,60,35.0,25.0
22249,145,928,6.27027027027027,2776,Active/Regular Products,Zone B,25.0,402665,60,35.0,25.0
22671,144,962,6.680555555555555,2794,Active/Regular Products,Zone B,25.0,402480,60,35.0,25.0
22539,136,2918,21.144927536231883,2951,Active/Regular Products,Zone B,25.0,401472,60,35.0,25.0
22536,156,4752,30.26751592356688,2572,Active/Regular Products,Zone B,25.0,401388,60,35.0,25.0
22948,136,1599,11.26056338028169,2948,Active/Regular Products,Zone B,25.0,401064,60,35.0,25.0
22080,155,1206,7.681528662420382,2585,Active/Regular Products,Zone B,25.0,400830,60,35.0,25.0
22650,143,851,5.951048951048951,2800,Active/Regular Products,Zone B,25.0,400543,60,35.0,25.0
23145,169,2084,12.258823529411766,2367,Active/Regular Products,Zone B,25.0,400192,60,35.0,25.0
22093,160,1830,11.296296296296296,2499,Active/Regular Products,Zone B,25.0,400000,60,35.0,25.0
85032C,140,683,4.843971631205674,2853,Active/Regular Products,Zone B,25.0,399560,60,35.0,25.0
22973,144,1255,8.655172413793103,2773,Active/Regular Products,Zone B,25.0,399456,60,35.0,25.0
22318,142,462,3.230769230769231,2808,Active/Regular Products,Zone B,25.0,398878,60,35.0,25.0
22892,199,2472,12.42211055276382,2002,Active/Regular Products,Zone B,25.0,398597,60,35.0,25.0
22186,149,848,5.653333333333333,2671,Active/Regular Products,Zone B,25.0,398128,60,35.0,25.0
21705,141,1459,10.202797202797203,2822,Active/Regular Products,Zone B,25.0,398043,60,35.0,25.0
23053,164,364,2.2195121951219514,2426,Active/Regular Products,Zone B,25.0,398028,60,35.0,25.0
22081,138,644,4.633093525179856,2880,Active/Regular Products,Zone B,25.0,397578,60,35.0,25.0
21987,171,2113,12.005681818181818,2321,Active/Regular Products,Zone B,25.0,397062,60,35.0,25.0
15034,138,6591,47.76086956521739,2868,Active/Regular Products,Zone B,25.0,395922,60,35.0,25.0
85038,142,1061,7.267123287671233,2784,Active/Regular Products,Zone B,25.0,395470,60,35.0,25.0
23051,162,365,2.253086419753086,2440,Active/Regular Products,Zone B,25.0,395442,60,35.0,25.0
22262,137,1023,7.204225352112676,2885,Active/Regular Products,Zone B,25.0,395382,60,35.0,25.0
47599A,165,2456,14.706586826347303,2395,Active/Regular Products,Zone B,25.0,395340,60,35.0,25.0
85015,143,2180,15.244755244755243,2762,Active/Regular Products,Zone B,25.0,395109,60,35.0,25.0
23280,157,2023,12.80379746835443,2513,Active/Regular Products,Zone B,25.0,394698,60,35.0,25.0
22842,162,589,3.635802469135802,2435,Active/Regular Products,Zone B,25.0,394632,60,35.0,25.0
21407,138,290,2.101449275362319,2858,Active/Regular Products,Zone B,25.0,394542,60,35.0,25.0
22689,146,673,4.578231292517007,2697,Active/Regular Products,Zone B,25.0,393908,60,35.0,25.0
22436,163,2134,12.855421686746988,2413,Active/Regular Products,Zone B,25.0,393482,60,35.0,25.0
23129,172,950,5.523255813953488,2283,Active/Regular Products,Zone B,25.0,392848,60,35.0,25.0
22362,133,408,3.0676691729323307,2952,Active/Regular Products,Zone B,25.0,392749,60,35.0,25.0
85178,140,2518,17.858156028368793,2801,Active/Regular Products,Zone B,25.0,392280,60,35.0,25.0
22133,133,816,6.135338345864661,2947,Active/Regular Products,Zone B,25.0,392084,60,35.0,25.0
21650,132,2550,18.3453237410072,2968,Active/Regular Products,Zone B,25.0,391908,60,35.0,25.0
21447,148,969,6.503355704697986,2647,Active/Regular Products,Zone B,25.0,391904,60,35.0,25.0
22231,144,998,6.789115646258503,2719,Active/Regular Products,Zone B,25.0,391680,60,35.0,25.0
21872,142,1292,9.034965034965037,2756,Active/Regular Products,Zone B,25.0,391494,60,35.0,25.0
22942,152,608,3.973856209150327,2570,Active/Regular Products,Zone B,25.0,390792,60,35.0,25.0
21616,138,822,5.788732394366197,2829,Active/Regular Products,Zone B,25.0,390540,60,35.0,25.0
21679,138,1140,8.26086956521739,2826,Active/Regular Products,Zone B,25.0,390126,60,35.0,25.0
21870,163,1407,8.527272727272727,2386,Active/Regular Products,Zone B,25.0,389081,60,35.0,25.0
23119,151,2282,15.112582781456954,2574,Active/Regular Products,Zone B,25.0,388825,60,35.0,25.0
22228,147,1000,6.802721088435374,2642,Active/Regular Products,Zone B,25.0,388521,60,35.0,25.0
23090,149,2237,14.717105263157896,2605,Active/Regular Products,Zone B,25.0,388294,60,35.0,25.0
22449,143,491,3.4097222222222223,2712,Active/Regular Products,Zone B,25.0,387959,60,35.0,25.0
22774,140,2254,15.98581560283688,2768,Active/Regular Products,Zone B,25.0,387660,60,35.0,25.0
72800E,136,538,3.870503597122302,2847,Active/Regular Products,Zone B,25.0,387328,60,35.0,25.0
22251,137,712,5.122302158273381,2825,Active/Regular Products,Zone B,25.0,387162,60,35.0,25.0
22322,139,820,5.899280575539568,2778,Active/Regular Products,Zone B,25.0,386281,60,35.0,25.0
21615,135,891,6.456521739130435,2857,Active/Regular Products,Zone B,25.0,385830,60,35.0,25.0
22035,137,1452,10.5985401459854,2811,Active/Regular Products,Zone B,25.0,385244,60,35.0,25.0
23376,155,3039,19.11320754716981,2484,Active/Regular Products,Zone B,25.0,385175,60,35.0,25.0
22822,158,433,2.740506329113924,2436,Active/Regular Products,Zone B,25.0,385046,60,35.0,25.0
23102,157,1274,8.0125786163522,2448,Active/Regular Products,Zone B,25.0,384493,60,35.0,25.0
22045,208,6527,31.379807692307693,1846,Active/Regular Products,Zone B,25.0,384176,60,35.0,25.0
22321,132,893,6.765151515151516,2900,Active/Regular Products,Zone B,25.0,382932,60,35.0,25.0
20985,131,1179,8.669117647058824,2922,Active/Regular Products,Zone B,25.0,382913,60,35.0,25.0
23213,152,1682,10.851612903225806,2518,Active/Regular Products,Zone B,25.0,382888,60,35.0,25.0
22613,145,1538,10.462585034013603,2634,Active/Regular Products,Zone B,25.0,382075,60,35.0,25.0
22314,133,570,4.222222222222222,2862,Active/Regular Products,Zone B,25.0,380779,60,35.0,25.0
22072,162,848,5.108433734939759,2346,Active/Regular Products,Zone B,25.0,380214,60,35.0,25.0
22279,128,831,6.392307692307693,2967,Active/Regular Products,Zone B,25.0,379904,60,35.0,25.0
22446,133,439,3.2279411764705883,2854,Active/Regular Products,Zone B,25.0,379715,60,35.0,25.0
22097,145,1596,10.431372549019608,2609,Active/Regular Products,Zone B,25.0,378450,60,35.0,25.0
23133,155,782,5.04516129032258,2439,Active/Regular Products,Zone B,25.0,378200,60,35.0,25.0
21470,140,381,2.7214285714285715,2700,Active/Regular Products,Zone B,25.0,378140,60,35.0,25.0
23096,146,1033,7.075342465753424,2587,Active/Regular Products,Zone B,25.0,377848,60,35.0,25.0
35648,128,979,7.473282442748092,2950,Active/Regular Products,Zone B,25.0,377728,60,35.0,25.0
22902,136,1288,9.470588235294118,2772,Active/Regular Products,Zone B,25.0,377128,60,35.0,25.0
21439,130,1430,10.916030534351146,2898,Active/Regular Products,Zone B,25.0,376870,60,35.0,25.0
22153,131,2593,19.06617647058824,2875,Active/Regular Products,Zone B,25.0,376756,60,35.0,25.0
23489,159,913,5.533333333333333,2368,Active/Regular Products,Zone B,25.0,376671,60,35.0,25.0
23370,151,1550,10.130718954248366,2493,Active/Regular Products,Zone B,25.0,376594,60,35.0,25.0
23132,152,1020,6.7105263157894735,2476,Active/Regular Products,Zone B,25.0,376504,60,35.0,25.0
22412,147,911,6.155405405405405,2559,Active/Regular Products,Zone B,25.0,376320,60,35.0,25.0
22854,161,767,4.705521472392638,2336,Active/Regular Products,Zone B,25.0,376257,60,35.0,25.0
23221,145,1536,10.308724832214764,2589,Active/Regular Products,Zone B,25.0,375550,60,35.0,25.0
22731,143,1172,8.13888888888889,2618,Active/Regular Products,Zone B,25.0,374517,60,35.0,25.0
21894,130,592,4.519083969465649,2879,Active/Regular Products,Zone B,25.0,374400,60,35.0,25.0
21454,136,572,4.115107913669065,2749,Active/Regular Products,Zone B,25.0,374000,60,35.0,25.0
22342,128,997,7.7890625,2903,Active/Regular Products,Zone B,25.0,371712,60,35.0,25.0
22200,140,398,2.8226950354609928,2652,Active/Regular Products,Zone B,25.0,371420,60,35.0,25.0
22440,154,6010,38.28025477707006,2408,Active/Regular Products,Zone B,25.0,370986,60,35.0,25.0
22735,136,741,5.292857142857143,2726,Active/Regular Products,Zone B,25.0,370872,60,35.0,25.0
22475,138,313,2.25179856115108,2685,Active/Regular Products,Zone B,25.0,370668,60,35.0,25.0
23340,151,2500,16.44736842105263,2449,Active/Regular Products,Zone B,25.0,369950,60,35.0,25.0
22592,135,658,4.874074074074074,2739,Active/Regular Products,Zone B,25.0,369900,60,35.0,25.0
22955,134,1040,7.647058823529412,2759,Active/Regular Products,Zone B,25.0,369840,60,35.0,25.0
22312,131,645,4.849624060150376,2816,Active/Regular Products,Zone B,25.0,369027,60,35.0,25.0
23237,177,1053,5.9491525423728815,2079,Active/Regular Products,Zone B,25.0,368160,60,35.0,25.0
23372,147,1389,9.19867549668874,2499,Active/Regular Products,Zone B,25.0,367500,60,35.0,25.0
85032A,135,789,5.844444444444444,2721,Active/Regular Products,Zone B,25.0,367470,60,35.0,25.0
23031,155,1278,8.245161290322581,2366,Active/Regular Products,Zone B,25.0,366885,60,35.0,25.0
22477,127,1364,10.74015748031496,2882,Active/Regular Products,Zone B,25.0,366141,60,35.0,25.0
22717,131,1229,9.381679389312977,2793,Active/Regular Products,Zone B,25.0,366014,60,35.0,25.0
22977,135,950,6.985294117647059,2710,Active/Regular Products,Zone B,25.0,365985,60,35.0,25.0
22445,130,534,3.955555555555556,2814,Active/Regular Products,Zone B,25.0,365950,60,35.0,25.0
22859,158,1203,7.51875,2313,Active/Regular Products,Zone B,25.0,365612,60,35.0,25.0
22778,143,808,5.45945945945946,2548,Active/Regular Products,Zone B,25.0,364507,60,35.0,25.0
22927,148,430,2.9054054054054053,2460,Active/Regular Products,Zone B,25.0,364228,60,35.0,25.0
23394,150,435,2.861842105263158,2420,Active/Regular Products,Zone B,25.0,363150,60,35.0,25.0
85059,128,411,3.186046511627907,2835,Active/Regular Products,Zone B,25.0,363008,60,35.0,25.0
85203,127,895,6.78030303030303,2857,Active/Regular Products,Zone B,25.0,362966,60,35.0,25.0
22180,155,330,2.129032258064516,2340,Active/Regular Products,Zone B,25.0,362855,60,35.0,25.0
22474,132,303,2.2954545454545454,2744,Active/Regular Products,Zone B,25.0,362340,60,35.0,25.0
23390,163,747,4.5,2220,Active/Regular Products,Zone B,25.0,362023,60,35.0,25.0
23299,146,1012,6.931506849315069,2476,Active/Regular Products,Zone B,25.0,361642,60,35.0,25.0
22420,126,1333,10.4140625,2869,Active/Regular Products,Zone B,25.0,361620,60,35.0,25.0
22025,130,1835,14.00763358778626,2779,Active/Regular Products,Zone B,25.0,361400,60,35.0,25.0
21207,132,1067,8.022556390977444,2736,Active/Regular Products,Zone B,25.0,361284,60,35.0,25.0
22535,134,1763,13.156716417910449,2687,Active/Regular Products,Zone B,25.0,360192,60,35.0,25.0
23541,152,872,5.7368421052631575,2368,Active/Regular Products,Zone B,25.0,360088,60,35.0,25.0
23388,154,821,5.331168831168832,2336,Active/Regular Products,Zone B,25.0,359898,60,35.0,25.0
22123,122,508,4.130081300813008,2944,Active/Regular Products,Zone B,25.0,359290,60,35.0,25.0
85032B,133,786,5.909774436090226,2698,Active/Regular Products,Zone B,25.0,358967,60,35.0,25.0
23526,143,1012,7.027777777777778,2507,Active/Regular Products,Zone B,25.0,358644,60,35.0,25.0
22402,151,1719,11.30921052631579,2374,Active/Regular Products,Zone B,25.0,358625,60,35.0,25.0
21110,134,1105,8.185185185185185,2674,Active/Regular Products,Zone B,25.0,358450,60,35.0,25.0
21801,125,1251,10.008,2858,Active/Regular Products,Zone B,25.0,357375,60,35.0,25.0
22400,150,1393,9.164473684210526,2380,Active/Regular Products,Zone B,25.0,357150,60,35.0,25.0
22481,128,825,6.346153846153846,2789,Active/Regular Products,Zone B,25.0,357120,60,35.0,25.0
21749,140,1963,14.021428571428572,2548,Active/Regular Products,Zone B,25.0,356860,60,35.0,25.0
47503A,163,2734,16.273809523809526,2188,Active/Regular Products,Zone B,25.0,356807,60,35.0,25.0
22163,122,875,7.056451612903226,2923,Active/Regular Products,Zone B,25.0,356728,60,35.0,25.0
22946,137,453,3.282608695652174,2602,Active/Regular Products,Zone B,25.0,356611,60,35.0,25.0
22376,122,252,2.032258064516129,2916,Active/Regular Products,Zone B,25.0,355874,60,35.0,25.0
21126,126,592,4.661417322834645,2821,Active/Regular Products,Zone B,25.0,355572,60,35.0,25.0
22476,125,880,7.04,2834,Active/Regular Products,Zone B,25.0,354375,60,35.0,25.0
23551,136,1840,13.333333333333334,2603,Active/Regular Products,Zone B,25.0,354144,60,35.0,25.0
72760B,153,409,2.673202614379085,2311,Active/Regular Products,Zone B,25.0,353736,60,35.0,25.0
22340,128,1398,10.921875,2760,Active/Regular Products,Zone B,25.0,353408,60,35.0,25.0
23029,156,1352,8.666666666666666,2262,Active/Regular Products,Zone B,25.0,353028,60,35.0,25.0
37450,134,714,5.25,2633,Active/Regular Products,Zone B,25.0,352956,60,35.0,25.0
22121,133,352,2.626865671641791,2645,Active/Regular Products,Zone B,25.0,351918,60,35.0,25.0
22396,128,1226,9.578125,2746,Active/Regular Products,Zone B,25.0,351616,60,35.0,25.0
23282,135,812,5.927007299270073,2595,Active/Regular Products,Zone B,25.0,350460,60,35.0,25.0
15060B,131,451,3.442748091603053,2671,Active/Regular Products,Zone B,25.0,350032,60,35.0,25.0
22703,123,360,2.926829268292683,2838,Active/Regular Products,Zone B,25.0,349197,60,35.0,25.0
21883,133,1653,12.428571428571429,2623,Active/Regular Products,Zone B,25.0,348992,60,35.0,25.0
22309,121,369,3.0245901639344264,2872,Active/Regular Products,Zone B,25.0,347633,60,35.0,25.0
46000S,185,1556,8.41081081081081,1877,Active/Regular Products,Zone B,25.0,347430,60,35.0,25.0
22284,131,927,7.0227272727272725,2651,Active/Regular Products,Zone B,25.0,347412,60,35.0,25.0
23189,141,1249,8.795774647887324,2461,Active/Regular Products,Zone B,25.0,347142,60,35.0,25.0
23506,146,2723,18.033112582781456,2371,Active/Regular Products,Zone B,25.0,346312,60,35.0,25.0
22403,125,1322,10.576,2767,Active/Regular Products,Zone B,25.0,346000,60,35.0,25.0
22190,116,676,5.777777777777778,2977,Active/Regular Products,Zone B,25.0,345448,60,35.0,25.0
15056P,144,776,5.388888888888889,2395,Active/Regular Products,Zone B,25.0,345024,60,35.0,25.0
23122,133,2251,16.551470588235293,2589,Active/Regular Products,Zone B,25.0,344470,60,35.0,25.0
23255,158,1014,6.417721518987341,2179,Active/Regular Products,Zone B,25.0,344440,60,35.0,25.0
47310M,121,410,3.360655737704918,2842,Active/Regular Products,Zone B,25.0,344003,60,35.0,25.0
20984,170,3785,21.505681818181817,2021,Active/Regular Products,Zone B,25.0,343740,60,35.0,25.0
84279P,126,377,2.968503937007874,2726,Active/Regular Products,Zone B,25.0,343602,60,35.0,25.0
22182,122,372,3.0491803278688523,2810,Active/Regular Products,Zone B,25.0,342942,60,35.0,25.0
22789,138,844,6.071942446043166,2481,Active/Regular Products,Zone B,25.0,342516,60,35.0,25.0
22695,123,741,5.928,2782,Active/Regular Products,Zone B,25.0,342309,60,35.0,25.0
22756,123,599,4.869918699186992,2782,Active/Regular Products,Zone B,25.0,342309,60,35.0,25.0
85087,125,339,2.712,2734,Active/Regular Products,Zone B,25.0,341875,60,35.0,25.0
21867,121,348,2.6769230769230767,2820,Active/Regular Products,Zone B,25.0,341341,60,35.0,25.0
23342,163,373,2.2883435582822087,2089,Active/Regular Products,Zone B,25.0,340670,60,35.0,25.0
23377,133,1351,10.082089552238806,2560,Active/Regular Products,Zone B,25.0,340613,60,35.0,25.0
85035C,130,1137,8.485074626865671,2616,Active/Regular Products,Zone B,25.0,340210,60,35.0,25.0
37340,135,2544,18.705882352941178,2517,Active/Regular Products,Zone B,25.0,339930,60,35.0,25.0
22931,129,813,6.253846153846154,2627,Active/Regular Products,Zone B,25.0,339012,60,35.0,25.0
21114,138,1341,9.647482014388489,2455,Active/Regular Products,Zone B,25.0,338928,60,35.0,25.0
35953,131,3581,26.72388059701493,2583,Active/Regular Products,Zone B,25.0,338504,60,35.0,25.0
21744,127,529,4.10077519379845,2664,Active/Regular Products,Zone B,25.0,338455,60,35.0,25.0
82599,141,508,3.5524475524475525,2399,Active/Regular Products,Zone B,25.0,338400,60,35.0,25.0
21730,131,517,3.946564885496183,2582,Active/Regular Products,Zone B,25.0,338373,60,35.0,25.0
21408,117,285,2.435897435897436,2891,Active/Regular Products,Zone B,25.0,338364,60,35.0,25.0
21677,119,835,7.016806722689076,2838,Active/Regular Products,Zone B,25.0,337841,60,35.0,25.0
22673,131,791,5.992424242424242,2576,Active/Regular Products,Zone B,25.0,337587,60,35.0,25.0
47567B,133,602,4.492537313432836,2537,Active/Regular Products,Zone B,25.0,337554,60,35.0,25.0
82001S,127,1582,12.359375,2656,Active/Regular Products,Zone B,25.0,337439,60,35.0,25.0
23081,139,483,3.474820143884892,2425,Active/Regular Products,Zone B,25.0,337214,60,35.0,25.0
21014,119,1385,11.260162601626016,2831,Active/Regular Products,Zone B,25.0,337008,60,35.0,25.0
22523,135,864,6.4,2491,Active/Regular Products,Zone B,25.0,336420,60,35.0,25.0
84913A,124,273,2.2016129032258065,2710,Active/Regular Products,Zone B,25.0,336164,60,35.0,25.0
21249,119,724,6.084033613445378,2822,Active/Regular Products,Zone B,25.0,335937,60,35.0,25.0
84950,120,3619,29.90909090909091,2794,Active/Regular Products,Zone B,25.0,335400,60,35.0,25.0
23152,159,554,3.4625,2106,Active/Regular Products,Zone B,25.0,335013,60,35.0,25.0
23093,142,939,6.612676056338028,2357,Active/Regular Products,Zone B,25.0,334836,60,35.0,25.0
70006,120,2702,22.14754098360656,2789,Active/Regular Products,Zone B,25.0,334800,60,35.0,25.0
22349,131,1366,10.348484848484848,2550,Active/Regular Products,Zone B,25.0,334181,60,35.0,25.0
85078,124,1932,15.580645161290322,2694,Active/Regular Products,Zone B,25.0,334180,60,35.0,25.0
21389,128,1113,8.305970149253731,2606,Active/Regular Products,Zone B,25.0,333696,60,35.0,25.0
85071B,125,1290,10.15748031496063,2666,Active/Regular Products,Zone B,25.0,333375,60,35.0,25.0
22269,125,932,7.396825396825397,2662,Active/Regular Products,Zone B,25.0,332875,60,35.0,25.0
22332,148,1032,6.926174496644295,2237,Active/Regular Products,Zone B,25.0,331224,60,35.0,25.0
22701,115,549,4.732758620689655,2874,Active/Regular Products,Zone B,25.0,330625,60,35.0,25.0
84519B,126,471,3.7086614173228343,2623,Active/Regular Products,Zone B,25.0,330624,60,35.0,25.0
22183,129,322,2.496124031007752,2559,Active/Regular Products,Zone B,25.0,330240,60,35.0,25.0
21382,128,1143,8.86046511627907,2578,Active/Regular Products,Zone B,25.0,330112,60,35.0,25.0
21058,122,1154,9.306451612903226,2703,Active/Regular Products,Zone B,25.0,329888,60,35.0,25.0
21163,127,1196,9.129770992366412,2596,Active/Regular Products,Zone B,25.0,329819,60,35.0,25.0
23155,135,2221,16.451851851851853,2437,Active/Regular Products,Zone B,25.0,329130,60,35.0,25.0
47504H,118,978,8.288135593220339,2788,Active/Regular Products,Zone B,25.0,329102,60,35.0,25.0
23228,125,1492,11.841269841269842,2614,Active/Regular Products,Zone B,25.0,326875,60,35.0,25.0
23297,161,4303,26.39877300613497,2021,Active/Regular Products,Zone B,25.0,325542,60,35.0,25.0
22599,123,1953,15.75,2645,Active/Regular Products,Zone B,25.0,325458,60,35.0,25.0
22715,130,1543,11.86923076923077,2502,Active/Regular Products,Zone B,25.0,325390,60,35.0,25.0
22681,126,710,5.546875,2581,Active/Regular Products,Zone B,25.0,325332,60,35.0,25.0
85175,143,5321,37.20979020979021,2266,Active/Regular Products,Zone B,25.0,324181,60,35.0,25.0
23403,134,625,4.62962962962963,2417,Active/Regular Products,Zone B,25.0,324012,60,35.0,25.0
23424,135,462,3.422222222222222,2398,Active/Regular Products,Zone B,25.0,323865,60,35.0,25.0
21706,120,346,2.8833333333333333,2696,Active/Regular Products,Zone B,25.0,323640,60,35.0,25.0
22350,120,1410,11.652892561983473,2694,Active/Regular Products,Zone B,25.0,323400,60,35.0,25.0
21813,112,549,4.8584070796460175,2885,Active/Regular Products,Zone B,25.0,323232,60,35.0,25.0
21215,124,1087,8.626984126984127,2602,Active/Regular Products,Zone B,25.0,322772,60,35.0,25.0
23334,130,2271,16.698529411764707,2476,Active/Regular Products,Zone B,25.0,322010,60,35.0,25.0
22947,137,746,5.445255474452555,2348,Active/Regular Products,Zone B,25.0,321813,60,35.0,25.0
23128,139,448,3.223021582733813,2313,Active/Regular Products,Zone B,25.0,321646,60,35.0,25.0
85034B,120,945,7.745901639344262,2678,Active/Regular Products,Zone B,25.0,321480,60,35.0,25.0
23559,124,649,5.233870967741935,2589,Active/Regular Products,Zone B,25.0,321160,60,35.0,25.0
21578,127,746,5.874015748031496,2519,Active/Regular Products,Zone B,25.0,320040,60,35.0,25.0
21288,110,355,3.227272727272727,2903,Active/Regular Products,Zone B,25.0,319440,60,35.0,25.0
21159,124,1126,9.080645161290322,2574,Active/Regular Products,Zone B,25.0,319300,60,35.0,25.0
21675,110,628,5.709090909090909,2899,Active/Regular Products,Zone B,25.0,319000,60,35.0,25.0
21042,131,334,2.492537313432836,2429,Active/Regular Products,Zone B,25.0,318330,60,35.0,25.0
22310,109,668,6.018018018018018,2914,Active/Regular Products,Zone B,25.0,317735,60,35.0,25.0
70007,107,841,7.787037037037037,2968,Active/Regular Products,Zone B,25.0,317683,60,35.0,25.0
82613D,111,696,6.27027027027027,2858,Active/Regular Products,Zone B,25.0,317349,60,35.0,25.0
11001,113,1615,14.043478260869565,2803,Active/Regular Products,Zone B,25.0,316852,60,35.0,25.0
21873,116,1618,13.948275862068966,2729,Active/Regular Products,Zone B,25.0,316680,60,35.0,25.0
22293,122,903,7.224,2588,Active/Regular Products,Zone B,25.0,315858,60,35.0,25.0
22939,125,469,3.752,2523,Active/Regular Products,Zone B,25.0,315500,60,35.0,25.0
21809,117,1964,16.231404958677686,2695,Active/Regular Products,Zone B,25.0,315432,60,35.0,25.0
22811,108,881,8.082568807339449,2915,Active/Regular Products,Zone B,25.0,314928,60,35.0,25.0
82613B,111,583,5.252252252252252,2836,Active/Regular Products,Zone B,25.0,314907,60,35.0,25.0
84796B,124,256,2.064516129032258,2536,Active/Regular Products,Zone B,25.0,314588,60,35.0,25.0
21945,105,358,3.3773584905660377,2991,Active/Regular Products,Zone B,25.0,314160,60,35.0,25.0
22604,125,1251,9.69767441860465,2508,Active/Regular Products,Zone B,25.0,313625,60,35.0,25.0
23111,138,312,2.2446043165467624,2270,Active/Regular Products,Zone B,25.0,313398,60,35.0,25.0
22070,116,948,8.102564102564102,2692,Active/Regular Products,Zone B,25.0,312388,60,35.0,25.0
20986,113,654,5.637931034482759,2763,Active/Regular Products,Zone B,25.0,312332,60,35.0,25.0
85131A,119,996,8.369747899159664,2621,Active/Regular Products,Zone B,25.0,312018,60,35.0,25.0
85054,115,587,5.060344827586207,2710,Active/Regular Products,Zone B,25.0,311765,60,35.0,25.0
23068,136,809,5.86231884057971,2290,Active/Regular Products,Zone B,25.0,311576,60,35.0,25.0
21942,103,287,2.786407766990292,3019,Active/Regular Products,Zone B,25.0,311060,60,35.0,25.0
22061,146,582,3.9863013698630136,2126,Active/Regular Products,Zone B,25.0,310542,60,35.0,25.0
37447,115,820,7.130434782608695,2691,Active/Regular Products,Zone B,25.0,309580,60,35.0,25.0
72349B,114,729,6.2844827586206895,2713,Active/Regular Products,Zone B,25.0,309396,60,35.0,25.0
22928,115,288,2.5043478260869567,2682,Active/Regular Products,Zone B,25.0,308545,60,35.0,25.0
23407,133,265,1.9924812030075187,2317,Active/Regular Products,Zone B,25.0,308294,60,35.0,25.0
22583,111,573,5.116071428571429,2775,Active/Regular Products,Zone B,25.0,308136,60,35.0,25.0
22683,119,644,5.366666666666666,2571,Active/Regular Products,Zone B,25.0,306068,60,35.0,25.0
22243,131,3098,23.293233082706767,2334,Active/Regular Products,Zone B,25.0,305885,60,35.0,25.0
22905,110,581,5.2342342342342345,2777,Active/Regular Products,Zone B,25.0,305580,60,35.0,25.0
22308,105,250,2.380952380952381,2906,Active/Regular Products,Zone B,25.0,305235,60,35.0,25.0
22285,120,870,7.073170731707317,2542,Active/Regular Products,Zone B,25.0,305160,60,35.0,25.0
23054,130,295,2.269230769230769,2343,Active/Regular Products,Zone B,25.0,304720,60,35.0,25.0
23008,133,433,3.255639097744361,2289,Active/Regular Products,Zone B,25.0,304570,60,35.0,25.0
37500,113,380,3.3628318584070795,2686,Active/Regular Products,Zone B,25.0,303631,60,35.0,25.0
21245,128,1075,8.333333333333334,2371,Active/Regular Products,Zone B,25.0,303616,60,35.0,25.0
21591,146,1374,8.980392156862745,2077,Active/Regular Products,Zone B,25.0,303388,60,35.0,25.0
21824,117,1916,15.966666666666669,2587,Active/Regular Products,Zone B,25.0,302796,60,35.0,25.0
21455,117,612,5.1,2587,Active/Regular Products,Zone B,25.0,302796,60,35.0,25.0
47563A,105,285,2.7142857142857144,2882,Active/Regular Products,Zone B,25.0,302715,60,35.0,25.0
21446,105,449,4.045045045045045,2881,Active/Regular Products,Zone B,25.0,302610,60,35.0,25.0
22066,135,2239,16.107913669064747,2240,Active/Regular Products,Zone B,25.0,302535,60,35.0,25.0
22434,124,793,6.395161290322581,2437,Active/Regular Products,Zone B,25.0,302312,60,35.0,25.0
23369,126,1105,8.565891472868216,2386,Active/Regular Products,Zone B,25.0,300762,60,35.0,25.0
21819,124,2470,18.571428571428573,2418,Active/Regular Products,Zone B,25.0,299956,60,35.0,25.0
21846,103,424,4.116504854368932,2908,Active/Regular Products,Zone B,25.0,299627,60,35.0,25.0
21109,112,936,8.068965517241379,2673,Active/Regular Products,Zone B,25.0,299488,60,35.0,25.0
22944,111,3375,29.605263157894736,2697,Active/Regular Products,Zone B,25.0,299478,60,35.0,25.0
22261,107,579,5.263636363636364,2795,Active/Regular Products,Zone B,25.0,299172,60,35.0,25.0
22260,104,552,5.158878504672897,2875,Active/Regular Products,Zone B,25.0,299104,60,35.0,25.0
21564,123,1042,8.471544715447154,2430,Active/Regular Products,Zone B,25.0,299013,60,35.0,25.0
16156S,167,5800,34.73053892215569,1786,Active/Regular Products,Zone B,25.0,298429,60,35.0,25.0
22831,121,706,5.739837398373984,2465,Active/Regular Products,Zone B,25.0,298386,60,35.0,25.0
21504,115,1891,16.443478260869565,2591,Active/Regular Products,Zone B,25.0,298080,60,35.0,25.0
22986,155,4105,26.483870967741936,1922,Active/Regular Products,Zone B,25.0,298065,60,35.0,25.0
23028,137,1369,9.920289855072465,2172,Active/Regular Products,Zone B,25.0,297701,60,35.0,25.0
21358,108,411,3.8055555555555554,2753,Active/Regular Products,Zone B,25.0,297432,60,35.0,25.0
23061,117,1015,8.675213675213675,2540,Active/Regular Products,Zone B,25.0,297297,60,35.0,25.0
22286,115,1123,9.765217391304349,2583,Active/Regular Products,Zone B,25.0,297160,60,35.0,25.0
21739,111,254,2.2882882882882885,2674,Active/Regular Products,Zone B,25.0,296925,60,35.0,25.0
35095A,100,925,9.25,2967,Active/Regular Products,Zone B,25.0,296800,60,35.0,25.0
22473,112,503,4.491071428571429,2649,Active/Regular Products,Zone B,25.0,296800,60,35.0,25.0
22704,174,5253,30.189655172413797,1704,Active/Regular Products,Zone B,25.0,296670,60,35.0,25.0
22063,120,583,4.739837398373984,2470,Active/Regular Products,Zone B,25.0,296520,60,35.0,25.0
22247,113,668,5.758620689655173,2619,Active/Regular Products,Zone B,25.0,296060,60,35.0,25.0
22248,109,593,5.342342342342342,2715,Active/Regular Products,Zone B,25.0,296044,60,35.0,25.0
21495,165,5800,35.15151515151515,1793,Active/Regular Products,Zone B,25.0,296010,60,35.0,25.0
79000,125,4162,33.296,2366,Active/Regular Products,Zone B,25.0,295875,60,35.0,25.0
72807A,107,393,3.638888888888889,2764,Active/Regular Products,Zone B,25.0,295855,60,35.0,25.0
37449,154,563,3.655844155844156,1920,Active/Regular Products,Zone B,25.0,295834,60,35.0,25.0
23437,131,1939,14.801526717557252,2255,Active/Regular Products,Zone B,25.0,295536,60,35.0,25.0
23270,125,1174,9.171875,2352,Active/Regular Products,Zone B,25.0,294125,60,35.0,25.0
72807B,110,395,3.5267857142857144,2671,Active/Regular Products,Zone B,25.0,293920,60,35.0,25.0
22471,105,419,3.9904761904761914,2782,Active/Regular Products,Zone B,25.0,292215,60,35.0,25.0
22428,114,246,2.1578947368421053,2559,Active/Regular Products,Zone B,25.0,291840,60,35.0,25.0
21403,106,1857,17.5188679245283,2748,Active/Regular Products,Zone B,25.0,291394,60,35.0,25.0
21355,120,789,6.414634146341464,2425,Active/Regular Products,Zone B,25.0,291120,60,35.0,25.0
23227,117,1642,14.034188034188034,2487,Active/Regular Products,Zone B,25.0,291096,60,35.0,25.0
17084N,101,1264,12.514851485148515,2877,Active/Regular Products,Zone B,25.0,290678,60,35.0,25.0
21528,111,215,1.936936936936937,2616,Active/Regular Products,Zone B,25.0,290487,60,35.0,25.0
23380,121,2344,19.056910569105693,2395,Active/Regular Products,Zone B,25.0,289916,60,35.0,25.0
22472,107,320,2.9906542056074765,2708,Active/Regular Products,Zone B,25.0,289863,60,35.0,25.0
20956,101,822,8.058823529411764,2867,Active/Regular Products,Zone B,25.0,289668,60,35.0,25.0
21070,107,1106,10.24074074074074,2695,Active/Regular Products,Zone B,25.0,288472,60,35.0,25.0
84012,115,1265,10.905172413793103,2506,Active/Regular Products,Zone B,25.0,288305,60,35.0,25.0
84006,105,918,8.742857142857142,2743,Active/Regular Products,Zone B,25.0,288120,60,35.0,25.0
20839,105,575,5.476190476190476,2741,Active/Regular Products,Zone B,25.0,287910,60,35.0,25.0
20735,112,623,5.5625,2569,Active/Regular Products,Zone B,25.0,287840,60,35.0,25.0
21944,100,337,3.3366336633663365,2876,Active/Regular Products,Zone B,25.0,287700,60,35.0,25.0
22933,122,940,7.642276422764228,2356,Active/Regular Products,Zone B,25.0,287554,60,35.0,25.0
35964,100,783,7.752475247524752,2874,Active/Regular Products,Zone B,25.0,287500,60,35.0,25.0
21584,146,1059,6.876623376623376,1965,Active/Regular Products,Zone B,25.0,287036,60,35.0,25.0
21394,131,3865,29.50381679389313,2190,Active/Regular Products,Zone B,25.0,287021,60,35.0,25.0
21865,106,271,2.532710280373832,2706,Active/Regular Products,Zone B,25.0,286942,60,35.0,25.0
23252,138,603,4.369565217391305,2078,Active/Regular Products,Zone B,25.0,286902,60,35.0,25.0
84923,98,162,1.653061224489796,2922,Active/Regular Products,Zone B,25.0,286454,60,35.0,25.0
35095B,98,862,8.795918367346939,2922,Active/Regular Products,Zone B,25.0,286454,60,35.0,25.0
21680,103,868,8.427184466019417,2769,Active/Regular Products,Zone B,25.0,285310,60,35.0,25.0
22547,101,809,7.931372549019608,2823,Active/Regular Products,Zone B,25.0,285224,60,35.0,25.0
22291,120,1289,10.565573770491802,2366,Active/Regular Products,Zone B,25.0,284040,60,35.0,25.0
23341,121,307,2.5371900826446283,2345,Active/Regular Products,Zone B,25.0,283866,60,35.0,25.0
85202,106,672,6.0,2669,Active/Regular Products,Zone B,25.0,283020,60,35.0,25.0
16225,102,813,7.970588235294118,2771,Active/Regular Products,Zone B,25.0,282744,60,35.0,25.0
23274,119,1180,9.833333333333334,2372,Active/Regular Products,Zone B,25.0,282387,60,35.0,25.0
85170D,100,451,4.51,2821,Active/Regular Products,Zone B,25.0,282200,60,35.0,25.0
21363,125,243,1.8837209302325584,2252,Active/Regular Products,Zone B,25.0,281625,60,35.0,25.0
84598,99,1975,19.949494949494948,2837,Active/Regular Products,Zone B,25.0,280962,60,35.0,25.0
84968C,104,317,3.048076923076923,2699,Active/Regular Products,Zone B,25.0,280800,60,35.0,25.0
22130,110,2277,20.150442477876105,2548,Active/Regular Products,Zone B,25.0,280390,60,35.0,25.0
85204,104,2050,19.52380952380953,2694,Active/Regular Products,Zone B,25.0,280280,60,35.0,25.0
23392,113,662,5.807017543859649,2478,Active/Regular Products,Zone B,25.0,280127,60,35.0,25.0
23510,120,2521,20.168,2321,Active/Regular Products,Zone B,25.0,278640,60,35.0,25.0
22913,112,352,3.142857142857143,2485,Active/Regular Products,Zone B,25.0,278432,60,35.0,25.0
20669,96,304,3.00990099009901,2899,Active/Regular Products,Zone B,25.0,278400,60,35.0,25.0
22763,108,206,1.9074074074074077,2576,Active/Regular Products,Zone B,25.0,278316,60,35.0,25.0
22852,125,390,3.12,2225,Active/Regular Products,Zone B,25.0,278250,60,35.0,25.0
21556,114,977,8.495652173913044,2439,Active/Regular Products,Zone B,25.0,278160,60,35.0,25.0
47574A,114,548,4.765217391304348,2437,Active/Regular Products,Zone B,25.0,277932,60,35.0,25.0
22096,117,1366,11.289256198347108,2374,Active/Regular Products,Zone B,25.0,277875,60,35.0,25.0
23681,132,1576,11.849624060150376,2101,Active/Regular Products,Zone B,25.0,277464,60,35.0,25.0
23092,135,523,3.874074074074074,2052,Active/Regular Products,Zone B,25.0,277155,60,35.0,25.0
22691,120,371,3.091666666666667,2306,Active/Regular Products,Zone B,25.0,276840,60,35.0,25.0
21055,105,178,1.6952380952380952,2634,Active/Regular Products,Zone B,25.0,276675,60,35.0,25.0
17012D,97,461,4.752577319587629,2850,Active/Regular Products,Zone B,25.0,276547,60,35.0,25.0
16219,100,3048,30.48,2763,Active/Regular Products,Zone B,25.0,276400,60,35.0,25.0
47580,110,388,3.527272727272728,2511,Active/Regular Products,Zone B,25.0,276320,60,35.0,25.0
22615,102,2073,20.323529411764707,2708,Active/Regular Products,Zone B,25.0,276318,60,35.0,25.0
85183B,118,996,8.369747899159664,2340,Active/Regular Products,Zone B,25.0,276238,60,35.0,25.0
21125,103,657,6.3173076923076925,2680,Active/Regular Products,Zone B,25.0,276143,60,35.0,25.0
22848,128,323,2.5234375,2152,Active/Regular Products,Zone B,25.0,275584,60,35.0,25.0
22495,98,282,2.877551020408163,2809,Active/Regular Products,Zone B,25.0,275380,60,35.0,25.0
21812,100,393,3.93,2750,Active/Regular Products,Zone B,25.0,275100,60,35.0,25.0
22277,100,417,4.17,2750,Active/Regular Products,Zone B,25.0,275100,60,35.0,25.0
23233,158,5175,32.54716981132076,1736,Active/Regular Products,Zone B,25.0,274446,60,35.0,25.0
21466,112,304,2.7142857142857144,2449,Active/Regular Products,Zone B,25.0,274400,60,35.0,25.0
23508,120,2627,20.5234375,2284,Active/Regular Products,Zone B,25.0,274200,60,35.0,25.0
85071C,105,683,6.443396226415095,2607,Active/Regular Products,Zone B,25.0,273840,60,35.0,25.0
20619,99,262,2.646464646464646,2764,Active/Regular Products,Zone B,25.0,273735,60,35.0,25.0
84569D,98,467,4.76530612244898,2791,Active/Regular Products,Zone B,25.0,273616,60,35.0,25.0
22292,112,1136,9.79310344827586,2436,Active/Regular Products,Zone B,25.0,272944,60,35.0,25.0
17012F,94,448,4.76595744680851,2900,Active/Regular Products,Zone B,25.0,272694,60,35.0,25.0
21617,102,525,5.048076923076923,2671,Active/Regular Products,Zone B,25.0,272544,60,35.0,25.0
35004B,111,577,5.151785714285714,2451,Active/Regular Products,Zone B,25.0,272172,60,35.0,25.0
20655,99,197,1.9898989898989896,2748,Active/Regular Products,Zone B,25.0,272151,60,35.0,25.0
21064,101,296,2.8737864077669903,2690,Active/Regular Products,Zone B,25.0,271791,60,35.0,25.0
22282,99,149,1.505050505050505,2742,Active/Regular Products,Zone B,25.0,271557,60,35.0,25.0
22858,136,1126,8.218978102189782,1994,Active/Regular Products,Zone B,25.0,271320,60,35.0,25.0
22843,126,450,3.571428571428572,2151,Active/Regular Products,Zone B,25.0,271152,60,35.0,25.0
22762,112,171,1.5267857142857142,2418,Active/Regular Products,Zone B,25.0,270928,60,35.0,25.0
22582,102,1061,10.201923076923077,2654,Active/Regular Products,Zone B,25.0,270810,60,35.0,25.0
22682,113,677,5.93859649122807,2394,Active/Regular Products,Zone B,25.0,270635,60,35.0,25.0
22606,142,313,2.1888111888111887,1903,Active/Regular Products,Zone B,25.0,270368,60,35.0,25.0
21206,109,1290,11.62162162162162,2479,Active/Regular Products,Zone B,25.0,270320,60,35.0,25.0
84559A,94,397,4.223404255319149,2865,Active/Regular Products,Zone B,25.0,269404,60,35.0,25.0
23121,111,2501,21.560344827586206,2423,Active/Regular Products,Zone B,25.0,269064,60,35.0,25.0
21191,95,562,5.91578947368421,2825,Active/Regular Products,Zone B,25.0,268470,60,35.0,25.0
22981,105,471,4.361111111111111,2551,Active/Regular Products,Zone B,25.0,267960,60,35.0,25.0
22230,101,1047,10.16504854368932,2652,Active/Regular Products,Zone B,25.0,267953,60,35.0,25.0
22479,98,1139,11.622448979591836,2727,Active/Regular Products,Zone B,25.0,267344,60,35.0,25.0
23010,111,315,2.8378378378378377,2407,Active/Regular Products,Zone B,25.0,267288,60,35.0,25.0
23507,119,2882,22.69291338582677,2244,Active/Regular Products,Zone B,25.0,267155,60,35.0,25.0
23338,109,431,3.954128440366973,2446,Active/Regular Products,Zone B,25.0,266723,60,35.0,25.0
85071A,111,1041,9.212389380530974,2400,Active/Regular Products,Zone B,25.0,266511,60,35.0,25.0
22779,149,1537,10.178807947019868,1786,Active/Regular Products,Zone B,25.0,266263,60,35.0,25.0
23374,131,2456,18.748091603053435,2030,Active/Regular Products,Zone B,25.0,266061,60,35.0,25.0
21527,144,477,3.289655172413793,1846,Active/Regular Products,Zone B,25.0,265968,60,35.0,25.0
21530,104,777,7.4,2556,Active/Regular Products,Zone B,25.0,265928,60,35.0,25.0
22280,95,468,4.875,2797,Active/Regular Products,Zone B,25.0,265810,60,35.0,25.0
35646,94,619,6.447916666666667,2826,Active/Regular Products,Zone B,25.0,265738,60,35.0,25.0
82613C,96,537,5.59375,2767,Active/Regular Products,Zone B,25.0,265728,60,35.0,25.0
85132A,110,545,4.954545454545454,2414,Active/Regular Products,Zone B,25.0,265650,60,35.0,25.0
22949,105,956,9.104761904761904,2528,Active/Regular Products,Zone B,25.0,265545,60,35.0,25.0
37342,109,1570,14.272727272727272,2435,Active/Regular Products,Zone B,25.0,265524,60,35.0,25.0
72598,93,607,6.389473684210526,2849,Active/Regular Products,Zone B,25.0,265050,60,35.0,25.0
22497,100,224,2.24,2649,Active/Regular Products,Zone B,25.0,265000,60,35.0,25.0
22152,105,2407,22.08256880733945,2519,Active/Regular Products,Zone B,25.0,264600,60,35.0,25.0
84849D,114,494,4.295652173913044,2319,Active/Regular Products,Zone B,25.0,264480,60,35.0,25.0
21096,105,1259,11.99047619047619,2517,Active/Regular Products,Zone B,25.0,264390,60,35.0,25.0
22176,115,512,4.3760683760683765,2297,Active/Regular Products,Zone B,25.0,264270,60,35.0,25.0
21391,106,1069,9.898148148148149,2491,Active/Regular Products,Zone B,25.0,264152,60,35.0,25.0
22233,105,596,5.518518518518518,2512,Active/Regular Products,Zone B,25.0,263865,60,35.0,25.0
20615,95,309,3.2526315789473683,2772,Active/Regular Products,Zone B,25.0,263435,60,35.0,25.0
23331,109,1596,14.0,2410,Active/Regular Products,Zone B,25.0,262799,60,35.0,25.0
21107,97,901,9.193877551020408,2706,Active/Regular Products,Zone B,25.0,262579,60,35.0,25.0
21896,110,980,8.82882882882883,2385,Active/Regular Products,Zone B,25.0,262460,60,35.0,25.0
84951A,93,475,5.10752688172043,2815,Active/Regular Products,Zone B,25.0,261888,60,35.0,25.0
23009,103,263,2.5533980582524274,2536,Active/Regular Products,Zone B,25.0,261311,60,35.0,25.0
22306,111,1162,10.283185840707963,2352,Active/Regular Products,Zone B,25.0,261183,60,35.0,25.0
22162,91,264,2.869565217391304,2866,Active/Regular Products,Zone B,25.0,260897,60,35.0,25.0
21467,104,264,2.5384615384615383,2507,Active/Regular Products,Zone B,25.0,260832,60,35.0,25.0
84968A,98,267,2.696969696969697,2650,Active/Regular Products,Zone B,25.0,259798,60,35.0,25.0
23273,112,969,8.575221238938052,2313,Active/Regular Products,Zone B,25.0,259168,60,35.0,25.0
23501,112,1821,15.973684210526317,2311,Active/Regular Products,Zone B,25.0,258944,60,35.0,25.0
23220,103,993,9.548076923076923,2506,Active/Regular Products,Zone B,25.0,258221,60,35.0,25.0
16169E,149,4563,30.42,1727,Active/Regular Products,Zone B,25.0,257472,60,35.0,25.0
22660,102,364,3.5686274509803924,2521,Active/Regular Products,Zone B,25.0,257244,60,35.0,25.0
22129,100,1188,11.88,2563,Active/Regular Products,Zone B,25.0,256400,60,35.0,25.0
22246,90,431,4.788888888888889,2846,Active/Regular Products,Zone B,25.0,256230,60,35.0,25.0
22742,101,639,6.326732673267327,2534,Active/Regular Products,Zone B,25.0,256035,60,35.0,25.0
21272,103,548,5.219047619047619,2473,Active/Regular Products,Zone B,25.0,254822,60,35.0,25.0
21220,89,338,3.797752808988764,2862,Active/Regular Products,Zone B,25.0,254807,60,35.0,25.0
21822,97,698,6.910891089108911,2624,Active/Regular Products,Zone B,25.0,254625,60,35.0,25.0
23314,117,407,3.449152542372881,2175,Active/Regular Products,Zone B,25.0,254592,60,35.0,25.0
85094,90,640,7.111111111111111,2827,Active/Regular Products,Zone B,25.0,254520,60,35.0,25.0
22853,116,472,4.068965517241379,2193,Active/Regular Products,Zone B,25.0,254504,60,35.0,25.0
20658,105,433,4.046728971962617,2415,Active/Regular Products,Zone B,25.0,253680,60,35.0,25.0
23316,110,250,2.272727272727273,2305,Active/Regular Products,Zone B,25.0,253660,60,35.0,25.0
21201,101,1240,11.923076923076923,2506,Active/Regular Products,Zone B,25.0,253207,60,35.0,25.0
23271,104,1731,16.330188679245282,2429,Active/Regular Products,Zone B,25.0,252720,60,35.0,25.0
22522,128,930,7.153846153846154,1973,Active/Regular Products,Zone B,25.0,252672,60,35.0,25.0
20866,90,597,6.633333333333334,2804,Active/Regular Products,Zone B,25.0,252450,60,35.0,25.0
22229,101,568,5.514563106796117,2496,Active/Regular Products,Zone B,25.0,252197,60,35.0,25.0
22438,98,1009,10.09,2567,Active/Regular Products,Zone B,25.0,251664,60,35.0,25.0
21884,93,1166,12.53763440860215,2705,Active/Regular Products,Zone B,25.0,251658,60,35.0,25.0
21063,102,528,5.176470588235294,2465,Active/Regular Products,Zone B,25.0,251532,60,35.0,25.0
21065,90,562,6.108695652173913,2780,Active/Regular Products,Zone B,25.0,250290,60,35.0,25.0
85199L,95,977,10.284210526315787,2633,Active/Regular Products,Zone B,25.0,250230,60,35.0,25.0
21211,103,883,8.490384615384615,2426,Active/Regular Products,Zone B,25.0,249981,60,35.0,25.0
90114,88,167,1.8977272727272727,2838,Active/Regular Products,Zone B,25.0,249832,60,35.0,25.0
21823,97,1372,13.192307692307692,2572,Active/Regular Products,Zone B,25.0,249581,60,35.0,25.0
21618,91,404,4.164948453608248,2740,Active/Regular Products,Zone B,25.0,249431,60,35.0,25.0
21111,94,900,9.473684210526317,2651,Active/Regular Products,Zone B,25.0,249288,60,35.0,25.0
46776B,88,161,1.8295454545454544,2827,Active/Regular Products,Zone B,25.0,248864,60,35.0,25.0
22863,110,719,6.536363636363636,2261,Active/Regular Products,Zone B,25.0,248820,60,35.0,25.0
21088,103,1678,16.29126213592233,2414,Active/Regular Products,Zone B,25.0,248745,60,35.0,25.0
23436,114,1979,17.359649122807017,2179,Active/Regular Products,Zone B,25.0,248520,60,35.0,25.0
22598,95,990,10.3125,2606,Active/Regular Products,Zone B,25.0,247665,60,35.0,25.0
23499,110,1312,11.610619469026547,2250,Active/Regular Products,Zone B,25.0,247610,60,35.0,25.0
46776F,89,210,2.359550561797753,2780,Active/Regular Products,Zone B,25.0,247509,60,35.0,25.0
23267,108,1202,10.82882882882883,2283,Active/Regular Products,Zone B,25.0,246672,60,35.0,25.0
21219,89,448,4.977777777777778,2764,Active/Regular Products,Zone B,25.0,246085,60,35.0,25.0
23251,120,1712,14.266666666666667,2044,Active/Regular Products,Zone B,25.0,245400,60,35.0,25.0
22922,102,1587,15.558823529411764,2392,Active/Regular Products,Zone B,25.0,244086,60,35.0,25.0
85032D,93,687,7.308510638297872,2619,Active/Regular Products,Zone B,25.0,243660,60,35.0,25.0
22264,96,1561,15.928571428571429,2536,Active/Regular Products,Zone B,25.0,243552,60,35.0,25.0
23244,112,936,8.357142857142858,2173,Active/Regular Products,Zone B,25.0,243488,60,35.0,25.0
21642,101,2471,23.990291262135923,2407,Active/Regular Products,Zone B,25.0,243208,60,35.0,25.0
22514,99,302,3.0505050505050506,2454,Active/Regular Products,Zone B,25.0,243045,60,35.0,25.0
22117,95,1320,13.894736842105264,2556,Active/Regular Products,Zone B,25.0,242915,60,35.0,25.0
23552,116,1863,15.146341463414634,2093,Active/Regular Products,Zone B,25.0,242904,60,35.0,25.0
22684,98,531,5.31,2477,Active/Regular Products,Zone B,25.0,242844,60,35.0,25.0
22959,142,4901,34.514084507042256,1704,Active/Regular Products,Zone B,25.0,242110,60,35.0,25.0
21402,92,1369,14.880434782608695,2628,Active/Regular Products,Zone B,25.0,241868,60,35.0,25.0
23435,99,824,8.323232323232324,2437,Active/Regular Products,Zone B,25.0,241362,60,35.0,25.0
15044A,102,458,4.490196078431373,2355,Active/Regular Products,Zone B,25.0,240312,60,35.0,25.0
23161,98,1715,17.5,2448,Active/Regular Products,Zone B,25.0,240002,60,35.0,25.0
21588,132,1494,11.066666666666666,1817,Active/Regular Products,Zone B,25.0,239976,60,35.0,25.0
22215,101,343,3.396039603960396,2372,Active/Regular Products,Zone B,25.0,239673,60,35.0,25.0
17012B,85,525,6.176470588235294,2817,Active/Regular Products,Zone B,25.0,239530,60,35.0,25.0
23505,115,1200,10.256410256410255,2081,Active/Regular Products,Zone B,25.0,239430,60,35.0,25.0
17012C,85,420,4.941176470588236,2814,Active/Regular Products,Zone B,25.0,239275,60,35.0,25.0
22085,97,548,5.591836734693878,2464,Active/Regular Products,Zone B,25.0,239105,60,35.0,25.0
21192,88,1092,12.0,2711,Active/Regular Products,Zone B,25.0,238656,60,35.0,25.0
21879,94,1176,12.378947368421052,2533,Active/Regular Products,Zone B,25.0,238196,60,35.0,25.0
23226,98,1247,12.595959595959595,2427,Active/Regular Products,Zone B,25.0,237944,60,35.0,25.0
85169A,88,812,9.123595505617978,2699,Active/Regular Products,Zone B,25.0,237600,60,35.0,25.0
22953,98,502,5.070707070707071,2423,Active/Regular Products,Zone B,25.0,237552,60,35.0,25.0
21794,106,522,4.9245283018867925,2240,Active/Regular Products,Zone B,25.0,237546,60,35.0,25.0
22317,89,286,3.213483146067416,2667,Active/Regular Products,Zone B,25.0,237452,60,35.0,25.0
21622,104,380,3.6538461538461537,2281,Active/Regular Products,Zone B,25.0,237328,60,35.0,25.0
22912,100,287,2.841584158415841,2370,Active/Regular Products,Zone B,25.0,237100,60,35.0,25.0
35971,88,462,5.076923076923077,2692,Active/Regular Products,Zone B,25.0,236984,60,35.0,25.0
23123,95,935,9.842105263157896,2491,Active/Regular Products,Zone B,25.0,236740,60,35.0,25.0
46000M,137,1021,7.398550724637682,1724,Active/Regular Products,Zone B,25.0,236325,60,35.0,25.0
22719,109,620,5.636363636363637,2165,Active/Regular Products,Zone B,25.0,236094,60,35.0,25.0
23214,103,789,7.586538461538462,2291,Active/Regular Products,Zone B,25.0,236076,60,35.0,25.0
22849,129,323,2.503875968992248,1829,Active/Regular Products,Zone B,25.0,236070,60,35.0,25.0
22343,94,1974,21.0,2508,Active/Regular Products,Zone B,25.0,235846,60,35.0,25.0
47480,86,746,8.674418604651162,2739,Active/Regular Products,Zone B,25.0,235640,60,35.0,25.0
22201,87,193,2.218390804597701,2699,Active/Regular Products,Zone B,25.0,234900,60,35.0,25.0
23347,97,860,8.775510204081632,2419,Active/Regular Products,Zone B,25.0,234740,60,35.0,25.0
22829,109,227,2.0825688073394497,2151,Active/Regular Products,Zone B,25.0,234568,60,35.0,25.0
23438,109,1809,16.59633027522936,2145,Active/Regular Products,Zone B,25.0,233914,60,35.0,25.0
85093,88,708,7.955056179775281,2657,Active/Regular Products,Zone B,25.0,233904,60,35.0,25.0
20846,88,716,8.044943820224718,2654,Active/Regular Products,Zone B,25.0,233640,60,35.0,25.0
23531,112,976,8.63716814159292,2085,Active/Regular Products,Zone B,25.0,233632,60,35.0,25.0
72802C,105,1395,13.037383177570094,2224,Active/Regular Products,Zone B,25.0,233625,60,35.0,25.0
85173,86,479,5.505747126436781,2713,Active/Regular Products,Zone B,25.0,233404,60,35.0,25.0
21626,99,794,7.94,2353,Active/Regular Products,Zone B,25.0,233046,60,35.0,25.0
84659A,89,280,3.146067415730337,2614,Active/Regular Products,Zone B,25.0,232735,60,35.0,25.0
21624,95,216,2.2268041237113403,2447,Active/Regular Products,Zone B,25.0,232560,60,35.0,25.0
85116,89,941,10.455555555555556,2610,Active/Regular Products,Zone B,25.0,232379,60,35.0,25.0
21830,99,2621,25.95049504950495,2345,Active/Regular Products,Zone B,25.0,232254,60,35.0,25.0
84581,90,187,2.077777777777778,2574,Active/Regular Products,Zone B,25.0,231750,60,35.0,25.0
23120,100,1685,16.047619047619047,2316,Active/Regular Products,Zone B,25.0,231700,60,35.0,25.0
21820,90,329,3.5760869565217392,2572,Active/Regular Products,Zone B,25.0,231570,60,35.0,25.0
23281,101,1280,12.307692307692308,2291,Active/Regular Products,Zone B,25.0,231492,60,35.0,25.0
22894,122,305,2.4796747967479678,1895,Active/Regular Products,Zone B,25.0,231312,60,35.0,25.0
22245,98,1262,12.747474747474747,2358,Active/Regular Products,Zone B,25.0,231182,60,35.0,25.0
21354,95,799,8.410526315789474,2432,Active/Regular Products,Zone B,25.0,231135,60,35.0,25.0
16161U,134,4075,30.41044776119403,1717,Active/Regular Products,Zone B,25.0,230212,60,35.0,25.0
22546,86,2103,24.453488372093023,2672,Active/Regular Products,Zone B,25.0,229878,60,35.0,25.0
84459A,91,716,7.617021276595745,2524,Active/Regular Products,Zone B,25.0,229775,60,35.0,25.0
23375,103,1342,13.029126213592232,2228,Active/Regular Products,Zone B,25.0,229587,60,35.0,25.0
20886,103,485,4.663461538461538,2226,Active/Regular Products,Zone B,25.0,229381,60,35.0,25.0
21789,92,925,9.946236559139784,2482,Active/Regular Products,Zone B,25.0,228436,60,35.0,25.0
23360,114,1182,10.189655172413794,2002,Active/Regular Products,Zone B,25.0,228342,60,35.0,25.0
72586,83,691,8.325301204819278,2750,Active/Regular Products,Zone B,25.0,228333,60,35.0,25.0
22540,91,2519,27.380434782608692,2503,Active/Regular Products,Zone B,25.0,227864,60,35.0,25.0
22780,132,1346,10.044776119402986,1724,Active/Regular Products,Zone B,25.0,227700,60,35.0,25.0
23406,111,456,4.108108108108108,2045,Active/Regular Products,Zone B,25.0,227106,60,35.0,25.0
23217,97,1309,13.22222222222222,2338,Active/Regular Products,Zone B,25.0,226883,60,35.0,25.0
23269,94,779,8.2,2406,Active/Regular Products,Zone B,25.0,226258,60,35.0,25.0
82616C,85,324,3.8117647058823527,2650,Active/Regular Products,Zone B,25.0,225335,60,35.0,25.0
22500,96,248,2.583333333333333,2343,Active/Regular Products,Zone B,25.0,225024,60,35.0,25.0
21246,96,286,2.9791666666666665,2343,Active/Regular Products,Zone B,25.0,225024,60,35.0,25.0
22685,99,594,6.0,2260,Active/Regular Products,Zone B,25.0,223839,60,35.0,25.0
47599B,118,1480,12.542372881355933,1886,Active/Regular Products,Zone B,25.0,222666,60,35.0,25.0
23250,110,1179,10.71818181818182,2018,Active/Regular Products,Zone B,25.0,222090,60,35.0,25.0
90200D,78,175,2.243589743589744,2846,Active/Regular Products,Zone B,25.0,222066,60,35.0,25.0
22325,93,249,2.677419354838709,2384,Active/Regular Products,Zone B,25.0,221805,60,35.0,25.0
21059,94,611,6.5,2358,Active/Regular Products,Zone B,25.0,221746,60,35.0,25.0
23131,115,942,8.120689655172415,1927,Active/Regular Products,Zone B,25.0,221720,60,35.0,25.0
23427,114,237,2.0608695652173914,1940,Active/Regular Products,Zone B,25.0,221274,60,35.0,25.0
84212,111,10315,92.92792792792793,1992,Active/Regular Products,Zone B,25.0,221223,60,35.0,25.0
20966,97,719,7.412371134020619,2274,Active/Regular Products,Zone B,25.0,220675,60,35.0,25.0
84951B,82,451,5.433734939759036,2689,Active/Regular Products,Zone B,25.0,220580,60,35.0,25.0
22924,87,1295,14.885057471264368,2525,Active/Regular Products,Zone B,25.0,219762,60,35.0,25.0
22406,84,346,4.119047619047619,2615,Active/Regular Products,Zone B,25.0,219744,60,35.0,25.0
22166,87,207,2.3793103448275863,2515,Active/Regular Products,Zone B,25.0,218892,60,35.0,25.0
22363,81,480,5.783132530120482,2696,Active/Regular Products,Zone B,25.0,218457,60,35.0,25.0
40016,97,5556,57.27835051546392,2251,Active/Regular Products,Zone B,25.0,218444,60,35.0,25.0
22118,89,230,2.5842696629213484,2452,Active/Regular Products,Zone B,25.0,218317,60,35.0,25.0
22414,95,279,2.9368421052631577,2294,Active/Regular Products,Zone B,25.0,218025,60,35.0,25.0
23335,96,377,3.88659793814433,2268,Active/Regular Products,Zone B,25.0,217824,60,35.0,25.0
15058B,97,228,2.350515463917526,2232,Active/Regular Products,Zone B,25.0,216601,60,35.0,25.0
22299,80,1379,17.2375,2704,Active/Regular Products,Zone B,25.0,216400,60,35.0,25.0
22559,81,505,6.234567901234568,2669,Active/Regular Products,Zone B,25.0,216270,60,35.0,25.0
10125,91,1295,13.924731182795698,2373,Active/Regular Products,Zone B,25.0,216034,60,35.0,25.0
21781,101,168,1.6633663366336633,2135,Active/Regular Products,Zone B,25.0,215736,60,35.0,25.0
85049D,107,547,5.018348623853211,2010,Active/Regular Products,Zone B,25.0,215177,60,35.0,25.0
21724,81,408,5.037037037037037,2654,Active/Regular Products,Zone B,25.0,215055,60,35.0,25.0
22575,90,636,6.989010989010989,2384,Active/Regular Products,Zone B,25.0,214650,60,35.0,25.0
84913B,86,196,2.2790697674418605,2494,Active/Regular Products,Zone B,25.0,214570,60,35.0,25.0
22124,76,149,1.9605263157894737,2813,Active/Regular Products,Zone B,25.0,213864,60,35.0,25.0
47585A,83,264,3.180722891566265,2574,Active/Regular Products,Zone B,25.0,213725,60,35.0,25.0
22911,94,463,4.873684210526315,2268,Active/Regular Products,Zone B,25.0,213286,60,35.0,25.0
20652,78,265,3.3974358974358974,2729,Active/Regular Products,Zone B,25.0,212940,60,35.0,25.0
21204,85,499,5.870588235294117,2504,Active/Regular Products,Zone B,25.0,212925,60,35.0,25.0
23373,100,1608,16.08,2128,Active/Regular Products,Zone B,25.0,212900,60,35.0,25.0
21209,89,1224,13.752808988764045,2391,Active/Regular Products,Zone B,25.0,212888,60,35.0,25.0
21401,82,1052,12.674698795180722,2593,Active/Regular Products,Zone B,25.0,212708,60,35.0,25.0
22031,80,504,6.3,2657,Active/Regular Products,Zone B,25.0,212640,60,35.0,25.0
23235,105,736,7.0095238095238095,2024,Active/Regular Products,Zone B,25.0,212625,60,35.0,25.0
21147,76,203,2.636363636363636,2796,Active/Regular Products,Zone B,25.0,212572,60,35.0,25.0
23357,102,450,4.368932038834951,2079,Active/Regular Products,Zone B,25.0,212160,60,35.0,25.0
21112,82,1359,16.573170731707318,2581,Active/Regular Products,Zone B,25.0,211724,60,35.0,25.0
22339,83,2468,28.045454545454547,2548,Active/Regular Products,Zone B,25.0,211567,60,35.0,25.0
20777,80,169,2.1125,2643,Active/Regular Products,Zone B,25.0,211520,60,35.0,25.0
23225,88,1355,15.397727272727272,2400,Active/Regular Products,Zone B,25.0,211288,60,35.0,25.0
23490,101,542,5.366336633663367,2090,Active/Regular Products,Zone B,25.0,211191,60,35.0,25.0
85206A,114,974,8.469565217391304,1851,Active/Regular Products,Zone B,25.0,211128,60,35.0,25.0
22359,81,183,2.259259259259259,2605,Active/Regular Products,Zone B,25.0,211086,60,35.0,25.0
21640,78,650,7.738095238095238,2700,Active/Regular Products,Zone B,25.0,210678,60,35.0,25.0
22399,98,1152,11.755102040816327,2146,Active/Regular Products,Zone B,25.0,210406,60,35.0,25.0
23500,98,1626,15.941176470588236,2146,Active/Regular Products,Zone B,25.0,210406,60,35.0,25.0
23048,99,577,5.65686274509804,2118,Active/Regular Products,Zone B,25.0,209781,60,35.0,25.0
22276,85,290,3.411764705882353,2467,Active/Regular Products,Zone B,25.0,209780,60,35.0,25.0
22589,79,379,4.679012345679013,2653,Active/Regular Products,Zone B,25.0,209666,60,35.0,25.0
23223,88,801,9.0,2380,Active/Regular Products,Zone B,25.0,209528,60,35.0,25.0
23400,107,461,4.268518518518518,1950,Active/Regular Products,Zone B,25.0,208757,60,35.0,25.0
84519A,88,512,5.818181818181818,2371,Active/Regular Products,Zone B,25.0,208736,60,35.0,25.0
22533,88,1782,20.25,2370,Active/Regular Products,Zone B,25.0,208648,60,35.0,25.0
15044C,88,313,3.5568181818181817,2369,Active/Regular Products,Zone B,25.0,208560,60,35.0,25.0
23336,85,225,2.616279069767442,2448,Active/Regular Products,Zone B,25.0,208165,60,35.0,25.0
23511,98,571,5.767676767676767,2120,Active/Regular Products,Zone B,25.0,207858,60,35.0,25.0
23546,120,3250,27.08333333333333,1731,Active/Regular Products,Zone B,25.0,207840,60,35.0,25.0
23183,84,226,2.6588235294117646,2472,Active/Regular Products,Zone B,25.0,207732,60,35.0,25.0
84637,83,116,1.3975903614457832,2499,Active/Regular Products,Zone B,25.0,207500,60,35.0,25.0
22797,91,163,1.7912087912087913,2279,Active/Regular Products,Zone B,25.0,207480,60,35.0,25.0
22334,101,707,6.931372549019608,2053,Active/Regular Products,Zone B,25.0,207454,60,35.0,25.0
22071,86,729,8.284090909090908,2411,Active/Regular Products,Zone B,25.0,207432,60,35.0,25.0
21828,84,330,3.882352941176471,2468,Active/Regular Products,Zone B,25.0,207396,60,35.0,25.0
21581,79,252,3.189873417721519,2617,Active/Regular Products,Zone B,25.0,206822,60,35.0,25.0
21039,90,523,5.811111111111111,2287,Active/Regular Products,Zone B,25.0,205920,60,35.0,25.0
22337,77,912,11.692307692307692,2673,Active/Regular Products,Zone B,25.0,205898,60,35.0,25.0
22324,74,286,3.8133333333333335,2781,Active/Regular Products,Zone B,25.0,205868,60,35.0,25.0
22119,106,345,3.1944444444444446,1937,Active/Regular Products,Zone B,25.0,205428,60,35.0,25.0
85114B,77,477,6.194805194805195,2666,Active/Regular Products,Zone B,25.0,205359,60,35.0,25.0
22266,92,1887,19.060606060606062,2229,Active/Regular Products,Zone B,25.0,205160,60,35.0,25.0
21352,77,378,4.909090909090909,2654,Active/Regular Products,Zone B,25.0,204435,60,35.0,25.0
72799E,76,451,5.857142857142857,2688,Active/Regular Products,Zone B,25.0,204364,60,35.0,25.0
17091J,95,2084,21.05050505050505,2148,Active/Regular Products,Zone B,25.0,204155,60,35.0,25.0
85071D,84,403,4.686046511627907,2427,Active/Regular Products,Zone B,25.0,203952,60,35.0,25.0
21069,86,1949,22.662790697674417,2369,Active/Regular Products,Zone B,25.0,203820,60,35.0,25.0
22341,78,453,5.807692307692308,2602,Active/Regular Products,Zone B,25.0,203034,60,35.0,25.0
84558A,81,333,4.060975609756097,2501,Active/Regular Products,Zone B,25.0,202662,60,35.0,25.0
20767,79,250,3.1645569620253164,2564,Active/Regular Products,Zone B,25.0,202635,60,35.0,25.0
23498,99,1640,16.07843137254902,2045,Active/Regular Products,Zone B,25.0,202554,60,35.0,25.0
37327,81,1578,19.012048192771083,2495,Active/Regular Products,Zone B,25.0,202176,60,35.0,25.0
22336,79,2381,29.036585365853657,2553,Active/Regular Products,Zone B,25.0,201766,60,35.0,25.0
84459B,91,721,7.836956521739131,2216,Active/Regular Products,Zone B,25.0,201747,60,35.0,25.0
23164,92,578,6.282608695652174,2186,Active/Regular Products,Zone B,25.0,201204,60,35.0,25.0
22515,84,266,3.1666666666666665,2394,Active/Regular Products,Zone B,25.0,201180,60,35.0,25.0
85231G,81,594,7.2439024390243905,2477,Active/Regular Products,Zone B,25.0,200718,60,35.0,25.0
21576,78,252,3.230769230769231,2566,Active/Regular Products,Zone B,25.0,200226,60,35.0,25.0
23358,89,594,6.674157303370786,2245,Active/Regular Products,Zone B,25.0,199894,60,35.0,25.0
22204,79,197,2.4625,2519,Active/Regular Products,Zone B,25.0,199080,60,35.0,25.0
22591,86,413,4.8023255813953485,2312,Active/Regular Products,Zone B,25.0,198918,60,35.0,25.0
21043,90,492,5.466666666666667,2205,Active/Regular Products,Zone B,25.0,198540,60,35.0,25.0
20832,82,1067,12.855421686746988,2420,Active/Regular Products,Zone B,25.0,198522,60,35.0,25.0
23153,90,263,2.922222222222222,2204,Active/Regular Products,Zone B,25.0,198450,60,35.0,25.0
23419,86,473,5.5,2303,Active/Regular Products,Zone B,25.0,198144,60,35.0,25.0
21222,73,265,3.581081081081081,2711,Active/Regular Products,Zone B,25.0,197976,60,35.0,25.0
22520,113,719,6.252173913043478,1750,Active/Regular Products,Zone B,25.0,197863,60,35.0,25.0
21262,78,332,4.256410256410256,2530,Active/Regular Products,Zone B,25.0,197418,60,35.0,25.0
22217,82,839,10.231707317073171,2403,Active/Regular Products,Zone B,25.0,197128,60,35.0,25.0
21881,79,1102,13.949367088607596,2493,Active/Regular Products,Zone B,25.0,197026,60,35.0,25.0
22136,84,378,4.395348837209302,2342,Active/Regular Products,Zone B,25.0,196812,60,35.0,25.0
22223,78,441,5.582278481012659,2522,Active/Regular Products,Zone B,25.0,196794,60,35.0,25.0
20764,76,142,1.844155844155844,2584,Active/Regular Products,Zone B,25.0,196460,60,35.0,25.0
22453,78,442,5.594936708860759,2517,Active/Regular Products,Zone B,25.0,196404,60,35.0,25.0
22860,107,589,5.5046728971962615,1833,Active/Regular Products,Zone B,25.0,196238,60,35.0,25.0
84356,82,424,5.170731707317073,2392,Active/Regular Products,Zone B,25.0,196226,60,35.0,25.0
85170C,72,335,4.652777777777778,2722,Active/Regular Products,Zone B,25.0,196056,60,35.0,25.0
35924,72,820,11.08108108108108,2721,Active/Regular Products,Zone B,25.0,195984,60,35.0,25.0
22545,75,1142,15.226666666666668,2607,Active/Regular Products,Zone B,25.0,195600,60,35.0,25.0
21788,85,1293,15.034883720930232,2298,Active/Regular Products,Zone B,25.0,195415,60,35.0,25.0
21189,72,355,4.863013698630137,2713,Active/Regular Products,Zone B,25.0,195408,60,35.0,25.0
23461,94,847,8.47,2074,Active/Regular Products,Zone B,25.0,195050,60,35.0,25.0
22521,104,609,5.8,1874,Active/Regular Products,Zone B,25.0,195000,60,35.0,25.0
23542,89,506,5.685393258426966,2184,Active/Regular Products,Zone B,25.0,194465,60,35.0,25.0
22287,80,794,9.925,2418,Active/Regular Products,Zone B,25.0,193520,60,35.0,25.0
23566,83,881,10.614457831325302,2326,Active/Regular Products,Zone B,25.0,193141,60,35.0,25.0
22354,83,750,9.036144578313252,2321,Active/Regular Products,Zone B,25.0,192726,60,35.0,25.0
22232,83,690,8.313253012048193,2318,Active/Regular Products,Zone B,25.0,192477,60,35.0,25.0
20616,71,194,2.732394366197183,2709,Active/Regular Products,Zone B,25.0,192410,60,35.0,25.0
15058A,89,200,2.247191011235955,2157,Active/Regular Products,Zone B,25.0,192062,60,35.0,25.0
20618,76,148,1.947368421052632,2526,Active/Regular Products,Zone B,25.0,192052,60,35.0,25.0
22220,86,231,2.686046511627907,2232,Active/Regular Products,Zone B,25.0,192038,60,35.0,25.0
22198,86,1025,11.918604651162791,2225,Active/Regular Products,Zone B,25.0,191436,60,35.0,25.0
22785,74,245,3.310810810810811,2582,Active/Regular Products,Zone B,25.0,191142,60,35.0,25.0
82616B,73,343,4.573333333333333,2611,Active/Regular Products,Zone B,25.0,190676,60,35.0,25.0
22255,77,629,8.168831168831169,2463,Active/Regular Products,Zone B,25.0,189728,60,35.0,25.0
21469,89,290,3.258426966292135,2130,Active/Regular Products,Zone B,25.0,189659,60,35.0,25.0
22820,77,940,12.051282051282053,2459,Active/Regular Products,Zone B,25.0,189420,60,35.0,25.0
20770,72,184,2.555555555555556,2629,Active/Regular Products,Zone B,25.0,189360,60,35.0,25.0
21208,83,940,11.19047619047619,2277,Active/Regular Products,Zone B,25.0,189074,60,35.0,25.0
22344,76,1225,16.11842105263158,2482,Active/Regular Products,Zone B,25.0,188708,60,35.0,25.0
46776A,70,155,2.2142857142857144,2693,Active/Regular Products,Zone B,25.0,188580,60,35.0,25.0
21195,80,693,8.555555555555555,2356,Active/Regular Products,Zone B,25.0,188560,60,35.0,25.0
84509B,79,217,2.7125,2384,Active/Regular Products,Zone B,25.0,188415,60,35.0,25.0
23391,87,389,4.420454545454546,2164,Active/Regular Products,Zone B,25.0,188355,60,35.0,25.0
20686,77,267,3.467532467532468,2431,Active/Regular Products,Zone B,25.0,187264,60,35.0,25.0
21200,75,1119,14.92,2495,Active/Regular Products,Zone B,25.0,187200,60,35.0,25.0
23543,103,1236,11.771428571428572,1812,Active/Regular Products,Zone B,25.0,186739,60,35.0,25.0
21555,69,137,1.9855072463768115,2704,Active/Regular Products,Zone B,25.0,186645,60,35.0,25.0
21026,68,255,3.75,2736,Active/Regular Products,Zone B,25.0,186116,60,35.0,25.0
22092,91,670,7.362637362637362,2042,Active/Regular Products,Zone B,25.0,185913,60,35.0,25.0
85114C,75,516,6.615384615384615,2474,Active/Regular Products,Zone B,25.0,185625,60,35.0,25.0
23088,79,795,10.063291139240508,2346,Active/Regular Products,Zone B,25.0,185413,60,35.0,25.0
23268,89,1447,16.258426966292134,2079,Active/Regular Products,Zone B,25.0,185120,60,35.0,25.0
85039C,67,305,4.552238805970149,2759,Active/Regular Products,Zone B,25.0,184920,60,35.0,25.0
21400,72,881,12.23611111111111,2564,Active/Regular Products,Zone B,25.0,184680,60,35.0,25.0
22393,71,510,7.183098591549296,2593,Active/Regular Products,Zone B,25.0,184174,60,35.0,25.0
22216,68,588,8.647058823529411,2702,Active/Regular Products,Zone B,25.0,183804,60,35.0,25.0
21707,74,160,2.1621621621621623,2481,Active/Regular Products,Zone B,25.0,183668,60,35.0,25.0
72816,69,892,12.92753623188406,2656,Active/Regular Products,Zone B,25.0,183333,60,35.0,25.0
21067,76,317,4.116883116883117,2411,Active/Regular Products,Zone B,25.0,183312,60,35.0,25.0
22443,90,164,1.8222222222222224,2030,Active/Regular Products,Zone B,25.0,182790,60,35.0,25.0
84884A,78,301,3.858974358974359,2342,Active/Regular Products,Zone B,25.0,182754,60,35.0,25.0
84596E,79,564,7.139240506329114,2312,Active/Regular Products,Zone B,25.0,182727,60,35.0,25.0
23381,80,1496,18.469135802469136,2282,Active/Regular Products,Zone B,25.0,182640,60,35.0,25.0
21742,91,194,2.086021505376344,2003,Active/Regular Products,Zone B,25.0,182364,60,35.0,25.0
23079,106,251,2.3457943925233646,1719,Active/Regular Products,Zone B,25.0,182320,60,35.0,25.0
22047,106,3375,31.839622641509436,1719,Active/Regular Products,Zone B,25.0,182320,60,35.0,25.0
23530,87,1056,12.137931034482758,2093,Active/Regular Products,Zone B,25.0,182178,60,35.0,25.0
23034,88,979,10.877777777777778,2067,Active/Regular Products,Zone B,25.0,181984,60,35.0,25.0
21648,66,729,11.045454545454543,2752,Active/Regular Products,Zone B,25.0,181698,60,35.0,25.0
21417,68,340,5.0,2668,Active/Regular Products,Zone B,25.0,181492,60,35.0,25.0
23379,76,1220,15.844155844155845,2369,Active/Regular Products,Zone B,25.0,180120,60,35.0,25.0
20840,74,533,7.1066666666666665,2433,Active/Regular Products,Zone B,25.0,180116,60,35.0,25.0
20931,68,299,4.397058823529412,2641,Active/Regular Products,Zone B,25.0,179656,60,35.0,25.0
21061,83,488,5.879518072289157,2163,Active/Regular Products,Zone B,25.0,179612,60,35.0,25.0
23181,82,201,2.451219512195122,2186,Active/Regular Products,Zone B,25.0,179334,60,35.0,25.0
85036C,84,742,8.528735632183908,2133,Active/Regular Products,Zone B,25.0,179256,60,35.0,25.0
22101,69,1438,20.84057971014493,2595,Active/Regular Products,Zone B,25.0,179124,60,35.0,25.0
22405,70,372,5.314285714285714,2555,Active/Regular Products,Zone B,25.0,178920,60,35.0,25.0
35967,67,485,7.238805970149253,2664,Active/Regular Products,Zone B,25.0,178555,60,35.0,25.0
21199,78,966,12.227848101265822,2279,Active/Regular Products,Zone B,25.0,177840,60,35.0,25.0
15044D,84,644,7.666666666666667,2108,Active/Regular Products,Zone B,25.0,177156,60,35.0,25.0
22496,79,253,3.2025316455696204,2241,Active/Regular Products,Zone B,25.0,177118,60,35.0,25.0
23401,83,459,5.530120481927711,2130,Active/Regular Products,Zone B,25.0,176873,60,35.0,25.0
35965,69,366,5.304347826086956,2561,Active/Regular Products,Zone B,25.0,176778,60,35.0,25.0
85035A,81,276,3.2857142857142856,2174,Active/Regular Products,Zone B,25.0,176175,60,35.0,25.0
22416,76,868,11.421052631578949,2313,Active/Regular Products,Zone B,25.0,175864,60,35.0,25.0
21167,67,1432,21.37313432835821,2618,Active/Regular Products,Zone B,25.0,175473,60,35.0,25.0
23339,76,173,2.276315789473684,2305,Active/Regular Products,Zone B,25.0,175256,60,35.0,25.0
85186A,79,567,7.0875,2209,Active/Regular Products,Zone B,25.0,174590,60,35.0,25.0
22345,71,1117,15.3013698630137,2451,Active/Regular Products,Zone B,25.0,174092,60,35.0,25.0
84520B,80,554,6.839506172839506,2175,Active/Regular Products,Zone B,25.0,174080,60,35.0,25.0
90204,18,29,1.6111111111111112,1960,Active/Regular Products,Zone B,25.0,35298,60,35.0,25.0
22108,63,152,2.412698412698413,2751,Active/Regular Products,Zone B,25.0,173376,60,35.0,25.0
21465,79,237,3.0,2193,Active/Regular Products,Zone B,25.0,173326,60,35.0,25.0
15058C,72,240,3.333333333333333,2406,Active/Regular Products,Zone B,25.0,173304,60,35.0,25.0
21851,63,141,2.238095238095238,2749,Active/Regular Products,Zone B,25.0,173250,60,35.0,25.0
23564,76,644,8.473684210526315,2278,Active/Regular Products,Zone B,25.0,173204,60,35.0,25.0
21849,66,173,2.544117647058824,2620,Active/Regular Products,Zone B,25.0,172986,60,35.0,25.0
21448,77,344,4.246913580246914,2242,Active/Regular Products,Zone B,25.0,172711,60,35.0,25.0
72818,76,1845,23.653846153846157,2260,Active/Regular Products,Zone B,25.0,171836,60,35.0,25.0
22509,86,209,2.4302325581395348,1989,Active/Regular Products,Zone B,25.0,171140,60,35.0,25.0
85232D,69,193,2.7971014492753623,2478,Active/Regular Products,Zone B,25.0,171051,60,35.0,25.0
21882,70,704,9.915492957746478,2442,Active/Regular Products,Zone B,25.0,171010,60,35.0,25.0
37495,92,440,4.782608695652174,1857,Active/Regular Products,Zone B,25.0,170936,60,35.0,25.0
23317,82,173,2.109756097560976,2080,Active/Regular Products,Zone B,25.0,170642,60,35.0,25.0
35810A,75,633,8.328947368421053,2274,Active/Regular Products,Zone B,25.0,170625,60,35.0,25.0
22067,70,408,5.746478873239437,2436,Active/Regular Products,Zone B,25.0,170590,60,35.0,25.0
20998,69,185,2.681159420289855,2469,Active/Regular Products,Zone B,25.0,170430,60,35.0,25.0
20801,81,1013,12.353658536585366,2101,Active/Regular Products,Zone B,25.0,170262,60,35.0,25.0
22808,75,345,4.6,2267,Active/Regular Products,Zone B,25.0,170100,60,35.0,25.0
84912A,74,156,2.108108108108108,2297,Active/Regular Products,Zone B,25.0,170052,60,35.0,25.0
22307,74,770,10.266666666666667,2290,Active/Regular Products,Zone B,25.0,169534,60,35.0,25.0
85049F,88,378,4.153846153846154,1922,Active/Regular Products,Zone B,25.0,169224,60,35.0,25.0
21060,71,405,5.704225352112676,2381,Active/Regular Products,Zone B,25.0,169122,60,35.0,25.0
22832,76,162,2.131578947368421,2224,Active/Regular Products,Zone B,25.0,169100,60,35.0,25.0
85212,79,2451,31.025316455696203,2139,Active/Regular Products,Zone B,25.0,169060,60,35.0,25.0
85186C,78,528,6.6835443037974684,2165,Active/Regular Products,Zone B,25.0,168948,60,35.0,25.0
23107,73,359,4.917808219178082,2313,Active/Regular Products,Zone B,25.0,168922,60,35.0,25.0
17012A,65,323,4.893939393939394,2595,Active/Regular Products,Zone B,25.0,168740,60,35.0,25.0
18097C,69,695,10.07246376811594,2444,Active/Regular Products,Zone B,25.0,168705,60,35.0,25.0
85129D,65,207,3.1846153846153844,2594,Active/Regular Products,Zone B,25.0,168675,60,35.0,25.0
22760,80,275,3.4375,2105,Active/Regular Products,Zone B,25.0,168480,60,35.0,25.0
22258,77,912,11.844155844155845,2185,Active/Regular Products,Zone B,25.0,168322,60,35.0,25.0
22799,89,207,2.3258426966292136,1886,Active/Regular Products,Zone B,25.0,167943,60,35.0,25.0
23445,101,2668,26.15686274509804,1659,Active/Regular Products,Zone B,25.0,167660,60,35.0,25.0
23470,84,232,2.761904761904762,1992,Active/Regular Products,Zone B,25.0,167412,60,35.0,25.0
84569A,65,294,4.523076923076923,2571,Active/Regular Products,Zone B,25.0,167180,60,35.0,25.0
20659,62,158,2.46875,2693,Active/Regular Products,Zone B,25.0,167028,60,35.0,25.0
23138,82,879,10.464285714285714,2035,Active/Regular Products,Zone B,25.0,166952,60,35.0,25.0
22526,79,125,1.5822784810126582,2112,Active/Regular Products,Zone B,25.0,166927,60,35.0,25.0
23315,86,213,2.476744186046512,1939,Active/Regular Products,Zone B,25.0,166840,60,35.0,25.0
23536,85,626,7.364705882352941,1961,Active/Regular Products,Zone B,25.0,166770,60,35.0,25.0
84880,76,312,4.051948051948052,2185,Active/Regular Products,Zone B,25.0,166136,60,35.0,25.0
23502,94,714,7.515789473684211,1760,Active/Regular Products,Zone B,25.0,165534,60,35.0,25.0
79190A,63,384,6.095238095238095,2624,Active/Regular Products,Zone B,25.0,165375,60,35.0,25.0
23326,76,3442,45.28947368421053,2171,Active/Regular Products,Zone B,25.0,165072,60,35.0,25.0
84849B,76,266,3.5,2161,Active/Regular Products,Zone B,25.0,164312,60,35.0,25.0
23433,89,1258,14.134831460674157,1835,Active/Regular Products,Zone B,25.0,163404,60,35.0,25.0
84673B,66,179,2.712121212121212,2473,Active/Regular Products,Zone B,25.0,163284,60,35.0,25.0
21395,90,2838,31.53333333333333,1812,Active/Regular Products,Zone B,25.0,163170,60,35.0,25.0
22062,73,583,7.4743589743589745,2233,Active/Regular Products,Zone B,25.0,163082,60,35.0,25.0
84818,99,1423,14.373737373737374,1645,Active/Regular Products,Zone B,25.0,162954,60,35.0,25.0
35911A,70,319,4.557142857142857,2326,Active/Regular Products,Zone B,25.0,162890,60,35.0,25.0
23452,87,518,5.954022988505747,1870,Active/Regular Products,Zone B,25.0,162777,60,35.0,25.0
20775,63,134,2.09375,2580,Active/Regular Products,Zone B,25.0,162603,60,35.0,25.0
23066,85,259,3.047058823529412,1910,Active/Regular Products,Zone B,25.0,162435,60,35.0,25.0
85169B,62,329,5.306451612903226,2618,Active/Regular Products,Zone B,25.0,162378,60,35.0,25.0
23222,75,799,10.376623376623376,2163,Active/Regular Products,Zone B,25.0,162300,60,35.0,25.0
85035B,70,619,8.842857142857143,2316,Active/Regular Products,Zone B,25.0,162190,60,35.0,25.0
85185B,71,297,4.013513513513513,2281,Active/Regular Products,Zone B,25.0,162022,60,35.0,25.0
16048,67,1460,21.47058823529412,2415,Active/Regular Products,Zone B,25.0,161872,60,35.0,25.0
22519,88,411,4.670454545454546,1835,Active/Regular Products,Zone B,25.0,161568,60,35.0,25.0
23224,71,738,10.394366197183098,2272,Active/Regular Products,Zone B,25.0,161383,60,35.0,25.0
85194S,72,1197,16.625,2237,Active/Regular Products,Zone B,25.0,161136,60,35.0,25.0
21676,61,257,4.213114754098361,2640,Active/Regular Products,Zone B,25.0,161101,60,35.0,25.0
22104,59,288,4.88135593220339,2721,Active/Regular Products,Zone B,25.0,160598,60,35.0,25.0
21821,62,251,3.984126984126984,2577,Active/Regular Products,Zone B,25.0,159836,60,35.0,25.0
46776C,59,117,1.9830508474576272,2706,Active/Regular Products,Zone B,25.0,159713,60,35.0,25.0
22517,69,199,2.8840579710144927,2308,Active/Regular Products,Zone B,25.0,159321,60,35.0,25.0
85177,63,812,12.88888888888889,2527,Active/Regular Products,Zone B,25.0,159264,60,35.0,25.0
20716,73,400,5.405405405405405,2171,Active/Regular Products,Zone B,25.0,158556,60,35.0,25.0
23253,70,258,3.6857142857142855,2262,Active/Regular Products,Zone B,25.0,158410,60,35.0,25.0
21793,74,304,4.053333333333334,2138,Active/Regular Products,Zone B,25.0,158286,60,35.0,25.0
21708,64,190,2.96875,2472,Active/Regular Products,Zone B,25.0,158272,60,35.0,25.0
22532,73,1072,14.293333333333331,2167,Active/Regular Products,Zone B,25.0,158264,60,35.0,25.0
23087,69,868,12.579710144927535,2291,Active/Regular Products,Zone B,25.0,158148,60,35.0,25.0
23067,78,294,3.5853658536585367,2023,Active/Regular Products,Zone B,25.0,157872,60,35.0,25.0
85183A,86,667,7.579545454545454,1833,Active/Regular Products,Zone B,25.0,157724,60,35.0,25.0
21002,66,125,1.893939393939394,2384,Active/Regular Products,Zone B,25.0,157410,60,35.0,25.0
21248,66,205,3.106060606060606,2383,Active/Regular Products,Zone B,25.0,157344,60,35.0,25.0
84754,62,558,8.857142857142858,2530,Active/Regular Products,Zone B,25.0,156922,60,35.0,25.0
22708,100,2800,28.0,1568,Active/Regular Products,Zone B,25.0,156900,60,35.0,25.0
23160,76,1450,19.07894736842105,2062,Active/Regular Products,Zone B,25.0,156788,60,35.0,25.0
20772,65,247,3.8,2411,Active/Regular Products,Zone B,25.0,156780,60,35.0,25.0
21171,73,438,6.0,2131,Active/Regular Products,Zone B,25.0,155636,60,35.0,25.0
20867,62,331,5.338709677419355,2507,Active/Regular Products,Zone B,25.0,155496,60,35.0,25.0
84748,61,204,3.344262295081968,2548,Active/Regular Products,Zone B,25.0,155489,60,35.0,25.0
21972,65,335,5.153846153846154,2391,Active/Regular Products,Zone B,25.0,155480,60,35.0,25.0
22043,64,1238,19.34375,2428,Active/Regular Products,Zone B,25.0,155456,60,35.0,25.0
85179A,59,193,3.2711864406779663,2633,Active/Regular Products,Zone B,25.0,155406,60,35.0,25.0
22932,72,884,12.27777777777778,2154,Active/Regular Products,Zone B,25.0,155160,60,35.0,25.0
20967,83,265,3.1927710843373496,1861,Active/Regular Products,Zone B,25.0,154546,60,35.0,25.0
22903,59,193,3.2711864406779663,2611,Active/Regular Products,Zone B,25.0,154108,60,35.0,25.0
84944,83,710,8.452380952380953,1848,Active/Regular Products,Zone B,25.0,153467,60,35.0,25.0
85034A,74,498,6.225,2072,Active/Regular Products,Zone B,25.0,153402,60,35.0,25.0
22442,78,296,3.7948717948717943,1964,Active/Regular Products,Zone B,25.0,153270,60,35.0,25.0
22710,104,4501,43.27884615384615,1468,Active/Regular Products,Zone B,25.0,152776,60,35.0,25.0
21804,65,225,3.409090909090909,2349,Active/Regular Products,Zone B,25.0,152750,60,35.0,25.0
21198,71,1028,14.47887323943662,2149,Active/Regular Products,Zone B,25.0,152650,60,35.0,25.0
72122,61,324,5.225806451612903,2492,Active/Regular Products,Zone B,25.0,152073,60,35.0,25.0
23405,70,252,3.5492957746478875,2171,Active/Regular Products,Zone B,25.0,152040,60,35.0,25.0
85135C,67,106,1.5588235294117647,2267,Active/Regular Products,Zone B,25.0,151956,60,35.0,25.0
23178,68,327,4.8088235294117645,2232,Active/Regular Products,Zone B,25.0,151844,60,35.0,25.0
23085,78,376,4.476190476190476,1944,Active/Regular Products,Zone B,25.0,151710,60,35.0,25.0
84596J,68,568,8.352941176470589,2223,Active/Regular Products,Zone B,25.0,151232,60,35.0,25.0
21723,59,397,6.728813559322034,2548,Active/Regular Products,Zone B,25.0,150391,60,35.0,25.0
22923,80,1360,17.0,1878,Active/Regular Products,Zone B,25.0,150320,60,35.0,25.0
21253,62,134,2.161290322580645,2410,Active/Regular Products,Zone B,25.0,149482,60,35.0,25.0
21580,62,181,2.919354838709677,2408,Active/Regular Products,Zone B,25.0,149358,60,35.0,25.0
21028,58,187,3.2241379310344827,2565,Active/Regular Products,Zone B,25.0,148828,60,35.0,25.0
21062,74,538,7.27027027027027,2010,Active/Regular Products,Zone B,25.0,148814,60,35.0,25.0
21205,68,253,3.563380281690141,2185,Active/Regular Products,Zone B,25.0,148648,60,35.0,25.0
23469,72,332,4.611111111111111,2053,Active/Regular Products,Zone B,25.0,147888,60,35.0,25.0
22267,83,836,9.83529411764706,1780,Active/Regular Products,Zone B,25.0,147823,60,35.0,25.0
22504,68,247,3.632352941176471,2171,Active/Regular Products,Zone B,25.0,147696,60,35.0,25.0
23398,69,606,8.08,2135,Active/Regular Products,Zone B,25.0,147384,60,35.0,25.0
23402,68,296,4.352941176470588,2160,Active/Regular Products,Zone B,25.0,146948,60,35.0,25.0
22529,70,851,12.157142857142857,2098,Active/Regular Products,Zone B,25.0,146930,60,35.0,25.0
23337,69,180,2.608695652173913,2128,Active/Regular Products,Zone B,25.0,146901,60,35.0,25.0
21441,62,421,6.790322580645161,2368,Active/Regular Products,Zone B,25.0,146878,60,35.0,25.0
10002,71,860,12.112676056338028,2067,Active/Regular Products,Zone B,25.0,146828,60,35.0,25.0
84968F,65,177,2.723076923076923,2257,Active/Regular Products,Zone B,25.0,146770,60,35.0,25.0
21025,56,174,3.107142857142857,2615,Active/Regular Products,Zone B,25.0,146496,60,35.0,25.0
21643,60,550,9.166666666666666,2435,Active/Regular Products,Zone B,25.0,146160,60,35.0,25.0
21056,72,184,2.555555555555556,2023,Active/Regular Products,Zone B,25.0,145728,60,35.0,25.0
22516,62,206,3.21875,2349,Active/Regular Products,Zone B,25.0,145700,60,35.0,25.0
22100,59,755,12.796610169491526,2467,Active/Regular Products,Zone B,25.0,145612,60,35.0,25.0
16218,64,3821,59.703125,2274,Active/Regular Products,Zone B,25.0,145600,60,35.0,25.0
21520,58,504,8.689655172413794,2505,Active/Regular Products,Zone B,25.0,145348,60,35.0,25.0
22032,60,427,7.116666666666666,2421,Active/Regular Products,Zone B,25.0,145320,60,35.0,25.0
23033,74,714,9.64864864864865,1962,Active/Regular Products,Zone B,25.0,145262,60,35.0,25.0
79302M,62,370,5.873015873015873,2339,Active/Regular Products,Zone B,25.0,145080,60,35.0,25.0
21194,65,498,7.545454545454546,2231,Active/Regular Products,Zone B,25.0,145080,60,35.0,25.0
16258A,59,472,8.0,2456,Active/Regular Products,Zone B,25.0,144963,60,35.0,25.0
17129F,57,588,10.31578947368421,2538,Active/Regular Products,Zone B,25.0,144723,60,35.0,25.0
20761,63,120,1.9047619047619049,2288,Active/Regular Products,Zone B,25.0,144207,60,35.0,25.0
84509G,66,517,7.833333333333333,2180,Active/Regular Products,Zone B,25.0,143946,60,35.0,25.0
23514,74,478,6.45945945945946,1940,Active/Regular Products,Zone B,25.0,143634,60,35.0,25.0
23249,81,842,10.395061728395062,1769,Active/Regular Products,Zone B,25.0,143370,60,35.0,25.0
37413,81,703,8.46987951807229,1769,Active/Regular Products,Zone B,25.0,143370,60,35.0,25.0
21719,58,345,5.8474576271186445,2464,Active/Regular Products,Zone B,25.0,142970,60,35.0,25.0
85132B,75,529,7.053333333333334,1904,Active/Regular Products,Zone B,25.0,142875,60,35.0,25.0
22935,65,690,10.615384615384617,2196,Active/Regular Products,Zone B,25.0,142805,60,35.0,25.0
22525,74,489,6.608108108108108,1924,Active/Regular Products,Zone B,25.0,142450,60,35.0,25.0
20856,61,216,3.540983606557377,2333,Active/Regular Products,Zone B,25.0,142374,60,35.0,25.0
90214A,56,130,2.321428571428572,2537,Active/Regular Products,Zone B,25.0,142128,60,35.0,25.0
79190B,57,707,12.403508771929824,2491,Active/Regular Products,Zone B,25.0,142044,60,35.0,25.0
79144B,53,180,3.39622641509434,2679,Active/Regular Products,Zone B,25.0,142040,60,35.0,25.0
21709,59,133,2.254237288135593,2393,Active/Regular Products,Zone B,25.0,141246,60,35.0,25.0
20755,62,306,4.935483870967742,2277,Active/Regular Products,Zone B,25.0,141236,60,35.0,25.0
22265,64,536,7.6571428571428575,2202,Active/Regular Products,Zone B,25.0,140992,60,35.0,25.0
21468,66,148,2.242424242424242,2135,Active/Regular Products,Zone B,25.0,140976,60,35.0,25.0
23565,63,410,6.507936507936508,2235,Active/Regular Products,Zone B,25.0,140868,60,35.0,25.0
72802B,82,1028,12.53658536585366,1715,Active/Regular Products,Zone B,25.0,140712,60,35.0,25.0
21850,54,129,2.388888888888889,2603,Active/Regular Products,Zone B,25.0,140616,60,35.0,25.0
23219,61,430,6.71875,2304,Active/Regular Products,Zone B,25.0,140605,60,35.0,25.0
22513,67,152,2.2686567164179103,2097,Active/Regular Products,Zone B,25.0,140566,60,35.0,25.0
35923,62,1318,20.92063492063492,2262,Active/Regular Products,Zone B,25.0,140306,60,35.0,25.0
22862,66,171,2.514705882352941,2122,Active/Regular Products,Zone B,25.0,140118,60,35.0,25.0
21000,52,96,1.8461538461538465,2693,Active/Regular Products,Zone B,25.0,140088,60,35.0,25.0
23483,73,1328,17.945945945945947,1914,Active/Regular Products,Zone B,25.0,139795,60,35.0,25.0
22304,61,761,12.475409836065571,2289,Active/Regular Products,Zone B,25.0,139690,60,35.0,25.0
22934,78,589,7.551282051282051,1786,Active/Regular Products,Zone B,25.0,139386,60,35.0,25.0
23515,71,579,8.041666666666666,1961,Active/Regular Products,Zone B,25.0,139302,60,35.0,25.0
23486,74,275,3.716216216216216,1880,Active/Regular Products,Zone B,25.0,139194,60,35.0,25.0
22214,56,193,3.446428571428572,2482,Active/Regular Products,Zone B,25.0,139048,60,35.0,25.0
21442,59,437,7.406779661016949,2349,Active/Regular Products,Zone B,25.0,138650,60,35.0,25.0
85194L,73,947,12.972602739726028,1879,Active/Regular Products,Zone B,25.0,137240,60,35.0,25.0
20902,56,112,2.0,2449,Active/Regular Products,Zone B,25.0,137200,60,35.0,25.0
23423,66,219,3.3181818181818183,2073,Active/Regular Products,Zone B,25.0,136884,60,35.0,25.0
22346,59,1034,17.233333333333334,2319,Active/Regular Products,Zone B,25.0,136880,60,35.0,25.0
79144C,51,152,2.980392156862745,2673,Active/Regular Products,Zone B,25.0,136374,60,35.0,25.0
85114A,56,649,11.589285714285714,2423,Active/Regular Products,Zone B,25.0,135744,60,35.0,25.0
21294,71,1618,22.164383561643834,1908,Active/Regular Products,Zone B,25.0,135539,60,35.0,25.0
21221,54,261,4.833333333333333,2506,Active/Regular Products,Zone B,25.0,135378,60,35.0,25.0
84510C,54,132,2.4444444444444446,2501,Active/Regular Products,Zone B,25.0,135108,60,35.0,25.0
84251G,53,270,5.09433962264151,2542,Active/Regular Products,Zone B,25.0,134779,60,35.0,25.0
23513,70,566,8.085714285714285,1920,Active/Regular Products,Zone B,25.0,134470,60,35.0,25.0
22181,57,591,10.36842105263158,2358,Active/Regular Products,Zone B,25.0,134463,60,35.0,25.0
21422,63,1607,25.50793650793651,2132,Active/Regular Products,Zone B,25.0,134379,60,35.0,25.0
22263,51,326,6.150943396226415,2623,Active/Regular Products,Zone B,25.0,133824,60,35.0,25.0
21361,69,106,1.536231884057971,1938,Active/Regular Products,Zone B,25.0,133791,60,35.0,25.0
22640,57,237,4.157894736842105,2341,Active/Regular Products,Zone B,25.0,133494,60,35.0,25.0
90161C,50,83,1.66,2667,Active/Regular Products,Zone B,25.0,133400,60,35.0,25.0
23524,63,481,7.634920634920635,2108,Active/Regular Products,Zone B,25.0,132867,60,35.0,25.0
21001,50,73,1.46,2649,Active/Regular Products,Zone B,25.0,132500,60,35.0,25.0
90200A,50,78,1.56,2643,Active/Regular Products,Zone B,25.0,132200,60,35.0,25.0
90209B,54,184,3.345454545454545,2437,Active/Regular Products,Zone B,25.0,131652,60,35.0,25.0
85180A,63,503,7.859375,2082,Active/Regular Products,Zone B,25.0,131229,60,35.0,25.0
20766,57,122,2.103448275862069,2285,Active/Regular Products,Zone B,25.0,130302,60,35.0,25.0
21943,50,119,2.38,2601,Active/Regular Products,Zone B,25.0,130100,60,35.0,25.0
20622,51,185,3.627450980392157,2546,Active/Regular Products,Zone B,25.0,129897,60,35.0,25.0
21379,50,178,3.56,2595,Active/Regular Products,Zone B,25.0,129800,60,35.0,25.0
20903,56,82,1.4642857142857142,2313,Active/Regular Products,Zone B,25.0,129584,60,35.0,25.0
23517,63,334,5.301587301587301,2053,Active/Regular Products,Zone B,25.0,129402,60,35.0,25.0
84086C,53,218,4.113207547169812,2440,Active/Regular Products,Zone B,25.0,129373,60,35.0,25.0
84849A,53,180,3.39622641509434,2433,Active/Regular Products,Zone B,25.0,129002,60,35.0,25.0
23432,74,1276,17.243243243243242,1742,Active/Regular Products,Zone B,25.0,128982,60,35.0,25.0
22316,55,660,12.0,2341,Active/Regular Products,Zone B,25.0,128810,60,35.0,25.0
22410,58,237,4.086206896551724,2211,Active/Regular Products,Zone B,25.0,128296,60,35.0,25.0
85130B,62,834,13.451612903225806,2066,Active/Regular Products,Zone B,25.0,128154,60,35.0,25.0
85111,57,1409,24.29310344827586,2245,Active/Regular Products,Zone B,25.0,128022,60,35.0,25.0
22254,61,657,10.770491803278688,2087,Active/Regular Products,Zone B,25.0,127368,60,35.0,25.0
22543,55,1453,26.418181818181814,2310,Active/Regular Products,Zone B,25.0,127105,60,35.0,25.0
23553,68,568,8.352941176470589,1868,Active/Regular Products,Zone B,25.0,127092,60,35.0,25.0
20654,49,152,3.04,2591,Active/Regular Products,Zone B,25.0,127008,60,35.0,25.0
20700,54,73,1.351851851851852,2350,Active/Regular Products,Zone B,25.0,126954,60,35.0,25.0
22313,65,565,8.432835820895523,1949,Active/Regular Products,Zone B,25.0,126750,60,35.0,25.0
84509C,51,130,2.549019607843137,2481,Active/Regular Products,Zone B,25.0,126582,60,35.0,25.0
20838,57,385,6.754385964912281,2216,Active/Regular Products,Zone B,25.0,126369,60,35.0,25.0
20802,63,739,11.73015873015873,2000,Active/Regular Products,Zone B,25.0,126063,60,35.0,25.0
35651,58,451,7.6440677966101696,2172,Active/Regular Products,Zone B,25.0,126034,60,35.0,25.0
84993A,55,343,6.236363636363636,2289,Active/Regular Products,Zone B,25.0,125950,60,35.0,25.0
85088,51,259,4.980769230769231,2458,Active/Regular Products,Zone B,25.0,125409,60,35.0,25.0
21397,65,1075,16.53846153846154,1928,Active/Regular Products,Zone B,25.0,125385,60,35.0,25.0
23509,65,1062,16.09090909090909,1926,Active/Regular Products,Zone B,25.0,125255,60,35.0,25.0
35954,54,1245,22.63636363636364,2318,Active/Regular Products,Zone B,25.0,125226,60,35.0,25.0
85130D,62,565,8.968253968253968,2011,Active/Regular Products,Zone B,25.0,124744,60,35.0,25.0
84251B,53,245,4.622641509433962,2352,Active/Regular Products,Zone B,25.0,124709,60,35.0,25.0
84968D,55,157,2.8545454545454545,2265,Active/Regular Products,Zone B,25.0,124630,60,35.0,25.0
47591B,56,209,3.732142857142857,2222,Active/Regular Products,Zone B,25.0,124488,60,35.0,25.0
22106,47,349,7.425531914893617,2641,Active/Regular Products,Zone B,25.0,124174,60,35.0,25.0
22444,57,838,14.701754385964913,2170,Active/Regular Products,Zone B,25.0,123747,60,35.0,25.0
35653,52,150,2.8846153846153846,2376,Active/Regular Products,Zone B,25.0,123604,60,35.0,25.0
21398,63,1532,24.31746031746032,1957,Active/Regular Products,Zone B,25.0,123354,60,35.0,25.0
21688,57,348,6.105263157894737,2163,Active/Regular Products,Zone B,25.0,123348,60,35.0,25.0
21106,53,237,4.388888888888889,2325,Active/Regular Products,Zone B,25.0,123278,60,35.0,25.0
22073,69,334,4.704225352112676,1784,Active/Regular Products,Zone B,25.0,123165,60,35.0,25.0
40001,56,821,14.660714285714286,2184,Active/Regular Products,Zone B,25.0,122360,60,35.0,25.0
85169D,50,351,7.02,2437,Active/Regular Products,Zone B,25.0,121900,60,35.0,25.0
84931A,51,133,2.607843137254902,2387,Active/Regular Products,Zone B,25.0,121788,60,35.0,25.0
85131C,50,193,3.86,2433,Active/Regular Products,Zone B,25.0,121700,60,35.0,25.0
22288,58,474,7.645161290322581,2096,Active/Regular Products,Zone B,25.0,121626,60,35.0,25.0
23425,56,275,4.910714285714286,2165,Active/Regular Products,Zone B,25.0,121296,60,35.0,25.0
90134,45,54,1.2,2694,Active/Regular Products,Zone B,25.0,121275,60,35.0,25.0
20762,56,106,1.8928571428571428,2164,Active/Regular Products,Zone B,25.0,121240,60,35.0,25.0
35809A,62,420,6.666666666666667,1944,Active/Regular Products,Zone B,25.0,120590,60,35.0,25.0
79030G,67,1403,20.94029850746269,1791,Active/Regular Products,Zone B,25.0,120064,60,35.0,25.0
84559B,55,237,4.232142857142857,2176,Active/Regular Products,Zone B,25.0,119735,60,35.0,25.0
85095,48,150,3.125,2478,Active/Regular Products,Zone B,25.0,118992,60,35.0,25.0
22252,67,643,9.318840579710145,1771,Active/Regular Products,Zone B,25.0,118724,60,35.0,25.0
85036A,60,211,3.296875,1976,Active/Regular Products,Zone B,25.0,118620,60,35.0,25.0
20768,55,176,3.2,2152,Active/Regular Products,Zone B,25.0,118415,60,35.0,25.0
22409,57,228,4.0,2068,Active/Regular Products,Zone B,25.0,117933,60,35.0,25.0
21366,46,89,1.893617021276596,2561,Active/Regular Products,Zone B,25.0,117852,60,35.0,25.0
47594B,56,170,3.0357142857142856,2101,Active/Regular Products,Zone B,25.0,117712,60,35.0,25.0
21066,54,702,13.0,2175,Active/Regular Products,Zone B,25.0,117504,60,35.0,25.0
22638,52,300,5.769230769230769,2255,Active/Regular Products,Zone B,25.0,117312,60,35.0,25.0
90198A,44,75,1.7045454545454546,2650,Active/Regular Products,Zone B,25.0,116644,60,35.0,25.0
21698,45,296,6.5777777777777775,2586,Active/Regular Products,Zone B,25.0,116415,60,35.0,25.0
20765,59,102,1.728813559322034,1971,Active/Regular Products,Zone B,25.0,116348,60,35.0,25.0
79190D,47,265,5.638297872340425,2474,Active/Regular Products,Zone B,25.0,116325,60,35.0,25.0
90200B,47,93,1.9787234042553192,2470,Active/Regular Products,Zone B,25.0,116137,60,35.0,25.0
72802A,63,323,5.046875,1837,Active/Regular Products,Zone B,25.0,115794,60,35.0,25.0
22936,50,279,5.365384615384615,2311,Active/Regular Products,Zone B,25.0,115600,60,35.0,25.0
21537,61,332,5.442622950819672,1883,Active/Regular Products,Zone B,25.0,114924,60,35.0,25.0
23695,57,741,13.0,2009,Active/Regular Products,Zone B,25.0,114570,60,35.0,25.0
85214,58,164,2.827586206896552,1974,Active/Regular Products,Zone B,25.0,114550,60,35.0,25.0
22281,63,131,2.0793650793650795,1817,Active/Regular Products,Zone B,25.0,114534,60,35.0,25.0
90116,45,64,1.4222222222222225,2543,Active/Regular Products,Zone B,25.0,114480,60,35.0,25.0
21725,50,301,6.02,2288,Active/Regular Products,Zone B,25.0,114450,60,35.0,25.0
22687,52,590,11.346153846153848,2199,Active/Regular Products,Zone B,25.0,114400,60,35.0,25.0
46118,46,232,5.043478260869565,2484,Active/Regular Products,Zone B,25.0,114310,60,35.0,25.0
21683,58,310,5.344827586206897,1968,Active/Regular Products,Zone B,25.0,114202,60,35.0,25.0
23026,62,556,8.6875,1838,Active/Regular Products,Zone B,25.0,114018,60,35.0,25.0
35915C,60,315,5.25,1899,Active/Regular Products,Zone B,25.0,114000,60,35.0,25.0
23113,57,1154,20.24561403508772,1999,Active/Regular Products,Zone B,25.0,114000,60,35.0,25.0
22788,60,220,3.6666666666666665,1897,Active/Regular Products,Zone B,25.0,113880,60,35.0,25.0
85127,51,187,3.5961538461538463,2230,Active/Regular Products,Zone B,25.0,113781,60,35.0,25.0
22777,58,352,6.068965517241379,1950,Active/Regular Products,Zone B,25.0,113158,60,35.0,25.0
23413,58,173,2.9827586206896552,1941,Active/Regular Products,Zone B,25.0,112636,60,35.0,25.0
84920,48,115,2.395833333333333,2343,Active/Regular Products,Zone B,25.0,112512,60,35.0,25.0
22643,48,238,4.958333333333333,2335,Active/Regular Products,Zone B,25.0,112128,60,35.0,25.0
90200E,44,103,2.340909090909091,2544,Active/Regular Products,Zone B,25.0,111980,60,35.0,25.0
21641,49,1153,23.53061224489796,2278,Active/Regular Products,Zone B,25.0,111671,60,35.0,25.0
84931B,49,177,3.612244897959184,2277,Active/Regular Products,Zone B,25.0,111622,60,35.0,25.0
21579,50,176,3.52,2216,Active/Regular Products,Zone B,25.0,110850,60,35.0,25.0
85136A,53,71,1.3148148148148149,2086,Active/Regular Products,Zone B,25.0,110611,60,35.0,25.0
23179,53,324,6.113207547169812,2084,Active/Regular Products,Zone B,25.0,110505,60,35.0,25.0
21747,54,485,8.981481481481481,2040,Active/Regular Products,Zone B,25.0,110214,60,35.0,25.0
21817,58,906,14.852459016393444,1893,Active/Regular Products,Zone B,25.0,109852,60,35.0,25.0
71270,49,236,4.72,2229,Active/Regular Products,Zone B,25.0,109270,60,35.0,25.0
21654,59,974,16.233333333333334,1838,Active/Regular Products,Zone B,25.0,108501,60,35.0,25.0
23074,48,246,5.125,2258,Active/Regular Products,Zone B,25.0,108432,60,35.0,25.0
21289,49,567,11.571428571428571,2205,Active/Regular Products,Zone B,25.0,108094,60,35.0,25.0
21051,51,192,3.764705882352941,2118,Active/Regular Products,Zone B,25.0,108069,60,35.0,25.0
21003,46,78,1.6956521739130437,2337,Active/Regular Products,Zone B,25.0,107548,60,35.0,25.0
23140,52,182,3.5,2050,Active/Regular Products,Zone B,25.0,106652,60,35.0,25.0
47594A,50,108,2.16,2130,Active/Regular Products,Zone B,25.0,106550,60,35.0,25.0
21291,52,943,18.134615384615383,2048,Active/Regular Products,Zone B,25.0,106548,60,35.0,25.0
84707A,45,95,2.111111111111111,2365,Active/Regular Products,Zone B,25.0,106470,60,35.0,25.0
22642,51,269,5.075471698113208,2085,Active/Regular Products,Zone B,25.0,106386,60,35.0,25.0
21743,49,299,6.1020408163265305,2169,Active/Regular Products,Zone B,25.0,106330,60,35.0,25.0
23411,56,227,3.982456140350877,1897,Active/Regular Products,Zone B,25.0,106288,60,35.0,25.0
21808,48,180,3.75,2201,Active/Regular Products,Zone B,25.0,105696,60,35.0,25.0
23554,57,422,7.403508771929824,1843,Active/Regular Products,Zone B,25.0,105108,60,35.0,25.0
23512,57,500,8.771929824561404,1842,Active/Regular Products,Zone B,25.0,105051,60,35.0,25.0
23418,79,557,7.050632911392405,2200,Active/Regular Products,Zone B,25.0,173879,60,35.0,25.0
85208,48,223,4.645833333333333,2166,Active/Regular Products,Zone B,25.0,104016,60,35.0,25.0
21365,52,363,6.722222222222222,1991,Active/Regular Products,Zone B,25.0,103584,60,35.0,25.0
22447,45,137,3.0444444444444443,2292,Active/Regular Products,Zone B,25.0,103185,60,35.0,25.0
23180,49,122,2.489795918367347,2100,Active/Regular Products,Zone B,25.0,102949,60,35.0,25.0
23568,48,630,13.125,2139,Active/Regular Products,Zone B,25.0,102720,60,35.0,25.0
16168M,41,371,9.048780487804878,2504,Active/Regular Products,Zone B,25.0,102705,60,35.0,25.0
21684,47,771,16.404255319148938,2179,Active/Regular Products,Zone B,25.0,102460,60,35.0,25.0
23528,50,479,9.58,2047,Active/Regular Products,Zone B,25.0,102400,60,35.0,25.0
20868,46,458,9.956521739130435,2225,Active/Regular Products,Zone B,25.0,102396,60,35.0,25.0
85180B,48,271,5.645833333333333,2132,Active/Regular Products,Zone B,25.0,102384,60,35.0,25.0
85086A,50,146,2.92,2045,Active/Regular Products,Zone B,25.0,102300,60,35.0,25.0
22461,53,239,4.509433962264151,1924,Active/Regular Products,Zone B,25.0,102025,60,35.0,25.0
22305,51,693,13.588235294117649,1992,Active/Regular Products,Zone B,25.0,101643,60,35.0,25.0
23422,47,213,4.531914893617022,2160,Active/Regular Products,Zone B,25.0,101567,60,35.0,25.0
23525,53,582,10.9811320754717,1913,Active/Regular Products,Zone B,25.0,101442,60,35.0,25.0
21377,41,121,2.951219512195122,2471,Active/Regular Products,Zone B,25.0,101352,60,35.0,25.0
85169C,46,429,9.326086956521738,2196,Active/Regular Products,Zone B,25.0,101062,60,35.0,25.0
23451,52,277,5.226415094339623,1938,Active/Regular Products,Zone B,25.0,100828,60,35.0,25.0
22221,51,131,2.5686274509803924,1968,Active/Regular Products,Zone B,25.0,100419,60,35.0,25.0
21261,45,187,4.155555555555556,2230,Active/Regular Products,Zone B,25.0,100395,60,35.0,25.0
21710,45,107,2.3777777777777778,2222,Active/Regular Products,Zone B,25.0,100035,60,35.0,25.0
47367B,43,112,2.604651162790698,2317,Active/Regular Products,Zone B,25.0,99674,60,35.0,25.0
90214S,41,94,2.292682926829268,2429,Active/Regular Products,Zone B,25.0,99630,60,35.0,25.0
84247E,48,140,2.9166666666666665,2071,Active/Regular Products,Zone B,25.0,99456,60,35.0,25.0
20617,43,93,2.1627906976744184,2307,Active/Regular Products,Zone B,25.0,99244,60,35.0,25.0
21415,46,219,4.760869565217392,2154,Active/Regular Products,Zone B,25.0,99130,60,35.0,25.0
22882,42,108,2.571428571428572,2339,Active/Regular Products,Zone B,25.0,98280,60,35.0,25.0
18098C,49,213,4.176470588235294,1987,Active/Regular Products,Zone B,25.0,97412,60,35.0,25.0
21188,50,326,6.392156862745098,1944,Active/Regular Products,Zone B,25.0,97250,60,35.0,25.0
21627,47,63,1.3404255319148937,2059,Active/Regular Products,Zone B,25.0,96820,60,35.0,25.0
90208,37,53,1.4324324324324325,2612,Active/Regular Products,Zone B,25.0,96681,60,35.0,25.0
47578A,45,213,4.630434782608695,2147,Active/Regular Products,Zone B,25.0,96660,60,35.0,25.0
22451,51,222,4.352941176470588,1894,Active/Regular Products,Zone B,25.0,96645,60,35.0,25.0
23473,51,678,13.294117647058824,1892,Active/Regular Products,Zone B,25.0,96543,60,35.0,25.0
90214J,41,71,1.7317073170731707,2351,Active/Regular Products,Zone B,25.0,96432,60,35.0,25.0
21187,48,369,7.530612244897959,2007,Active/Regular Products,Zone B,25.0,96384,60,35.0,25.0
21693,50,361,7.22,1922,Active/Regular Products,Zone B,25.0,96150,60,35.0,25.0
22448,45,201,4.466666666666667,2132,Active/Regular Products,Zone B,25.0,95985,60,35.0,25.0
84674,47,193,4.020833333333333,2041,Active/Regular Products,Zone B,25.0,95974,60,35.0,25.0
21251,46,182,3.9565217391304346,2084,Active/Regular Products,Zone B,25.0,95910,60,35.0,25.0
23521,44,413,9.386363636363637,2174,Active/Regular Products,Zone B,25.0,95700,60,35.0,25.0
90018A,37,46,1.2432432432432432,2581,Active/Regular Products,Zone B,25.0,95534,60,35.0,25.0
23150,49,148,3.020408163265306,1946,Active/Regular Products,Zone B,25.0,95403,60,35.0,25.0
84660C,45,661,14.688888888888888,2107,Active/Regular Products,Zone B,25.0,94860,60,35.0,25.0
22702,49,1363,27.816326530612244,1933,Active/Regular Products,Zone B,25.0,94766,60,35.0,25.0
22869,44,96,2.1818181818181817,2148,Active/Regular Products,Zone B,25.0,94556,60,35.0,25.0
21284,42,403,9.595238095238097,2247,Active/Regular Products,Zone B,25.0,94416,60,35.0,25.0
90161B,37,76,2.054054054054054,2549,Active/Regular Products,Zone B,25.0,94350,60,35.0,25.0
35598D,42,684,16.285714285714285,2245,Active/Regular Products,Zone B,25.0,94332,60,35.0,25.0
22256,50,286,5.607843137254902,1877,Active/Regular Products,Zone B,25.0,93900,60,35.0,25.0
90170,37,85,2.2972972972972974,2527,Active/Regular Products,Zone B,25.0,93536,60,35.0,25.0
17084P,39,423,10.846153846153848,2388,Active/Regular Products,Zone B,25.0,93171,60,35.0,25.0
22389,45,338,7.511111111111111,2054,Active/Regular Products,Zone B,25.0,92475,60,35.0,25.0
21656,47,219,4.659574468085107,1964,Active/Regular Products,Zone B,25.0,92355,60,35.0,25.0
46776E,38,67,1.763157894736842,2401,Active/Regular Products,Zone B,25.0,91276,60,35.0,25.0
23086,47,1225,26.06382978723404,1937,Active/Regular Products,Zone B,25.0,91086,60,35.0,25.0
21633,42,125,2.9761904761904763,2164,Active/Regular Products,Zone B,25.0,90930,60,35.0,25.0
21367,43,171,3.976744186046512,2112,Active/Regular Products,Zone B,25.0,90859,60,35.0,25.0
47471,39,290,7.435897435897436,2328,Active/Regular Products,Zone B,25.0,90831,60,35.0,25.0
21264,48,283,5.895833333333333,1890,Active/Regular Products,Zone B,25.0,90768,60,35.0,25.0
46776D,37,89,2.4054054054054053,2445,Active/Regular Products,Zone B,25.0,90502,60,35.0,25.0
16045,68,8900,128.9855072463768,1328,Active/Regular Products,Zone B,25.0,90372,60,35.0,25.0
79030D,47,581,12.361702127659576,1915,Active/Regular Products,Zone B,25.0,90052,60,35.0,25.0
21629,42,71,1.6904761904761905,2142,Active/Regular Products,Zone B,25.0,90006,60,35.0,25.0
72819,43,225,5.232558139534884,2088,Active/Regular Products,Zone B,25.0,89827,60,35.0,25.0
21722,36,98,2.7222222222222223,2494,Active/Regular Products,Zone B,25.0,89820,60,35.0,25.0
23124,43,567,13.186046511627907,2073,Active/Regular Products,Zone B,25.0,89182,60,35.0,25.0
85179C,36,106,2.9444444444444446,2475,Active/Regular Products,Zone B,25.0,89136,60,35.0,25.0
18094C,42,192,4.571428571428571,2099,Active/Regular Products,Zone B,25.0,88200,60,35.0,25.0
35957,41,688,16.78048780487805,2148,Active/Regular Products,Zone B,25.0,88109,60,35.0,25.0
23272,44,364,8.272727272727273,1999,Active/Regular Products,Zone B,25.0,88000,60,35.0,25.0
22538,40,402,10.05,2199,Active/Regular Products,Zone B,25.0,88000,60,35.0,25.0
84843,48,172,3.510204081632653,1831,Active/Regular Products,Zone B,25.0,87936,60,35.0,25.0
21285,43,365,8.488372093023257,2040,Active/Regular Products,Zone B,25.0,87763,60,35.0,25.0
85124B,39,93,2.3846153846153846,2246,Active/Regular Products,Zone B,25.0,87633,60,35.0,25.0
84968E,44,132,3.0,1987,Active/Regular Products,Zone B,25.0,87472,60,35.0,25.0
71143,37,178,4.8108108108108105,2362,Active/Regular Products,Zone B,25.0,87431,60,35.0,25.0
85170B,39,215,5.512820512820513,2233,Active/Regular Products,Zone B,25.0,87126,60,35.0,25.0
20699,41,97,2.365853658536585,2121,Active/Regular Products,Zone B,25.0,87002,60,35.0,25.0
90161D,34,64,1.8823529411764703,2557,Active/Regular Products,Zone B,25.0,86972,60,35.0,25.0
85135B,45,65,1.4130434782608696,1931,Active/Regular Products,Zone B,25.0,86940,60,35.0,25.0
22647,45,732,16.266666666666666,1930,Active/Regular Products,Zone B,25.0,86895,60,35.0,25.0
90214K,38,78,2.0526315789473686,2280,Active/Regular Products,Zone B,25.0,86678,60,35.0,25.0
90158,35,45,1.2857142857142858,2469,Active/Regular Products,Zone B,25.0,86450,60,35.0,25.0
20771,40,102,2.55,2151,Active/Regular Products,Zone B,25.0,86080,60,35.0,25.0
23070,44,160,3.636363636363636,1949,Active/Regular Products,Zone B,25.0,85800,60,35.0,25.0
85168B,35,51,1.457142857142857,2444,Active/Regular Products,Zone B,25.0,85575,60,35.0,25.0
22042,39,399,10.23076923076923,2187,Active/Regular Products,Zone B,25.0,85332,60,35.0,25.0
23694,41,376,9.170731707317072,2070,Active/Regular Products,Zone B,25.0,84911,60,35.0,25.0
84796A,43,61,1.4186046511627908,1972,Active/Regular Products,Zone B,25.0,84839,60,35.0,25.0
85025B,38,329,8.657894736842104,2224,Active/Regular Products,Zone B,25.0,84550,60,35.0,25.0
22259,44,481,10.688888888888888,1914,Active/Regular Products,Zone B,25.0,84260,60,35.0,25.0
23495,41,225,5.487804878048781,2051,Active/Regular Products,Zone B,25.0,84132,60,35.0,25.0
35649,35,57,1.5833333333333333,2395,Active/Regular Products,Zone B,25.0,83860,60,35.0,25.0
21027,42,167,3.883720930232558,1992,Active/Regular Products,Zone B,25.0,83706,60,35.0,25.0
90071,33,44,1.3333333333333333,2524,Active/Regular Products,Zone B,25.0,83325,60,35.0,25.0
20774,44,86,1.9111111111111112,1888,Active/Regular Products,Zone B,25.0,83116,60,35.0,25.0
84673A,43,92,2.090909090909091,1931,Active/Regular Products,Zone B,25.0,83076,60,35.0,25.0
21306,44,494,11.227272727272728,1884,Active/Regular Products,Zone B,25.0,82940,60,35.0,25.0
22870,39,93,2.325,2124,Active/Regular Products,Zone B,25.0,82875,60,35.0,25.0
90214L,37,94,2.5405405405405403,2230,Active/Regular Products,Zone B,25.0,82547,60,35.0,25.0
84625A,42,478,11.38095238095238,1962,Active/Regular Products,Zone B,25.0,82446,60,35.0,25.0
46775D,39,60,1.5384615384615383,2113,Active/Regular Products,Zone B,25.0,82446,60,35.0,25.0
23218,40,379,9.475,2056,Active/Regular Products,Zone B,25.0,82280,60,35.0,25.0
21638,40,247,6.175,2039,Active/Regular Products,Zone B,25.0,81600,60,35.0,25.0
23216,44,525,11.666666666666666,1849,Active/Regular Products,Zone B,25.0,81400,60,35.0,25.0
84313C,43,504,11.72093023255814,1886,Active/Regular Products,Zone B,25.0,81141,60,35.0,25.0
21128,36,68,1.8888888888888888,2246,Active/Regular Products,Zone B,25.0,80892,60,35.0,25.0
22641,37,139,3.756756756756757,2185,Active/Regular Products,Zone B,25.0,80882,60,35.0,25.0
84251C,40,127,3.175,2020,Active/Regular Products,Zone B,25.0,80840,60,35.0,25.0
90119,36,83,2.305555555555556,2241,Active/Regular Products,Zone B,25.0,80712,60,35.0,25.0
21741,40,147,3.675,2015,Active/Regular Products,Zone B,25.0,80640,60,35.0,25.0
90013A,32,52,1.625,2505,Active/Regular Products,Zone B,25.0,80192,60,35.0,25.0
16216,45,3333,74.06666666666666,1772,Active/Regular Products,Zone B,25.0,79785,60,35.0,25.0
21263,42,167,3.883720930232558,1893,Active/Regular Products,Zone B,25.0,79548,60,35.0,25.0
20997,34,59,1.7352941176470589,2337,Active/Regular Products,Zone B,25.0,79492,60,35.0,25.0
84813,38,166,4.368421052631579,2090,Active/Regular Products,Zone B,25.0,79458,60,35.0,25.0
23660,42,306,7.285714285714286,1889,Active/Regular Products,Zone B,25.0,79380,60,35.0,25.0
21378,34,142,4.176470588235294,2330,Active/Regular Products,Zone B,25.0,79254,60,35.0,25.0
71279,38,175,4.487179487179487,2083,Active/Regular Products,Zone B,25.0,79192,60,35.0,25.0
85163B,36,84,2.333333333333333,2186,Active/Regular Products,Zone B,25.0,78732,60,35.0,25.0
90013B,31,36,1.1612903225806452,2528,Active/Regular Products,Zone B,25.0,78399,60,35.0,25.0
20854,41,242,5.902439024390244,1911,Active/Regular Products,Zone B,25.0,78392,60,35.0,25.0
22257,42,373,8.477272727272727,1851,Active/Regular Products,Zone B,25.0,77784,60,35.0,25.0
23567,37,211,5.552631578947368,2100,Active/Regular Products,Zone B,25.0,77737,60,35.0,25.0
90130B,31,39,1.2580645161290325,2506,Active/Regular Products,Zone B,25.0,77717,60,35.0,25.0
20653,33,73,2.212121212121212,2340,Active/Regular Products,Zone B,25.0,77253,60,35.0,25.0
22395,33,152,4.606060606060606,2330,Active/Regular Products,Zone B,25.0,76923,60,35.0,25.0
90214C,33,91,2.757575757575758,2324,Active/Regular Products,Zone B,25.0,76725,60,35.0,25.0
85025C,39,321,8.025,1948,Active/Regular Products,Zone B,25.0,76011,60,35.0,25.0
90209C,31,263,8.483870967741936,2450,Active/Regular Products,Zone B,25.0,75981,60,35.0,25.0
22541,35,503,14.371428571428572,2169,Active/Regular Products,Zone B,25.0,75950,60,35.0,25.0
23125,38,459,12.078947368421051,1984,Active/Regular Products,Zone B,25.0,75430,60,35.0,25.0
20932,35,204,5.828571428571428,2150,Active/Regular Products,Zone B,25.0,75285,60,35.0,25.0
22884,36,99,2.75,2086,Active/Regular Products,Zone B,25.0,75132,60,35.0,25.0
22954,40,197,4.925,1876,Active/Regular Products,Zone B,25.0,75080,60,35.0,25.0
84313B,39,127,3.2564102564102564,1922,Active/Regular Products,Zone B,25.0,74997,60,35.0,25.0
84341B,40,645,15.731707317073171,1871,Active/Regular Products,Zone B,25.0,74880,60,35.0,25.0
90206C,31,45,1.4516129032258065,2409,Active/Regular Products,Zone B,25.0,74710,60,35.0,25.0
90201D,31,77,2.4838709677419355,2405,Active/Regular Products,Zone B,25.0,74586,60,35.0,25.0
22105,33,574,17.393939393939394,2255,Active/Regular Products,Zone B,25.0,74448,60,35.0,25.0
21678,32,125,3.90625,2316,Active/Regular Products,Zone B,25.0,74144,60,35.0,25.0
21711,36,104,2.888888888888889,2056,Active/Regular Products,Zone B,25.0,74052,60,35.0,25.0
85124C,39,94,2.41025641025641,1895,Active/Regular Products,Zone B,25.0,73944,60,35.0,25.0
22889,33,169,5.121212121212121,2236,Active/Regular Products,Zone B,25.0,73821,60,35.0,25.0
22184,35,56,1.6,2095,Active/Regular Products,Zone B,25.0,73360,60,35.0,25.0
20830,37,136,3.675675675675676,1981,Active/Regular Products,Zone B,25.0,73334,60,35.0,25.0
21847,33,76,2.303030303030303,2218,Active/Regular Products,Zone B,25.0,73227,60,35.0,25.0
21758,32,50,1.5625,2270,Active/Regular Products,Zone B,25.0,72672,60,35.0,25.0
21518,38,318,8.368421052631579,1909,Active/Regular Products,Zone B,25.0,72580,60,35.0,25.0
17038,34,1525,44.85294117647059,2122,Active/Regular Products,Zone B,25.0,72182,60,35.0,25.0
20661,33,44,1.3333333333333333,2181,Active/Regular Products,Zone B,25.0,72006,60,35.0,25.0
22883,32,100,3.125,2230,Active/Regular Products,Zone B,25.0,71392,60,35.0,25.0
21628,33,63,1.9090909090909087,2160,Active/Regular Products,Zone B,25.0,71313,60,35.0,25.0
84859A,35,129,3.583333333333333,2036,Active/Regular Products,Zone B,25.0,71295,60,35.0,25.0
90013C,28,39,1.3928571428571428,2530,Active/Regular Products,Zone B,25.0,70868,60,35.0,25.0
22390,36,266,7.388888888888889,1962,Active/Regular Products,Zone B,25.0,70668,60,35.0,25.0
23474,37,312,8.210526315789474,1908,Active/Regular Products,Zone B,25.0,70633,60,35.0,25.0
20936,34,100,2.9411764705882355,2074,Active/Regular Products,Zone B,25.0,70550,60,35.0,25.0
90214D,32,68,2.125,2200,Active/Regular Products,Zone B,25.0,70432,60,35.0,25.0
85019B,36,512,14.22222222222222,1954,Active/Regular Products,Zone B,25.0,70380,60,35.0,25.0
35599D,34,201,5.911764705882353,2063,Active/Regular Products,Zone B,25.0,70176,60,35.0,25.0
22881,34,102,3.0,2058,Active/Regular Products,Zone B,25.0,70006,60,35.0,25.0
90214H,30,48,1.6,2323,Active/Regular Products,Zone B,25.0,69720,60,35.0,25.0
20696,30,54,1.8,2323,Active/Regular Products,Zone B,25.0,69720,60,35.0,25.0
85136C,36,52,1.4444444444444444,1930,Active/Regular Products,Zone B,25.0,69516,60,35.0,25.0
22503,34,99,2.911764705882353,2043,Active/Regular Products,Zone B,25.0,69496,60,35.0,25.0
23529,37,637,17.216216216216218,1871,Active/Regular Products,Zone B,25.0,69264,60,35.0,25.0
84976,37,512,13.83783783783784,1870,Active/Regular Products,Zone B,25.0,69227,60,35.0,25.0
22878,33,75,2.272727272727273,2080,Active/Regular Products,Zone B,25.0,68673,60,35.0,25.0
21721,33,195,5.571428571428571,2058,Active/Regular Products,Zone B,25.0,67947,60,35.0,25.0
22289,34,148,4.228571428571429,1997,Active/Regular Products,Zone B,25.0,67932,60,35.0,25.0
84876B,33,218,6.411764705882353,2048,Active/Regular Products,Zone B,25.0,67617,60,35.0,25.0
20769,34,80,2.3529411764705883,1984,Active/Regular Products,Zone B,25.0,67490,60,35.0,25.0
85129B,31,119,3.838709677419355,2175,Active/Regular Products,Zone B,25.0,67456,60,35.0,25.0
90214E,30,72,2.4,2245,Active/Regular Products,Zone B,25.0,67380,60,35.0,25.0
21630,35,69,1.9714285714285715,1919,Active/Regular Products,Zone B,25.0,67200,60,35.0,25.0
21270,36,50,1.3888888888888888,1865,Active/Regular Products,Zone B,25.0,67176,60,35.0,25.0
35916B,32,91,2.84375,2090,Active/Regular Products,Zone B,25.0,66912,60,35.0,25.0
90059A,27,45,1.6666666666666667,2477,Active/Regular Products,Zone B,25.0,66906,60,35.0,25.0
22880,32,97,3.03125,2086,Active/Regular Products,Zone B,25.0,66784,60,35.0,25.0
23579,35,169,4.828571428571428,1894,Active/Regular Products,Zone B,25.0,66325,60,35.0,25.0
90197B,27,35,1.2962962962962965,2437,Active/Regular Products,Zone B,25.0,65826,60,35.0,25.0
84663A,34,272,8.0,1932,Active/Regular Products,Zone B,25.0,65722,60,35.0,25.0
71403,33,76,2.303030303030303,1989,Active/Regular Products,Zone B,25.0,65670,60,35.0,25.0
23484,35,185,5.138888888888889,1871,Active/Regular Products,Zone B,25.0,65520,60,35.0,25.0
21826,35,125,3.3783783783783785,1867,Active/Regular Products,Zone B,25.0,65380,60,35.0,25.0
84661B,29,115,3.9655172413793114,2246,Active/Regular Products,Zone B,25.0,65163,60,35.0,25.0
23697,35,456,12.666666666666666,1855,Active/Regular Products,Zone B,25.0,64960,60,35.0,25.0
23537,34,111,3.264705882352941,1902,Active/Regular Products,Zone B,25.0,64702,60,35.0,25.0
21286,30,273,9.1,2130,Active/Regular Products,Zone B,25.0,63930,60,35.0,25.0
23522,32,354,11.0625,1996,Active/Regular Products,Zone B,25.0,63904,60,35.0,25.0
90086,28,102,3.642857142857143,2281,Active/Regular Products,Zone B,25.0,63896,60,35.0,25.0
90115,31,54,1.7419354838709675,2051,Active/Regular Products,Zone B,25.0,63612,60,35.0,25.0
23661,33,219,6.441176470588236,1923,Active/Regular Products,Zone B,25.0,63492,60,35.0,25.0
21032,30,97,3.2333333333333334,2110,Active/Regular Products,Zone B,25.0,63330,60,35.0,25.0
85125,33,161,4.878787878787879,1911,Active/Regular Products,Zone B,25.0,63096,60,35.0,25.0
90214G,30,60,2.0,2077,Active/Regular Products,Zone B,25.0,62340,60,35.0,25.0
20657,33,73,2.212121212121212,1880,Active/Regular Products,Zone B,25.0,62073,60,35.0,25.0
90201A,28,69,2.4642857142857144,2196,Active/Regular Products,Zone B,25.0,61516,60,35.0,25.0
21815,29,158,5.266666666666667,2099,Active/Regular Products,Zone B,25.0,60900,60,35.0,25.0
21279,29,85,2.931034482758621,2084,Active/Regular Products,Zone B,25.0,60465,60,35.0,25.0
35916A,29,87,3.0,2049,Active/Regular Products,Zone B,25.0,59450,60,35.0,25.0
90192,25,42,1.68,2369,Active/Regular Products,Zone B,25.0,59250,60,35.0,25.0
22885,28,96,3.4285714285714284,2094,Active/Regular Products,Zone B,25.0,58660,60,35.0,25.0
90019A,27,38,1.4074074074074074,2155,Active/Regular Products,Zone B,25.0,58212,60,35.0,25.0
90003C,24,32,1.3333333333333333,2418,Active/Regular Products,Zone B,25.0,58056,60,35.0,25.0
20782,27,53,1.962962962962963,2147,Active/Regular Products,Zone B,25.0,57996,60,35.0,25.0
20869,29,180,6.0,1987,Active/Regular Products,Zone B,25.0,57652,60,35.0,25.0
18007,30,5884,189.80645161290323,1917,Active/Regular Products,Zone B,25.0,57540,60,35.0,25.0
20780,28,47,1.6206896551724137,2051,Active/Regular Products,Zone B,25.0,57456,60,35.0,25.0
22391,29,158,5.448275862068965,1972,Active/Regular Products,Zone B,25.0,57217,60,35.0,25.0
20794,27,99,3.5357142857142856,2115,Active/Regular Products,Zone B,25.0,57132,60,35.0,25.0
84952B,29,186,6.413793103448276,1969,Active/Regular Products,Zone B,25.0,57130,60,35.0,25.0
22408,29,145,5.0,1963,Active/Regular Products,Zone B,25.0,56956,60,35.0,25.0
20819,27,64,2.3703703703703702,2108,Active/Regular Products,Zone B,25.0,56943,60,35.0,25.0
90087,25,107,4.28,2269,Active/Regular Products,Zone B,25.0,56750,60,35.0,25.0
84249A,27,174,6.444444444444445,2051,Active/Regular Products,Zone B,25.0,55404,60,35.0,25.0
21197,27,284,10.51851851851852,2050,Active/Regular Products,Zone B,25.0,55377,60,35.0,25.0
90160C,26,54,2.076923076923077,2125,Active/Regular Products,Zone B,25.0,55276,60,35.0,25.0
90214M,28,60,2.142857142857143,1972,Active/Regular Products,Zone B,25.0,55244,60,35.0,25.0
90175A,25,27,1.08,2192,Active/Regular Products,Zone B,25.0,54825,60,35.0,25.0
21375,27,41,1.4642857142857142,1994,Active/Regular Products,Zone B,25.0,53865,60,35.0,25.0
21131,28,106,3.7857142857142856,1912,Active/Regular Products,Zone B,25.0,53564,60,35.0,25.0
90214N,24,41,1.7083333333333333,2230,Active/Regular Products,Zone B,25.0,53544,60,35.0,25.0
90201B,23,86,3.739130434782609,2316,Active/Regular Products,Zone B,25.0,53291,60,35.0,25.0
90096,26,45,1.7307692307692308,2040,Active/Regular Products,Zone B,25.0,53066,60,35.0,25.0
90183A,23,40,1.7391304347826086,2280,Active/Regular Products,Zone B,25.0,52463,60,35.0,25.0
84926F,28,430,15.357142857142858,1867,Active/Regular Products,Zone B,25.0,52304,60,35.0,25.0
21946,25,86,3.44,2087,Active/Regular Products,Zone B,25.0,52200,60,35.0,25.0
90062,26,44,1.6923076923076923,1975,Active/Regular Products,Zone B,25.0,51376,60,35.0,25.0
90200C,26,50,1.851851851851852,1944,Active/Regular Products,Zone B,25.0,50570,60,35.0,25.0
84952A,26,92,3.5384615384615383,1929,Active/Regular Products,Zone B,25.0,50180,60,35.0,25.0
90214R,25,41,1.64,2004,Active/Regular Products,Zone B,25.0,50125,60,35.0,25.0
84915,23,217,9.434782608695652,2128,Active/Regular Products,Zone B,25.0,48967,60,35.0,25.0
22486,25,71,2.84,1930,Active/Regular Products,Zone B,25.0,48275,60,35.0,25.0
90030B,25,122,4.88,1922,Active/Regular Products,Zone B,25.0,48075,60,35.0,25.0
90120C,22,51,2.3181818181818183,2181,Active/Regular Products,Zone B,25.0,48004,60,35.0,25.0
47369B,22,35,1.5909090909090908,2152,Active/Regular Products,Zone B,25.0,47366,60,35.0,25.0
90174,21,38,1.809523809523809,2249,Active/Regular Products,Zone B,25.0,47250,60,35.0,25.0
20897,24,107,4.458333333333333,1937,Active/Regular Products,Zone B,25.0,46512,60,35.0,25.0
90161A,21,24,1.1428571428571428,2201,Active/Regular Products,Zone B,25.0,46242,60,35.0,25.0
84509E,23,91,3.9565217391304346,1961,Active/Regular Products,Zone B,25.0,45126,60,35.0,25.0
90147,23,32,1.391304347826087,1898,Active/Regular Products,Zone B,25.0,43677,60,35.0,25.0
90022,20,24,1.2,2175,Active/Regular Products,Zone B,25.0,43520,60,35.0,25.0
90201C,21,63,3.0,2058,Active/Regular Products,Zone B,25.0,43239,60,35.0,25.0
35833P,22,49,2.227272727272727,1959,Active/Regular Products,Zone B,25.0,43120,60,35.0,25.0
90214B,22,37,1.681818181818182,1941,Active/Regular Products,Zone B,25.0,42724,60,35.0,25.0
90175D,20,23,1.15,2113,Active/Regular Products,Zone B,25.0,42280,60,35.0,25.0
90118,19,30,1.5789473684210529,2179,Active/Regular Products,Zone B,25.0,41420,60,35.0,25.0
90129B,20,57,2.85,2070,Active/Regular Products,Zone B,25.0,41420,60,35.0,25.0
90184B,21,33,1.5714285714285714,1963,Active/Regular Products,Zone B,25.0,41244,60,35.0,25.0
90059D,19,25,1.3157894736842106,2168,Active/Regular Products,Zone B,25.0,41211,60,35.0,25.0
90129A,20,45,2.25,2037,Active/Regular Products,Zone B,25.0,40760,60,35.0,25.0
90019B,18,18,1.0,2255,Active/Regular Products,Zone B,25.0,40608,60,35.0,25.0
20663,20,25,1.25,2024,Active/Regular Products,Zone B,25.0,40500,60,35.0,25.0
90165B,18,19,1.0555555555555556,2220,Active/Regular Products,Zone B,25.0,39978,60,35.0,25.0
47369A,20,33,1.65,1982,Active/Regular Products,Zone B,25.0,39660,60,35.0,25.0
90183B,17,21,1.2352941176470589,2329,Active/Regular Products,Zone B,25.0,39610,60,35.0,25.0
90190C,19,20,1.0526315789473684,2046,Active/Regular Products,Zone B,25.0,38893,60,35.0,25.0
90016B,19,22,1.1578947368421053,2027,Active/Regular Products,Zone B,25.0,38532,60,35.0,25.0
20662,20,31,1.55,1911,Active/Regular Products,Zone B,25.0,38240,60,35.0,25.0
90073,18,27,1.5,2108,Active/Regular Products,Zone B,25.0,37962,60,35.0,25.0
90101,17,39,2.294117647058824,2159,Active/Regular Products,Zone B,25.0,36720,60,35.0,25.0
90165A,15,16,1.0666666666666669,2020,Active/Regular Products,Zone B,25.0,30315,60,35.0,25.0
90164B,15,38,2.533333333333333,2004,Active/Regular Products,Zone B,25.0,30075,60,35.0,25.0
90072,14,21,1.5,2135,Active/Regular Products,Zone B,25.0,29904,60,35.0,25.0
90202C,14,20,1.4285714285714286,2118,Active/Regular Products,Zone B,25.0,29666,60,35.0,25.0
90166,15,21,1.4,1973,Active/Regular Products,Zone B,25.0,29610,60,35.0,25.0
90177C,14,26,1.8571428571428568,2087,Active/Regular Products,Zone B,25.0,29232,60,35.0,25.0
90003E,14,23,1.6428571428571428,2081,Active/Regular Products,Zone B,25.0,29148,60,35.0,25.0
90130C,13,14,1.0769230769230769,2202,Active/Regular Products,Zone B,25.0,28639,60,35.0,25.0
90177D,14,25,1.7857142857142858,2032,Active/Regular Products,Zone B,25.0,28462,60,35.0,25.0
90059F,14,21,1.5,1985,Active/Regular Products,Zone B,25.0,27804,60,35.0,25.0
90000D,14,21,1.5,1958,Active/Regular Products,Zone B,25.0,27426,60,35.0,25.0
90129E,14,42,3.0,1934,Active/Regular Products,Zone B,25.0,27090,60,35.0,25.0
90169,11,19,1.7272727272727273,2140,Active/Regular Products,Zone B,25.0,23551,60,35.0,25.0
90168,12,18,1.5,1922,Active/Regular Products,Zone B,25.0,23076,60,35.0,25.0
90202B,10,17,1.7,2004,Active/Regular Products,Zone B,25.0,20050,60,35.0,25.0
90182C,9,14,1.5555555555555556,1972,Active/Regular Products,Zone B,25.0,17757,60,35.0,25.0
90205A,16,31,1.9375,2109,Active/Regular Products,Zone B,25.0,33760,60,35.0,25.0
90198B,17,36,2.117647058823529,1963,Active/Regular Products,Zone B,25.0,33388,60,35.0,25.0
90173,17,32,1.8823529411764703,1961,Active/Regular Products,Zone B,25.0,33354,60,35.0,25.0
90103,16,29,1.8125,2054,Active/Regular Products,Zone B,25.0,32880,60,35.0,25.0
90059E,15,25,1.6666666666666667,2175,Active/Regular Products,Zone B,25.0,32640,60,35.0,25.0
90184C,17,21,1.2352941176470589,1910,Active/Regular Products,Zone B,25.0,32487,60,35.0,25.0
90181B,14,15,1.0714285714285714,2295,Active/Regular Products,Zone B,25.0,32144,60,35.0,25.0
90202A,15,22,1.4666666666666666,2114,Active/Regular Products,Zone B,25.0,31725,60,35.0,25.0
79191D,16,35,2.1875,1957,Active/Regular Products,Zone B,25.0,31328,60,35.0,25.0
90010E,16,25,1.5625,1950,Active/Regular Products,Zone B,25.0,31216,60,35.0,25.0
23626,16,43,2.6875,1945,Active/Regular Products,Zone B,25.0,31136,60,35.0,25.0
90120B,15,39,2.6,2069,Active/Regular Products,Zone B,25.0,31050,60,35.0,25.0
90081C,15,20,1.3333333333333333,2057,Active/Regular Products,Zone B,25.0,30870,60,35.0,25.0
90205C,15,29,1.9333333333333331,2033,Active/Regular Products,Zone B,25.0,30510,60,35.0,25.0
DOT,706,706,1.0,3274,Active/Regular Products,Zone B,25.0,2312150,60,35.0,25.0
22511,54,251,4.648148148148148,1937,Active/Regular Products,Zone B,25.0,104652,60,35.0,25.0
